"repeat_id","outer_seed","outer_fold","sample_id"
1,20260620,1,"GSM615106"
1,20260620,1,"GSM615109"
1,20260620,1,"GSM615112"
1,20260620,1,"GSM615113"
1,20260620,1,"GSM615114"
1,20260620,1,"GSM615121"
1,20260620,1,"GSM615122"
1,20260620,1,"GSM615124"
1,20260620,1,"GSM615128"
1,20260620,1,"GSM615130"
1,20260620,1,"GSM615135"
1,20260620,1,"GSM615139"
1,20260620,1,"GSM615140"
1,20260620,1,"GSM615156"
1,20260620,1,"GSM615168"
1,20260620,1,"GSM615171"
1,20260620,1,"GSM615173"
1,20260620,1,"GSM615180"
1,20260620,1,"GSM615192"
1,20260620,1,"GSM615202"
1,20260620,1,"GSM615204"
1,20260620,1,"GSM615207"
1,20260620,1,"GSM615210"
1,20260620,1,"GSM615211"
1,20260620,1,"GSM615214"
1,20260620,1,"GSM615219"
1,20260620,1,"GSM615222"
1,20260620,1,"GSM615226"
1,20260620,1,"GSM615227"
1,20260620,1,"GSM615228"
1,20260620,1,"GSM615229"
1,20260620,1,"GSM615243"
1,20260620,1,"GSM615252"
1,20260620,1,"GSM615257"
1,20260620,1,"GSM615258"
1,20260620,1,"GSM615264"
1,20260620,1,"GSM615270"
1,20260620,1,"GSM615274"
1,20260620,1,"GSM615275"
1,20260620,1,"GSM615291"
1,20260620,1,"GSM615298"
1,20260620,1,"GSM615299"
1,20260620,1,"GSM615308"
1,20260620,1,"GSM615309"
1,20260620,1,"GSM615317"
1,20260620,1,"GSM615320"
1,20260620,1,"GSM615321"
1,20260620,1,"GSM615323"
1,20260620,1,"GSM615324"
1,20260620,1,"GSM615340"
1,20260620,1,"GSM615342"
1,20260620,1,"GSM615344"
1,20260620,1,"GSM615353"
1,20260620,1,"GSM615354"
1,20260620,1,"GSM615358"
1,20260620,1,"GSM615367"
1,20260620,1,"GSM615368"
1,20260620,1,"GSM615372"
1,20260620,1,"GSM615385"
1,20260620,1,"GSM615388"
1,20260620,1,"GSM615390"
1,20260620,1,"GSM615400"
1,20260620,2,"GSM615096"
1,20260620,2,"GSM615099"
1,20260620,2,"GSM615104"
1,20260620,2,"GSM615115"
1,20260620,2,"GSM615116"
1,20260620,2,"GSM615117"
1,20260620,2,"GSM615123"
1,20260620,2,"GSM615131"
1,20260620,2,"GSM615147"
1,20260620,2,"GSM615150"
1,20260620,2,"GSM615157"
1,20260620,2,"GSM615160"
1,20260620,2,"GSM615164"
1,20260620,2,"GSM615169"
1,20260620,2,"GSM615174"
1,20260620,2,"GSM615178"
1,20260620,2,"GSM615191"
1,20260620,2,"GSM615194"
1,20260620,2,"GSM615196"
1,20260620,2,"GSM615197"
1,20260620,2,"GSM615199"
1,20260620,2,"GSM615206"
1,20260620,2,"GSM615208"
1,20260620,2,"GSM615220"
1,20260620,2,"GSM615224"
1,20260620,2,"GSM615231"
1,20260620,2,"GSM615232"
1,20260620,2,"GSM615233"
1,20260620,2,"GSM615235"
1,20260620,2,"GSM615239"
1,20260620,2,"GSM615241"
1,20260620,2,"GSM615245"
1,20260620,2,"GSM615251"
1,20260620,2,"GSM615255"
1,20260620,2,"GSM615259"
1,20260620,2,"GSM615260"
1,20260620,2,"GSM615268"
1,20260620,2,"GSM615271"
1,20260620,2,"GSM615272"
1,20260620,2,"GSM615280"
1,20260620,2,"GSM615287"
1,20260620,2,"GSM615288"
1,20260620,2,"GSM615302"
1,20260620,2,"GSM615307"
1,20260620,2,"GSM615312"
1,20260620,2,"GSM615319"
1,20260620,2,"GSM615325"
1,20260620,2,"GSM615335"
1,20260620,2,"GSM615337"
1,20260620,2,"GSM615350"
1,20260620,2,"GSM615351"
1,20260620,2,"GSM615362"
1,20260620,2,"GSM615363"
1,20260620,2,"GSM615365"
1,20260620,2,"GSM615366"
1,20260620,2,"GSM615371"
1,20260620,2,"GSM615379"
1,20260620,2,"GSM615380"
1,20260620,2,"GSM615383"
1,20260620,2,"GSM615387"
1,20260620,2,"GSM615396"
1,20260620,2,"GSM615398"
1,20260620,3,"GSM615097"
1,20260620,3,"GSM615107"
1,20260620,3,"GSM615108"
1,20260620,3,"GSM615129"
1,20260620,3,"GSM615132"
1,20260620,3,"GSM615138"
1,20260620,3,"GSM615148"
1,20260620,3,"GSM615151"
1,20260620,3,"GSM615152"
1,20260620,3,"GSM615155"
1,20260620,3,"GSM615166"
1,20260620,3,"GSM615170"
1,20260620,3,"GSM615175"
1,20260620,3,"GSM615179"
1,20260620,3,"GSM615187"
1,20260620,3,"GSM615195"
1,20260620,3,"GSM615198"
1,20260620,3,"GSM615203"
1,20260620,3,"GSM615212"
1,20260620,3,"GSM615213"
1,20260620,3,"GSM615215"
1,20260620,3,"GSM615216"
1,20260620,3,"GSM615225"
1,20260620,3,"GSM615234"
1,20260620,3,"GSM615240"
1,20260620,3,"GSM615242"
1,20260620,3,"GSM615247"
1,20260620,3,"GSM615256"
1,20260620,3,"GSM615263"
1,20260620,3,"GSM615266"
1,20260620,3,"GSM615269"
1,20260620,3,"GSM615273"
1,20260620,3,"GSM615277"
1,20260620,3,"GSM615278"
1,20260620,3,"GSM615289"
1,20260620,3,"GSM615292"
1,20260620,3,"GSM615294"
1,20260620,3,"GSM615295"
1,20260620,3,"GSM615303"
1,20260620,3,"GSM615310"
1,20260620,3,"GSM615311"
1,20260620,3,"GSM615316"
1,20260620,3,"GSM615322"
1,20260620,3,"GSM615328"
1,20260620,3,"GSM615332"
1,20260620,3,"GSM615339"
1,20260620,3,"GSM615341"
1,20260620,3,"GSM615347"
1,20260620,3,"GSM615352"
1,20260620,3,"GSM615356"
1,20260620,3,"GSM615357"
1,20260620,3,"GSM615360"
1,20260620,3,"GSM615364"
1,20260620,3,"GSM615375"
1,20260620,3,"GSM615376"
1,20260620,3,"GSM615378"
1,20260620,3,"GSM615384"
1,20260620,3,"GSM615386"
1,20260620,3,"GSM615403"
1,20260620,3,"GSM615404"
1,20260620,4,"GSM615098"
1,20260620,4,"GSM615102"
1,20260620,4,"GSM615110"
1,20260620,4,"GSM615120"
1,20260620,4,"GSM615126"
1,20260620,4,"GSM615133"
1,20260620,4,"GSM615136"
1,20260620,4,"GSM615137"
1,20260620,4,"GSM615143"
1,20260620,4,"GSM615144"
1,20260620,4,"GSM615149"
1,20260620,4,"GSM615153"
1,20260620,4,"GSM615154"
1,20260620,4,"GSM615158"
1,20260620,4,"GSM615162"
1,20260620,4,"GSM615167"
1,20260620,4,"GSM615172"
1,20260620,4,"GSM615176"
1,20260620,4,"GSM615177"
1,20260620,4,"GSM615181"
1,20260620,4,"GSM615182"
1,20260620,4,"GSM615183"
1,20260620,4,"GSM615188"
1,20260620,4,"GSM615209"
1,20260620,4,"GSM615218"
1,20260620,4,"GSM615221"
1,20260620,4,"GSM615230"
1,20260620,4,"GSM615236"
1,20260620,4,"GSM615238"
1,20260620,4,"GSM615248"
1,20260620,4,"GSM615250"
1,20260620,4,"GSM615253"
1,20260620,4,"GSM615254"
1,20260620,4,"GSM615261"
1,20260620,4,"GSM615265"
1,20260620,4,"GSM615267"
1,20260620,4,"GSM615276"
1,20260620,4,"GSM615279"
1,20260620,4,"GSM615282"
1,20260620,4,"GSM615283"
1,20260620,4,"GSM615285"
1,20260620,4,"GSM615286"
1,20260620,4,"GSM615305"
1,20260620,4,"GSM615314"
1,20260620,4,"GSM615329"
1,20260620,4,"GSM615330"
1,20260620,4,"GSM615334"
1,20260620,4,"GSM615336"
1,20260620,4,"GSM615345"
1,20260620,4,"GSM615349"
1,20260620,4,"GSM615359"
1,20260620,4,"GSM615369"
1,20260620,4,"GSM615373"
1,20260620,4,"GSM615381"
1,20260620,4,"GSM615382"
1,20260620,4,"GSM615389"
1,20260620,4,"GSM615392"
1,20260620,4,"GSM615397"
1,20260620,4,"GSM615401"
1,20260620,4,"GSM615402"
1,20260620,4,"GSM615405"
1,20260620,5,"GSM615100"
1,20260620,5,"GSM615101"
1,20260620,5,"GSM615103"
1,20260620,5,"GSM615111"
1,20260620,5,"GSM615125"
1,20260620,5,"GSM615127"
1,20260620,5,"GSM615134"
1,20260620,5,"GSM615141"
1,20260620,5,"GSM615142"
1,20260620,5,"GSM615145"
1,20260620,5,"GSM615146"
1,20260620,5,"GSM615159"
1,20260620,5,"GSM615161"
1,20260620,5,"GSM615165"
1,20260620,5,"GSM615184"
1,20260620,5,"GSM615185"
1,20260620,5,"GSM615186"
1,20260620,5,"GSM615189"
1,20260620,5,"GSM615190"
1,20260620,5,"GSM615193"
1,20260620,5,"GSM615200"
1,20260620,5,"GSM615201"
1,20260620,5,"GSM615205"
1,20260620,5,"GSM615217"
1,20260620,5,"GSM615223"
1,20260620,5,"GSM615237"
1,20260620,5,"GSM615244"
1,20260620,5,"GSM615246"
1,20260620,5,"GSM615249"
1,20260620,5,"GSM615262"
1,20260620,5,"GSM615281"
1,20260620,5,"GSM615284"
1,20260620,5,"GSM615290"
1,20260620,5,"GSM615293"
1,20260620,5,"GSM615296"
1,20260620,5,"GSM615297"
1,20260620,5,"GSM615300"
1,20260620,5,"GSM615301"
1,20260620,5,"GSM615304"
1,20260620,5,"GSM615306"
1,20260620,5,"GSM615313"
1,20260620,5,"GSM615315"
1,20260620,5,"GSM615318"
1,20260620,5,"GSM615326"
1,20260620,5,"GSM615327"
1,20260620,5,"GSM615331"
1,20260620,5,"GSM615333"
1,20260620,5,"GSM615338"
1,20260620,5,"GSM615343"
1,20260620,5,"GSM615346"
1,20260620,5,"GSM615348"
1,20260620,5,"GSM615355"
1,20260620,5,"GSM615361"
1,20260620,5,"GSM615370"
1,20260620,5,"GSM615374"
1,20260620,5,"GSM615377"
1,20260620,5,"GSM615391"
1,20260620,5,"GSM615393"
1,20260620,5,"GSM615394"
1,20260620,5,"GSM615395"
1,20260620,5,"GSM615399"
2,20260621,1,"GSM615097"
2,20260621,1,"GSM615098"
2,20260621,1,"GSM615101"
2,20260621,1,"GSM615104"
2,20260621,1,"GSM615106"
2,20260621,1,"GSM615112"
2,20260621,1,"GSM615121"
2,20260621,1,"GSM615125"
2,20260621,1,"GSM615132"
2,20260621,1,"GSM615133"
2,20260621,1,"GSM615147"
2,20260621,1,"GSM615154"
2,20260621,1,"GSM615167"
2,20260621,1,"GSM615170"
2,20260621,1,"GSM615187"
2,20260621,1,"GSM615193"
2,20260621,1,"GSM615194"
2,20260621,1,"GSM615195"
2,20260621,1,"GSM615206"
2,20260621,1,"GSM615211"
2,20260621,1,"GSM615214"
2,20260621,1,"GSM615221"
2,20260621,1,"GSM615223"
2,20260621,1,"GSM615224"
2,20260621,1,"GSM615226"
2,20260621,1,"GSM615240"
2,20260621,1,"GSM615247"
2,20260621,1,"GSM615248"
2,20260621,1,"GSM615257"
2,20260621,1,"GSM615260"
2,20260621,1,"GSM615262"
2,20260621,1,"GSM615264"
2,20260621,1,"GSM615265"
2,20260621,1,"GSM615269"
2,20260621,1,"GSM615273"
2,20260621,1,"GSM615276"
2,20260621,1,"GSM615281"
2,20260621,1,"GSM615282"
2,20260621,1,"GSM615285"
2,20260621,1,"GSM615286"
2,20260621,1,"GSM615287"
2,20260621,1,"GSM615289"
2,20260621,1,"GSM615295"
2,20260621,1,"GSM615304"
2,20260621,1,"GSM615310"
2,20260621,1,"GSM615312"
2,20260621,1,"GSM615318"
2,20260621,1,"GSM615322"
2,20260621,1,"GSM615326"
2,20260621,1,"GSM615329"
2,20260621,1,"GSM615339"
2,20260621,1,"GSM615354"
2,20260621,1,"GSM615359"
2,20260621,1,"GSM615363"
2,20260621,1,"GSM615369"
2,20260621,1,"GSM615375"
2,20260621,1,"GSM615388"
2,20260621,1,"GSM615389"
2,20260621,1,"GSM615399"
2,20260621,1,"GSM615401"
2,20260621,2,"GSM615100"
2,20260621,2,"GSM615108"
2,20260621,2,"GSM615115"
2,20260621,2,"GSM615129"
2,20260621,2,"GSM615131"
2,20260621,2,"GSM615134"
2,20260621,2,"GSM615135"
2,20260621,2,"GSM615140"
2,20260621,2,"GSM615141"
2,20260621,2,"GSM615143"
2,20260621,2,"GSM615144"
2,20260621,2,"GSM615145"
2,20260621,2,"GSM615150"
2,20260621,2,"GSM615151"
2,20260621,2,"GSM615156"
2,20260621,2,"GSM615157"
2,20260621,2,"GSM615169"
2,20260621,2,"GSM615172"
2,20260621,2,"GSM615176"
2,20260621,2,"GSM615183"
2,20260621,2,"GSM615188"
2,20260621,2,"GSM615197"
2,20260621,2,"GSM615198"
2,20260621,2,"GSM615200"
2,20260621,2,"GSM615202"
2,20260621,2,"GSM615203"
2,20260621,2,"GSM615204"
2,20260621,2,"GSM615209"
2,20260621,2,"GSM615210"
2,20260621,2,"GSM615212"
2,20260621,2,"GSM615216"
2,20260621,2,"GSM615231"
2,20260621,2,"GSM615253"
2,20260621,2,"GSM615255"
2,20260621,2,"GSM615263"
2,20260621,2,"GSM615270"
2,20260621,2,"GSM615271"
2,20260621,2,"GSM615301"
2,20260621,2,"GSM615313"
2,20260621,2,"GSM615321"
2,20260621,2,"GSM615331"
2,20260621,2,"GSM615340"
2,20260621,2,"GSM615344"
2,20260621,2,"GSM615345"
2,20260621,2,"GSM615347"
2,20260621,2,"GSM615348"
2,20260621,2,"GSM615353"
2,20260621,2,"GSM615355"
2,20260621,2,"GSM615356"
2,20260621,2,"GSM615361"
2,20260621,2,"GSM615362"
2,20260621,2,"GSM615368"
2,20260621,2,"GSM615370"
2,20260621,2,"GSM615373"
2,20260621,2,"GSM615377"
2,20260621,2,"GSM615379"
2,20260621,2,"GSM615382"
2,20260621,2,"GSM615384"
2,20260621,2,"GSM615392"
2,20260621,2,"GSM615394"
2,20260621,2,"GSM615395"
2,20260621,2,"GSM615397"
2,20260621,3,"GSM615099"
2,20260621,3,"GSM615102"
2,20260621,3,"GSM615103"
2,20260621,3,"GSM615109"
2,20260621,3,"GSM615111"
2,20260621,3,"GSM615116"
2,20260621,3,"GSM615127"
2,20260621,3,"GSM615130"
2,20260621,3,"GSM615137"
2,20260621,3,"GSM615138"
2,20260621,3,"GSM615139"
2,20260621,3,"GSM615142"
2,20260621,3,"GSM615148"
2,20260621,3,"GSM615153"
2,20260621,3,"GSM615159"
2,20260621,3,"GSM615162"
2,20260621,3,"GSM615168"
2,20260621,3,"GSM615179"
2,20260621,3,"GSM615180"
2,20260621,3,"GSM615184"
2,20260621,3,"GSM615192"
2,20260621,3,"GSM615199"
2,20260621,3,"GSM615219"
2,20260621,3,"GSM615228"
2,20260621,3,"GSM615230"
2,20260621,3,"GSM615235"
2,20260621,3,"GSM615236"
2,20260621,3,"GSM615237"
2,20260621,3,"GSM615245"
2,20260621,3,"GSM615246"
2,20260621,3,"GSM615256"
2,20260621,3,"GSM615259"
2,20260621,3,"GSM615261"
2,20260621,3,"GSM615272"
2,20260621,3,"GSM615274"
2,20260621,3,"GSM615280"
2,20260621,3,"GSM615284"
2,20260621,3,"GSM615294"
2,20260621,3,"GSM615296"
2,20260621,3,"GSM615297"
2,20260621,3,"GSM615300"
2,20260621,3,"GSM615302"
2,20260621,3,"GSM615306"
2,20260621,3,"GSM615308"
2,20260621,3,"GSM615324"
2,20260621,3,"GSM615330"
2,20260621,3,"GSM615335"
2,20260621,3,"GSM615337"
2,20260621,3,"GSM615342"
2,20260621,3,"GSM615351"
2,20260621,3,"GSM615352"
2,20260621,3,"GSM615357"
2,20260621,3,"GSM615360"
2,20260621,3,"GSM615366"
2,20260621,3,"GSM615371"
2,20260621,3,"GSM615380"
2,20260621,3,"GSM615390"
2,20260621,3,"GSM615393"
2,20260621,3,"GSM615398"
2,20260621,3,"GSM615402"
2,20260621,3,"GSM615405"
2,20260621,4,"GSM615117"
2,20260621,4,"GSM615120"
2,20260621,4,"GSM615124"
2,20260621,4,"GSM615126"
2,20260621,4,"GSM615136"
2,20260621,4,"GSM615146"
2,20260621,4,"GSM615149"
2,20260621,4,"GSM615158"
2,20260621,4,"GSM615160"
2,20260621,4,"GSM615165"
2,20260621,4,"GSM615171"
2,20260621,4,"GSM615173"
2,20260621,4,"GSM615174"
2,20260621,4,"GSM615175"
2,20260621,4,"GSM615185"
2,20260621,4,"GSM615186"
2,20260621,4,"GSM615189"
2,20260621,4,"GSM615196"
2,20260621,4,"GSM615201"
2,20260621,4,"GSM615205"
2,20260621,4,"GSM615213"
2,20260621,4,"GSM615218"
2,20260621,4,"GSM615220"
2,20260621,4,"GSM615225"
2,20260621,4,"GSM615227"
2,20260621,4,"GSM615239"
2,20260621,4,"GSM615241"
2,20260621,4,"GSM615243"
2,20260621,4,"GSM615250"
2,20260621,4,"GSM615251"
2,20260621,4,"GSM615252"
2,20260621,4,"GSM615258"
2,20260621,4,"GSM615267"
2,20260621,4,"GSM615268"
2,20260621,4,"GSM615275"
2,20260621,4,"GSM615277"
2,20260621,4,"GSM615283"
2,20260621,4,"GSM615288"
2,20260621,4,"GSM615290"
2,20260621,4,"GSM615299"
2,20260621,4,"GSM615303"
2,20260621,4,"GSM615307"
2,20260621,4,"GSM615309"
2,20260621,4,"GSM615311"
2,20260621,4,"GSM615314"
2,20260621,4,"GSM615316"
2,20260621,4,"GSM615319"
2,20260621,4,"GSM615323"
2,20260621,4,"GSM615325"
2,20260621,4,"GSM615332"
2,20260621,4,"GSM615333"
2,20260621,4,"GSM615334"
2,20260621,4,"GSM615336"
2,20260621,4,"GSM615338"
2,20260621,4,"GSM615341"
2,20260621,4,"GSM615343"
2,20260621,4,"GSM615346"
2,20260621,4,"GSM615350"
2,20260621,4,"GSM615365"
2,20260621,4,"GSM615376"
2,20260621,4,"GSM615396"
2,20260621,4,"GSM615400"
2,20260621,5,"GSM615096"
2,20260621,5,"GSM615107"
2,20260621,5,"GSM615110"
2,20260621,5,"GSM615113"
2,20260621,5,"GSM615114"
2,20260621,5,"GSM615122"
2,20260621,5,"GSM615123"
2,20260621,5,"GSM615128"
2,20260621,5,"GSM615152"
2,20260621,5,"GSM615155"
2,20260621,5,"GSM615161"
2,20260621,5,"GSM615164"
2,20260621,5,"GSM615166"
2,20260621,5,"GSM615177"
2,20260621,5,"GSM615178"
2,20260621,5,"GSM615181"
2,20260621,5,"GSM615182"
2,20260621,5,"GSM615190"
2,20260621,5,"GSM615191"
2,20260621,5,"GSM615207"
2,20260621,5,"GSM615208"
2,20260621,5,"GSM615215"
2,20260621,5,"GSM615217"
2,20260621,5,"GSM615222"
2,20260621,5,"GSM615229"
2,20260621,5,"GSM615232"
2,20260621,5,"GSM615233"
2,20260621,5,"GSM615234"
2,20260621,5,"GSM615238"
2,20260621,5,"GSM615242"
2,20260621,5,"GSM615244"
2,20260621,5,"GSM615249"
2,20260621,5,"GSM615254"
2,20260621,5,"GSM615266"
2,20260621,5,"GSM615278"
2,20260621,5,"GSM615279"
2,20260621,5,"GSM615291"
2,20260621,5,"GSM615292"
2,20260621,5,"GSM615293"
2,20260621,5,"GSM615298"
2,20260621,5,"GSM615305"
2,20260621,5,"GSM615315"
2,20260621,5,"GSM615317"
2,20260621,5,"GSM615320"
2,20260621,5,"GSM615327"
2,20260621,5,"GSM615328"
2,20260621,5,"GSM615349"
2,20260621,5,"GSM615358"
2,20260621,5,"GSM615364"
2,20260621,5,"GSM615367"
2,20260621,5,"GSM615372"
2,20260621,5,"GSM615374"
2,20260621,5,"GSM615378"
2,20260621,5,"GSM615381"
2,20260621,5,"GSM615383"
2,20260621,5,"GSM615385"
2,20260621,5,"GSM615386"
2,20260621,5,"GSM615387"
2,20260621,5,"GSM615391"
2,20260621,5,"GSM615403"
2,20260621,5,"GSM615404"
3,20260622,1,"GSM615100"
3,20260622,1,"GSM615101"
3,20260622,1,"GSM615108"
3,20260622,1,"GSM615114"
3,20260622,1,"GSM615115"
3,20260622,1,"GSM615117"
3,20260622,1,"GSM615121"
3,20260622,1,"GSM615124"
3,20260622,1,"GSM615128"
3,20260622,1,"GSM615130"
3,20260622,1,"GSM615146"
3,20260622,1,"GSM615159"
3,20260622,1,"GSM615166"
3,20260622,1,"GSM615184"
3,20260622,1,"GSM615185"
3,20260622,1,"GSM615187"
3,20260622,1,"GSM615194"
3,20260622,1,"GSM615198"
3,20260622,1,"GSM615209"
3,20260622,1,"GSM615211"
3,20260622,1,"GSM615212"
3,20260622,1,"GSM615213"
3,20260622,1,"GSM615224"
3,20260622,1,"GSM615229"
3,20260622,1,"GSM615231"
3,20260622,1,"GSM615243"
3,20260622,1,"GSM615245"
3,20260622,1,"GSM615246"
3,20260622,1,"GSM615253"
3,20260622,1,"GSM615258"
3,20260622,1,"GSM615264"
3,20260622,1,"GSM615267"
3,20260622,1,"GSM615270"
3,20260622,1,"GSM615278"
3,20260622,1,"GSM615280"
3,20260622,1,"GSM615288"
3,20260622,1,"GSM615293"
3,20260622,1,"GSM615297"
3,20260622,1,"GSM615301"
3,20260622,1,"GSM615304"
3,20260622,1,"GSM615308"
3,20260622,1,"GSM615311"
3,20260622,1,"GSM615326"
3,20260622,1,"GSM615331"
3,20260622,1,"GSM615332"
3,20260622,1,"GSM615339"
3,20260622,1,"GSM615340"
3,20260622,1,"GSM615341"
3,20260622,1,"GSM615347"
3,20260622,1,"GSM615349"
3,20260622,1,"GSM615355"
3,20260622,1,"GSM615360"
3,20260622,1,"GSM615363"
3,20260622,1,"GSM615366"
3,20260622,1,"GSM615381"
3,20260622,1,"GSM615385"
3,20260622,1,"GSM615386"
3,20260622,1,"GSM615388"
3,20260622,1,"GSM615392"
3,20260622,1,"GSM615395"
3,20260622,1,"GSM615403"
3,20260622,2,"GSM615099"
3,20260622,2,"GSM615104"
3,20260622,2,"GSM615110"
3,20260622,2,"GSM615122"
3,20260622,2,"GSM615132"
3,20260622,2,"GSM615137"
3,20260622,2,"GSM615140"
3,20260622,2,"GSM615144"
3,20260622,2,"GSM615161"
3,20260622,2,"GSM615165"
3,20260622,2,"GSM615167"
3,20260622,2,"GSM615168"
3,20260622,2,"GSM615172"
3,20260622,2,"GSM615175"
3,20260622,2,"GSM615189"
3,20260622,2,"GSM615192"
3,20260622,2,"GSM615201"
3,20260622,2,"GSM615207"
3,20260622,2,"GSM615208"
3,20260622,2,"GSM615216"
3,20260622,2,"GSM615222"
3,20260622,2,"GSM615227"
3,20260622,2,"GSM615228"
3,20260622,2,"GSM615232"
3,20260622,2,"GSM615236"
3,20260622,2,"GSM615237"
3,20260622,2,"GSM615238"
3,20260622,2,"GSM615240"
3,20260622,2,"GSM615248"
3,20260622,2,"GSM615259"
3,20260622,2,"GSM615268"
3,20260622,2,"GSM615273"
3,20260622,2,"GSM615277"
3,20260622,2,"GSM615281"
3,20260622,2,"GSM615286"
3,20260622,2,"GSM615289"
3,20260622,2,"GSM615296"
3,20260622,2,"GSM615298"
3,20260622,2,"GSM615309"
3,20260622,2,"GSM615314"
3,20260622,2,"GSM615315"
3,20260622,2,"GSM615316"
3,20260622,2,"GSM615317"
3,20260622,2,"GSM615334"
3,20260622,2,"GSM615337"
3,20260622,2,"GSM615342"
3,20260622,2,"GSM615343"
3,20260622,2,"GSM615344"
3,20260622,2,"GSM615346"
3,20260622,2,"GSM615348"
3,20260622,2,"GSM615350"
3,20260622,2,"GSM615352"
3,20260622,2,"GSM615353"
3,20260622,2,"GSM615361"
3,20260622,2,"GSM615368"
3,20260622,2,"GSM615370"
3,20260622,2,"GSM615371"
3,20260622,2,"GSM615377"
3,20260622,2,"GSM615382"
3,20260622,2,"GSM615384"
3,20260622,2,"GSM615399"
3,20260622,2,"GSM615402"
3,20260622,3,"GSM615096"
3,20260622,3,"GSM615102"
3,20260622,3,"GSM615106"
3,20260622,3,"GSM615107"
3,20260622,3,"GSM615111"
3,20260622,3,"GSM615127"
3,20260622,3,"GSM615133"
3,20260622,3,"GSM615134"
3,20260622,3,"GSM615135"
3,20260622,3,"GSM615136"
3,20260622,3,"GSM615141"
3,20260622,3,"GSM615142"
3,20260622,3,"GSM615145"
3,20260622,3,"GSM615151"
3,20260622,3,"GSM615162"
3,20260622,3,"GSM615170"
3,20260622,3,"GSM615171"
3,20260622,3,"GSM615173"
3,20260622,3,"GSM615177"
3,20260622,3,"GSM615180"
3,20260622,3,"GSM615190"
3,20260622,3,"GSM615196"
3,20260622,3,"GSM615200"
3,20260622,3,"GSM615202"
3,20260622,3,"GSM615204"
3,20260622,3,"GSM615210"
3,20260622,3,"GSM615214"
3,20260622,3,"GSM615218"
3,20260622,3,"GSM615221"
3,20260622,3,"GSM615256"
3,20260622,3,"GSM615257"
3,20260622,3,"GSM615260"
3,20260622,3,"GSM615263"
3,20260622,3,"GSM615269"
3,20260622,3,"GSM615272"
3,20260622,3,"GSM615279"
3,20260622,3,"GSM615283"
3,20260622,3,"GSM615285"
3,20260622,3,"GSM615290"
3,20260622,3,"GSM615294"
3,20260622,3,"GSM615302"
3,20260622,3,"GSM615313"
3,20260622,3,"GSM615322"
3,20260622,3,"GSM615323"
3,20260622,3,"GSM615324"
3,20260622,3,"GSM615333"
3,20260622,3,"GSM615335"
3,20260622,3,"GSM615336"
3,20260622,3,"GSM615338"
3,20260622,3,"GSM615356"
3,20260622,3,"GSM615359"
3,20260622,3,"GSM615372"
3,20260622,3,"GSM615374"
3,20260622,3,"GSM615375"
3,20260622,3,"GSM615376"
3,20260622,3,"GSM615380"
3,20260622,3,"GSM615383"
3,20260622,3,"GSM615390"
3,20260622,3,"GSM615394"
3,20260622,3,"GSM615396"
3,20260622,3,"GSM615400"
3,20260622,3,"GSM615401"
3,20260622,4,"GSM615103"
3,20260622,4,"GSM615112"
3,20260622,4,"GSM615113"
3,20260622,4,"GSM615116"
3,20260622,4,"GSM615120"
3,20260622,4,"GSM615123"
3,20260622,4,"GSM615125"
3,20260622,4,"GSM615126"
3,20260622,4,"GSM615129"
3,20260622,4,"GSM615131"
3,20260622,4,"GSM615138"
3,20260622,4,"GSM615139"
3,20260622,4,"GSM615147"
3,20260622,4,"GSM615152"
3,20260622,4,"GSM615153"
3,20260622,4,"GSM615154"
3,20260622,4,"GSM615157"
3,20260622,4,"GSM615174"
3,20260622,4,"GSM615178"
3,20260622,4,"GSM615181"
3,20260622,4,"GSM615199"
3,20260622,4,"GSM615203"
3,20260622,4,"GSM615206"
3,20260622,4,"GSM615217"
3,20260622,4,"GSM615219"
3,20260622,4,"GSM615220"
3,20260622,4,"GSM615225"
3,20260622,4,"GSM615226"
3,20260622,4,"GSM615230"
3,20260622,4,"GSM615234"
3,20260622,4,"GSM615239"
3,20260622,4,"GSM615242"
3,20260622,4,"GSM615244"
3,20260622,4,"GSM615247"
3,20260622,4,"GSM615249"
3,20260622,4,"GSM615252"
3,20260622,4,"GSM615255"
3,20260622,4,"GSM615265"
3,20260622,4,"GSM615266"
3,20260622,4,"GSM615271"
3,20260622,4,"GSM615275"
3,20260622,4,"GSM615282"
3,20260622,4,"GSM615284"
3,20260622,4,"GSM615287"
3,20260622,4,"GSM615300"
3,20260622,4,"GSM615303"
3,20260622,4,"GSM615310"
3,20260622,4,"GSM615312"
3,20260622,4,"GSM615321"
3,20260622,4,"GSM615329"
3,20260622,4,"GSM615345"
3,20260622,4,"GSM615351"
3,20260622,4,"GSM615354"
3,20260622,4,"GSM615358"
3,20260622,4,"GSM615362"
3,20260622,4,"GSM615373"
3,20260622,4,"GSM615378"
3,20260622,4,"GSM615389"
3,20260622,4,"GSM615393"
3,20260622,4,"GSM615397"
3,20260622,4,"GSM615404"
3,20260622,5,"GSM615097"
3,20260622,5,"GSM615098"
3,20260622,5,"GSM615109"
3,20260622,5,"GSM615143"
3,20260622,5,"GSM615148"
3,20260622,5,"GSM615149"
3,20260622,5,"GSM615150"
3,20260622,5,"GSM615155"
3,20260622,5,"GSM615156"
3,20260622,5,"GSM615158"
3,20260622,5,"GSM615160"
3,20260622,5,"GSM615164"
3,20260622,5,"GSM615169"
3,20260622,5,"GSM615176"
3,20260622,5,"GSM615179"
3,20260622,5,"GSM615182"
3,20260622,5,"GSM615183"
3,20260622,5,"GSM615186"
3,20260622,5,"GSM615188"
3,20260622,5,"GSM615191"
3,20260622,5,"GSM615193"
3,20260622,5,"GSM615195"
3,20260622,5,"GSM615197"
3,20260622,5,"GSM615205"
3,20260622,5,"GSM615215"
3,20260622,5,"GSM615223"
3,20260622,5,"GSM615233"
3,20260622,5,"GSM615235"
3,20260622,5,"GSM615241"
3,20260622,5,"GSM615250"
3,20260622,5,"GSM615251"
3,20260622,5,"GSM615254"
3,20260622,5,"GSM615261"
3,20260622,5,"GSM615262"
3,20260622,5,"GSM615274"
3,20260622,5,"GSM615276"
3,20260622,5,"GSM615291"
3,20260622,5,"GSM615292"
3,20260622,5,"GSM615295"
3,20260622,5,"GSM615299"
3,20260622,5,"GSM615305"
3,20260622,5,"GSM615306"
3,20260622,5,"GSM615307"
3,20260622,5,"GSM615318"
3,20260622,5,"GSM615319"
3,20260622,5,"GSM615320"
3,20260622,5,"GSM615325"
3,20260622,5,"GSM615327"
3,20260622,5,"GSM615328"
3,20260622,5,"GSM615330"
3,20260622,5,"GSM615357"
3,20260622,5,"GSM615364"
3,20260622,5,"GSM615365"
3,20260622,5,"GSM615367"
3,20260622,5,"GSM615369"
3,20260622,5,"GSM615379"
3,20260622,5,"GSM615387"
3,20260622,5,"GSM615391"
3,20260622,5,"GSM615398"
3,20260622,5,"GSM615405"
4,20260623,1,"GSM615099"
4,20260623,1,"GSM615100"
4,20260623,1,"GSM615112"
4,20260623,1,"GSM615113"
4,20260623,1,"GSM615123"
4,20260623,1,"GSM615128"
4,20260623,1,"GSM615132"
4,20260623,1,"GSM615133"
4,20260623,1,"GSM615135"
4,20260623,1,"GSM615137"
4,20260623,1,"GSM615147"
4,20260623,1,"GSM615150"
4,20260623,1,"GSM615151"
4,20260623,1,"GSM615160"
4,20260623,1,"GSM615171"
4,20260623,1,"GSM615172"
4,20260623,1,"GSM615173"
4,20260623,1,"GSM615174"
4,20260623,1,"GSM615177"
4,20260623,1,"GSM615185"
4,20260623,1,"GSM615186"
4,20260623,1,"GSM615188"
4,20260623,1,"GSM615189"
4,20260623,1,"GSM615197"
4,20260623,1,"GSM615198"
4,20260623,1,"GSM615203"
4,20260623,1,"GSM615212"
4,20260623,1,"GSM615219"
4,20260623,1,"GSM615221"
4,20260623,1,"GSM615222"
4,20260623,1,"GSM615231"
4,20260623,1,"GSM615233"
4,20260623,1,"GSM615235"
4,20260623,1,"GSM615243"
4,20260623,1,"GSM615245"
4,20260623,1,"GSM615250"
4,20260623,1,"GSM615254"
4,20260623,1,"GSM615259"
4,20260623,1,"GSM615270"
4,20260623,1,"GSM615271"
4,20260623,1,"GSM615276"
4,20260623,1,"GSM615283"
4,20260623,1,"GSM615285"
4,20260623,1,"GSM615295"
4,20260623,1,"GSM615310"
4,20260623,1,"GSM615313"
4,20260623,1,"GSM615315"
4,20260623,1,"GSM615324"
4,20260623,1,"GSM615326"
4,20260623,1,"GSM615327"
4,20260623,1,"GSM615329"
4,20260623,1,"GSM615332"
4,20260623,1,"GSM615341"
4,20260623,1,"GSM615356"
4,20260623,1,"GSM615357"
4,20260623,1,"GSM615361"
4,20260623,1,"GSM615371"
4,20260623,1,"GSM615372"
4,20260623,1,"GSM615385"
4,20260623,1,"GSM615392"
4,20260623,1,"GSM615404"
4,20260623,2,"GSM615096"
4,20260623,2,"GSM615098"
4,20260623,2,"GSM615101"
4,20260623,2,"GSM615109"
4,20260623,2,"GSM615114"
4,20260623,2,"GSM615126"
4,20260623,2,"GSM615134"
4,20260623,2,"GSM615141"
4,20260623,2,"GSM615143"
4,20260623,2,"GSM615146"
4,20260623,2,"GSM615149"
4,20260623,2,"GSM615154"
4,20260623,2,"GSM615156"
4,20260623,2,"GSM615161"
4,20260623,2,"GSM615164"
4,20260623,2,"GSM615176"
4,20260623,2,"GSM615187"
4,20260623,2,"GSM615192"
4,20260623,2,"GSM615194"
4,20260623,2,"GSM615208"
4,20260623,2,"GSM615209"
4,20260623,2,"GSM615210"
4,20260623,2,"GSM615216"
4,20260623,2,"GSM615217"
4,20260623,2,"GSM615226"
4,20260623,2,"GSM615229"
4,20260623,2,"GSM615240"
4,20260623,2,"GSM615241"
4,20260623,2,"GSM615252"
4,20260623,2,"GSM615255"
4,20260623,2,"GSM615257"
4,20260623,2,"GSM615266"
4,20260623,2,"GSM615268"
4,20260623,2,"GSM615272"
4,20260623,2,"GSM615274"
4,20260623,2,"GSM615278"
4,20260623,2,"GSM615288"
4,20260623,2,"GSM615289"
4,20260623,2,"GSM615290"
4,20260623,2,"GSM615293"
4,20260623,2,"GSM615300"
4,20260623,2,"GSM615301"
4,20260623,2,"GSM615305"
4,20260623,2,"GSM615307"
4,20260623,2,"GSM615318"
4,20260623,2,"GSM615322"
4,20260623,2,"GSM615325"
4,20260623,2,"GSM615328"
4,20260623,2,"GSM615347"
4,20260623,2,"GSM615351"
4,20260623,2,"GSM615355"
4,20260623,2,"GSM615360"
4,20260623,2,"GSM615363"
4,20260623,2,"GSM615366"
4,20260623,2,"GSM615369"
4,20260623,2,"GSM615370"
4,20260623,2,"GSM615376"
4,20260623,2,"GSM615379"
4,20260623,2,"GSM615388"
4,20260623,2,"GSM615389"
4,20260623,2,"GSM615405"
4,20260623,3,"GSM615103"
4,20260623,3,"GSM615108"
4,20260623,3,"GSM615115"
4,20260623,3,"GSM615120"
4,20260623,3,"GSM615122"
4,20260623,3,"GSM615125"
4,20260623,3,"GSM615129"
4,20260623,3,"GSM615130"
4,20260623,3,"GSM615139"
4,20260623,3,"GSM615140"
4,20260623,3,"GSM615148"
4,20260623,3,"GSM615158"
4,20260623,3,"GSM615162"
4,20260623,3,"GSM615166"
4,20260623,3,"GSM615170"
4,20260623,3,"GSM615179"
4,20260623,3,"GSM615180"
4,20260623,3,"GSM615182"
4,20260623,3,"GSM615196"
4,20260623,3,"GSM615199"
4,20260623,3,"GSM615206"
4,20260623,3,"GSM615207"
4,20260623,3,"GSM615211"
4,20260623,3,"GSM615213"
4,20260623,3,"GSM615215"
4,20260623,3,"GSM615220"
4,20260623,3,"GSM615230"
4,20260623,3,"GSM615232"
4,20260623,3,"GSM615238"
4,20260623,3,"GSM615242"
4,20260623,3,"GSM615246"
4,20260623,3,"GSM615251"
4,20260623,3,"GSM615260"
4,20260623,3,"GSM615261"
4,20260623,3,"GSM615262"
4,20260623,3,"GSM615273"
4,20260623,3,"GSM615275"
4,20260623,3,"GSM615280"
4,20260623,3,"GSM615292"
4,20260623,3,"GSM615296"
4,20260623,3,"GSM615297"
4,20260623,3,"GSM615299"
4,20260623,3,"GSM615302"
4,20260623,3,"GSM615304"
4,20260623,3,"GSM615306"
4,20260623,3,"GSM615309"
4,20260623,3,"GSM615311"
4,20260623,3,"GSM615319"
4,20260623,3,"GSM615330"
4,20260623,3,"GSM615336"
4,20260623,3,"GSM615340"
4,20260623,3,"GSM615345"
4,20260623,3,"GSM615346"
4,20260623,3,"GSM615350"
4,20260623,3,"GSM615358"
4,20260623,3,"GSM615359"
4,20260623,3,"GSM615362"
4,20260623,3,"GSM615367"
4,20260623,3,"GSM615375"
4,20260623,3,"GSM615380"
4,20260623,3,"GSM615391"
4,20260623,4,"GSM615102"
4,20260623,4,"GSM615104"
4,20260623,4,"GSM615107"
4,20260623,4,"GSM615110"
4,20260623,4,"GSM615111"
4,20260623,4,"GSM615121"
4,20260623,4,"GSM615145"
4,20260623,4,"GSM615152"
4,20260623,4,"GSM615155"
4,20260623,4,"GSM615159"
4,20260623,4,"GSM615165"
4,20260623,4,"GSM615175"
4,20260623,4,"GSM615183"
4,20260623,4,"GSM615191"
4,20260623,4,"GSM615200"
4,20260623,4,"GSM615201"
4,20260623,4,"GSM615204"
4,20260623,4,"GSM615218"
4,20260623,4,"GSM615224"
4,20260623,4,"GSM615225"
4,20260623,4,"GSM615227"
4,20260623,4,"GSM615228"
4,20260623,4,"GSM615247"
4,20260623,4,"GSM615248"
4,20260623,4,"GSM615249"
4,20260623,4,"GSM615253"
4,20260623,4,"GSM615263"
4,20260623,4,"GSM615267"
4,20260623,4,"GSM615269"
4,20260623,4,"GSM615287"
4,20260623,4,"GSM615291"
4,20260623,4,"GSM615298"
4,20260623,4,"GSM615303"
4,20260623,4,"GSM615314"
4,20260623,4,"GSM615317"
4,20260623,4,"GSM615320"
4,20260623,4,"GSM615323"
4,20260623,4,"GSM615331"
4,20260623,4,"GSM615334"
4,20260623,4,"GSM615335"
4,20260623,4,"GSM615337"
4,20260623,4,"GSM615343"
4,20260623,4,"GSM615344"
4,20260623,4,"GSM615348"
4,20260623,4,"GSM615349"
4,20260623,4,"GSM615353"
4,20260623,4,"GSM615373"
4,20260623,4,"GSM615377"
4,20260623,4,"GSM615378"
4,20260623,4,"GSM615382"
4,20260623,4,"GSM615383"
4,20260623,4,"GSM615384"
4,20260623,4,"GSM615386"
4,20260623,4,"GSM615390"
4,20260623,4,"GSM615395"
4,20260623,4,"GSM615397"
4,20260623,4,"GSM615398"
4,20260623,4,"GSM615399"
4,20260623,4,"GSM615400"
4,20260623,4,"GSM615402"
4,20260623,4,"GSM615403"
4,20260623,5,"GSM615097"
4,20260623,5,"GSM615106"
4,20260623,5,"GSM615116"
4,20260623,5,"GSM615117"
4,20260623,5,"GSM615124"
4,20260623,5,"GSM615127"
4,20260623,5,"GSM615131"
4,20260623,5,"GSM615136"
4,20260623,5,"GSM615138"
4,20260623,5,"GSM615142"
4,20260623,5,"GSM615144"
4,20260623,5,"GSM615153"
4,20260623,5,"GSM615157"
4,20260623,5,"GSM615167"
4,20260623,5,"GSM615168"
4,20260623,5,"GSM615169"
4,20260623,5,"GSM615178"
4,20260623,5,"GSM615181"
4,20260623,5,"GSM615184"
4,20260623,5,"GSM615190"
4,20260623,5,"GSM615193"
4,20260623,5,"GSM615195"
4,20260623,5,"GSM615202"
4,20260623,5,"GSM615205"
4,20260623,5,"GSM615214"
4,20260623,5,"GSM615223"
4,20260623,5,"GSM615234"
4,20260623,5,"GSM615236"
4,20260623,5,"GSM615237"
4,20260623,5,"GSM615239"
4,20260623,5,"GSM615244"
4,20260623,5,"GSM615256"
4,20260623,5,"GSM615258"
4,20260623,5,"GSM615264"
4,20260623,5,"GSM615265"
4,20260623,5,"GSM615277"
4,20260623,5,"GSM615279"
4,20260623,5,"GSM615281"
4,20260623,5,"GSM615282"
4,20260623,5,"GSM615284"
4,20260623,5,"GSM615286"
4,20260623,5,"GSM615294"
4,20260623,5,"GSM615308"
4,20260623,5,"GSM615312"
4,20260623,5,"GSM615316"
4,20260623,5,"GSM615321"
4,20260623,5,"GSM615333"
4,20260623,5,"GSM615338"
4,20260623,5,"GSM615339"
4,20260623,5,"GSM615342"
4,20260623,5,"GSM615352"
4,20260623,5,"GSM615354"
4,20260623,5,"GSM615364"
4,20260623,5,"GSM615365"
4,20260623,5,"GSM615368"
4,20260623,5,"GSM615374"
4,20260623,5,"GSM615381"
4,20260623,5,"GSM615387"
4,20260623,5,"GSM615393"
4,20260623,5,"GSM615394"
4,20260623,5,"GSM615396"
4,20260623,5,"GSM615401"
5,20260624,1,"GSM615107"
5,20260624,1,"GSM615110"
5,20260624,1,"GSM615121"
5,20260624,1,"GSM615138"
5,20260624,1,"GSM615140"
5,20260624,1,"GSM615142"
5,20260624,1,"GSM615144"
5,20260624,1,"GSM615158"
5,20260624,1,"GSM615159"
5,20260624,1,"GSM615162"
5,20260624,1,"GSM615166"
5,20260624,1,"GSM615167"
5,20260624,1,"GSM615170"
5,20260624,1,"GSM615173"
5,20260624,1,"GSM615183"
5,20260624,1,"GSM615185"
5,20260624,1,"GSM615186"
5,20260624,1,"GSM615187"
5,20260624,1,"GSM615191"
5,20260624,1,"GSM615197"
5,20260624,1,"GSM615200"
5,20260624,1,"GSM615203"
5,20260624,1,"GSM615208"
5,20260624,1,"GSM615212"
5,20260624,1,"GSM615215"
5,20260624,1,"GSM615228"
5,20260624,1,"GSM615234"
5,20260624,1,"GSM615241"
5,20260624,1,"GSM615248"
5,20260624,1,"GSM615249"
5,20260624,1,"GSM615251"
5,20260624,1,"GSM615252"
5,20260624,1,"GSM615255"
5,20260624,1,"GSM615258"
5,20260624,1,"GSM615272"
5,20260624,1,"GSM615276"
5,20260624,1,"GSM615285"
5,20260624,1,"GSM615293"
5,20260624,1,"GSM615296"
5,20260624,1,"GSM615298"
5,20260624,1,"GSM615302"
5,20260624,1,"GSM615308"
5,20260624,1,"GSM615316"
5,20260624,1,"GSM615322"
5,20260624,1,"GSM615335"
5,20260624,1,"GSM615337"
5,20260624,1,"GSM615342"
5,20260624,1,"GSM615347"
5,20260624,1,"GSM615356"
5,20260624,1,"GSM615361"
5,20260624,1,"GSM615374"
5,20260624,1,"GSM615377"
5,20260624,1,"GSM615378"
5,20260624,1,"GSM615383"
5,20260624,1,"GSM615386"
5,20260624,1,"GSM615392"
5,20260624,1,"GSM615393"
5,20260624,1,"GSM615396"
5,20260624,1,"GSM615399"
5,20260624,1,"GSM615400"
5,20260624,1,"GSM615403"
5,20260624,2,"GSM615097"
5,20260624,2,"GSM615124"
5,20260624,2,"GSM615126"
5,20260624,2,"GSM615128"
5,20260624,2,"GSM615133"
5,20260624,2,"GSM615135"
5,20260624,2,"GSM615137"
5,20260624,2,"GSM615139"
5,20260624,2,"GSM615141"
5,20260624,2,"GSM615143"
5,20260624,2,"GSM615145"
5,20260624,2,"GSM615149"
5,20260624,2,"GSM615152"
5,20260624,2,"GSM615164"
5,20260624,2,"GSM615165"
5,20260624,2,"GSM615168"
5,20260624,2,"GSM615169"
5,20260624,2,"GSM615172"
5,20260624,2,"GSM615176"
5,20260624,2,"GSM615177"
5,20260624,2,"GSM615180"
5,20260624,2,"GSM615188"
5,20260624,2,"GSM615189"
5,20260624,2,"GSM615202"
5,20260624,2,"GSM615206"
5,20260624,2,"GSM615210"
5,20260624,2,"GSM615231"
5,20260624,2,"GSM615233"
5,20260624,2,"GSM615237"
5,20260624,2,"GSM615246"
5,20260624,2,"GSM615247"
5,20260624,2,"GSM615254"
5,20260624,2,"GSM615257"
5,20260624,2,"GSM615260"
5,20260624,2,"GSM615268"
5,20260624,2,"GSM615274"
5,20260624,2,"GSM615283"
5,20260624,2,"GSM615284"
5,20260624,2,"GSM615304"
5,20260624,2,"GSM615311"
5,20260624,2,"GSM615313"
5,20260624,2,"GSM615320"
5,20260624,2,"GSM615324"
5,20260624,2,"GSM615326"
5,20260624,2,"GSM615327"
5,20260624,2,"GSM615328"
5,20260624,2,"GSM615330"
5,20260624,2,"GSM615336"
5,20260624,2,"GSM615340"
5,20260624,2,"GSM615344"
5,20260624,2,"GSM615350"
5,20260624,2,"GSM615357"
5,20260624,2,"GSM615358"
5,20260624,2,"GSM615363"
5,20260624,2,"GSM615367"
5,20260624,2,"GSM615368"
5,20260624,2,"GSM615375"
5,20260624,2,"GSM615376"
5,20260624,2,"GSM615379"
5,20260624,2,"GSM615385"
5,20260624,2,"GSM615394"
5,20260624,2,"GSM615404"
5,20260624,3,"GSM615098"
5,20260624,3,"GSM615106"
5,20260624,3,"GSM615108"
5,20260624,3,"GSM615114"
5,20260624,3,"GSM615116"
5,20260624,3,"GSM615122"
5,20260624,3,"GSM615131"
5,20260624,3,"GSM615151"
5,20260624,3,"GSM615154"
5,20260624,3,"GSM615157"
5,20260624,3,"GSM615160"
5,20260624,3,"GSM615178"
5,20260624,3,"GSM615193"
5,20260624,3,"GSM615196"
5,20260624,3,"GSM615205"
5,20260624,3,"GSM615209"
5,20260624,3,"GSM615220"
5,20260624,3,"GSM615223"
5,20260624,3,"GSM615224"
5,20260624,3,"GSM615229"
5,20260624,3,"GSM615235"
5,20260624,3,"GSM615239"
5,20260624,3,"GSM615244"
5,20260624,3,"GSM615256"
5,20260624,3,"GSM615259"
5,20260624,3,"GSM615269"
5,20260624,3,"GSM615271"
5,20260624,3,"GSM615273"
5,20260624,3,"GSM615278"
5,20260624,3,"GSM615279"
5,20260624,3,"GSM615280"
5,20260624,3,"GSM615287"
5,20260624,3,"GSM615290"
5,20260624,3,"GSM615295"
5,20260624,3,"GSM615299"
5,20260624,3,"GSM615300"
5,20260624,3,"GSM615305"
5,20260624,3,"GSM615306"
5,20260624,3,"GSM615307"
5,20260624,3,"GSM615309"
5,20260624,3,"GSM615317"
5,20260624,3,"GSM615319"
5,20260624,3,"GSM615333"
5,20260624,3,"GSM615334"
5,20260624,3,"GSM615343"
5,20260624,3,"GSM615345"
5,20260624,3,"GSM615346"
5,20260624,3,"GSM615349"
5,20260624,3,"GSM615352"
5,20260624,3,"GSM615354"
5,20260624,3,"GSM615355"
5,20260624,3,"GSM615359"
5,20260624,3,"GSM615360"
5,20260624,3,"GSM615364"
5,20260624,3,"GSM615365"
5,20260624,3,"GSM615370"
5,20260624,3,"GSM615372"
5,20260624,3,"GSM615373"
5,20260624,3,"GSM615381"
5,20260624,3,"GSM615390"
5,20260624,3,"GSM615402"
5,20260624,4,"GSM615096"
5,20260624,4,"GSM615099"
5,20260624,4,"GSM615102"
5,20260624,4,"GSM615104"
5,20260624,4,"GSM615109"
5,20260624,4,"GSM615111"
5,20260624,4,"GSM615112"
5,20260624,4,"GSM615113"
5,20260624,4,"GSM615117"
5,20260624,4,"GSM615120"
5,20260624,4,"GSM615125"
5,20260624,4,"GSM615129"
5,20260624,4,"GSM615132"
5,20260624,4,"GSM615136"
5,20260624,4,"GSM615153"
5,20260624,4,"GSM615155"
5,20260624,4,"GSM615171"
5,20260624,4,"GSM615179"
5,20260624,4,"GSM615184"
5,20260624,4,"GSM615192"
5,20260624,4,"GSM615195"
5,20260624,4,"GSM615198"
5,20260624,4,"GSM615207"
5,20260624,4,"GSM615214"
5,20260624,4,"GSM615217"
5,20260624,4,"GSM615222"
5,20260624,4,"GSM615225"
5,20260624,4,"GSM615227"
5,20260624,4,"GSM615240"
5,20260624,4,"GSM615242"
5,20260624,4,"GSM615245"
5,20260624,4,"GSM615250"
5,20260624,4,"GSM615262"
5,20260624,4,"GSM615263"
5,20260624,4,"GSM615264"
5,20260624,4,"GSM615270"
5,20260624,4,"GSM615277"
5,20260624,4,"GSM615281"
5,20260624,4,"GSM615286"
5,20260624,4,"GSM615289"
5,20260624,4,"GSM615301"
5,20260624,4,"GSM615310"
5,20260624,4,"GSM615315"
5,20260624,4,"GSM615318"
5,20260624,4,"GSM615321"
5,20260624,4,"GSM615325"
5,20260624,4,"GSM615329"
5,20260624,4,"GSM615331"
5,20260624,4,"GSM615332"
5,20260624,4,"GSM615348"
5,20260624,4,"GSM615362"
5,20260624,4,"GSM615369"
5,20260624,4,"GSM615371"
5,20260624,4,"GSM615382"
5,20260624,4,"GSM615387"
5,20260624,4,"GSM615388"
5,20260624,4,"GSM615389"
5,20260624,4,"GSM615395"
5,20260624,4,"GSM615398"
5,20260624,4,"GSM615401"
5,20260624,4,"GSM615405"
5,20260624,5,"GSM615100"
5,20260624,5,"GSM615101"
5,20260624,5,"GSM615103"
5,20260624,5,"GSM615115"
5,20260624,5,"GSM615123"
5,20260624,5,"GSM615127"
5,20260624,5,"GSM615130"
5,20260624,5,"GSM615134"
5,20260624,5,"GSM615146"
5,20260624,5,"GSM615147"
5,20260624,5,"GSM615148"
5,20260624,5,"GSM615150"
5,20260624,5,"GSM615156"
5,20260624,5,"GSM615161"
5,20260624,5,"GSM615174"
5,20260624,5,"GSM615175"
5,20260624,5,"GSM615181"
5,20260624,5,"GSM615182"
5,20260624,5,"GSM615190"
5,20260624,5,"GSM615194"
5,20260624,5,"GSM615199"
5,20260624,5,"GSM615201"
5,20260624,5,"GSM615204"
5,20260624,5,"GSM615211"
5,20260624,5,"GSM615213"
5,20260624,5,"GSM615216"
5,20260624,5,"GSM615218"
5,20260624,5,"GSM615219"
5,20260624,5,"GSM615221"
5,20260624,5,"GSM615226"
5,20260624,5,"GSM615230"
5,20260624,5,"GSM615232"
5,20260624,5,"GSM615236"
5,20260624,5,"GSM615238"
5,20260624,5,"GSM615243"
5,20260624,5,"GSM615253"
5,20260624,5,"GSM615261"
5,20260624,5,"GSM615265"
5,20260624,5,"GSM615266"
5,20260624,5,"GSM615267"
5,20260624,5,"GSM615275"
5,20260624,5,"GSM615282"
5,20260624,5,"GSM615288"
5,20260624,5,"GSM615291"
5,20260624,5,"GSM615292"
5,20260624,5,"GSM615294"
5,20260624,5,"GSM615297"
5,20260624,5,"GSM615303"
5,20260624,5,"GSM615312"
5,20260624,5,"GSM615314"
5,20260624,5,"GSM615323"
5,20260624,5,"GSM615338"
5,20260624,5,"GSM615339"
5,20260624,5,"GSM615341"
5,20260624,5,"GSM615351"
5,20260624,5,"GSM615353"
5,20260624,5,"GSM615366"
5,20260624,5,"GSM615380"
5,20260624,5,"GSM615384"
5,20260624,5,"GSM615391"
5,20260624,5,"GSM615397"
6,20260625,1,"GSM615098"
6,20260625,1,"GSM615110"
6,20260625,1,"GSM615112"
6,20260625,1,"GSM615115"
6,20260625,1,"GSM615117"
6,20260625,1,"GSM615128"
6,20260625,1,"GSM615141"
6,20260625,1,"GSM615144"
6,20260625,1,"GSM615149"
6,20260625,1,"GSM615150"
6,20260625,1,"GSM615155"
6,20260625,1,"GSM615170"
6,20260625,1,"GSM615174"
6,20260625,1,"GSM615175"
6,20260625,1,"GSM615179"
6,20260625,1,"GSM615194"
6,20260625,1,"GSM615195"
6,20260625,1,"GSM615199"
6,20260625,1,"GSM615204"
6,20260625,1,"GSM615205"
6,20260625,1,"GSM615213"
6,20260625,1,"GSM615217"
6,20260625,1,"GSM615227"
6,20260625,1,"GSM615230"
6,20260625,1,"GSM615235"
6,20260625,1,"GSM615244"
6,20260625,1,"GSM615248"
6,20260625,1,"GSM615252"
6,20260625,1,"GSM615254"
6,20260625,1,"GSM615255"
6,20260625,1,"GSM615260"
6,20260625,1,"GSM615261"
6,20260625,1,"GSM615269"
6,20260625,1,"GSM615270"
6,20260625,1,"GSM615273"
6,20260625,1,"GSM615275"
6,20260625,1,"GSM615281"
6,20260625,1,"GSM615282"
6,20260625,1,"GSM615283"
6,20260625,1,"GSM615284"
6,20260625,1,"GSM615287"
6,20260625,1,"GSM615288"
6,20260625,1,"GSM615302"
6,20260625,1,"GSM615309"
6,20260625,1,"GSM615310"
6,20260625,1,"GSM615325"
6,20260625,1,"GSM615330"
6,20260625,1,"GSM615332"
6,20260625,1,"GSM615335"
6,20260625,1,"GSM615337"
6,20260625,1,"GSM615338"
6,20260625,1,"GSM615354"
6,20260625,1,"GSM615358"
6,20260625,1,"GSM615369"
6,20260625,1,"GSM615371"
6,20260625,1,"GSM615378"
6,20260625,1,"GSM615385"
6,20260625,1,"GSM615389"
6,20260625,1,"GSM615390"
6,20260625,1,"GSM615396"
6,20260625,1,"GSM615400"
6,20260625,2,"GSM615096"
6,20260625,2,"GSM615099"
6,20260625,2,"GSM615101"
6,20260625,2,"GSM615104"
6,20260625,2,"GSM615114"
6,20260625,2,"GSM615125"
6,20260625,2,"GSM615127"
6,20260625,2,"GSM615134"
6,20260625,2,"GSM615138"
6,20260625,2,"GSM615140"
6,20260625,2,"GSM615147"
6,20260625,2,"GSM615148"
6,20260625,2,"GSM615151"
6,20260625,2,"GSM615153"
6,20260625,2,"GSM615161"
6,20260625,2,"GSM615168"
6,20260625,2,"GSM615171"
6,20260625,2,"GSM615183"
6,20260625,2,"GSM615189"
6,20260625,2,"GSM615201"
6,20260625,2,"GSM615208"
6,20260625,2,"GSM615210"
6,20260625,2,"GSM615220"
6,20260625,2,"GSM615223"
6,20260625,2,"GSM615224"
6,20260625,2,"GSM615226"
6,20260625,2,"GSM615231"
6,20260625,2,"GSM615232"
6,20260625,2,"GSM615239"
6,20260625,2,"GSM615243"
6,20260625,2,"GSM615246"
6,20260625,2,"GSM615257"
6,20260625,2,"GSM615259"
6,20260625,2,"GSM615262"
6,20260625,2,"GSM615264"
6,20260625,2,"GSM615267"
6,20260625,2,"GSM615293"
6,20260625,2,"GSM615295"
6,20260625,2,"GSM615296"
6,20260625,2,"GSM615297"
6,20260625,2,"GSM615298"
6,20260625,2,"GSM615311"
6,20260625,2,"GSM615318"
6,20260625,2,"GSM615327"
6,20260625,2,"GSM615333"
6,20260625,2,"GSM615336"
6,20260625,2,"GSM615340"
6,20260625,2,"GSM615343"
6,20260625,2,"GSM615346"
6,20260625,2,"GSM615347"
6,20260625,2,"GSM615348"
6,20260625,2,"GSM615353"
6,20260625,2,"GSM615355"
6,20260625,2,"GSM615356"
6,20260625,2,"GSM615374"
6,20260625,2,"GSM615377"
6,20260625,2,"GSM615383"
6,20260625,2,"GSM615386"
6,20260625,2,"GSM615393"
6,20260625,2,"GSM615394"
6,20260625,2,"GSM615397"
6,20260625,2,"GSM615399"
6,20260625,3,"GSM615100"
6,20260625,3,"GSM615102"
6,20260625,3,"GSM615103"
6,20260625,3,"GSM615106"
6,20260625,3,"GSM615111"
6,20260625,3,"GSM615123"
6,20260625,3,"GSM615126"
6,20260625,3,"GSM615129"
6,20260625,3,"GSM615130"
6,20260625,3,"GSM615131"
6,20260625,3,"GSM615132"
6,20260625,3,"GSM615145"
6,20260625,3,"GSM615154"
6,20260625,3,"GSM615165"
6,20260625,3,"GSM615172"
6,20260625,3,"GSM615178"
6,20260625,3,"GSM615184"
6,20260625,3,"GSM615186"
6,20260625,3,"GSM615190"
6,20260625,3,"GSM615193"
6,20260625,3,"GSM615198"
6,20260625,3,"GSM615200"
6,20260625,3,"GSM615207"
6,20260625,3,"GSM615211"
6,20260625,3,"GSM615221"
6,20260625,3,"GSM615222"
6,20260625,3,"GSM615228"
6,20260625,3,"GSM615229"
6,20260625,3,"GSM615233"
6,20260625,3,"GSM615240"
6,20260625,3,"GSM615242"
6,20260625,3,"GSM615245"
6,20260625,3,"GSM615250"
6,20260625,3,"GSM615265"
6,20260625,3,"GSM615268"
6,20260625,3,"GSM615271"
6,20260625,3,"GSM615277"
6,20260625,3,"GSM615278"
6,20260625,3,"GSM615286"
6,20260625,3,"GSM615289"
6,20260625,3,"GSM615292"
6,20260625,3,"GSM615300"
6,20260625,3,"GSM615306"
6,20260625,3,"GSM615307"
6,20260625,3,"GSM615319"
6,20260625,3,"GSM615321"
6,20260625,3,"GSM615342"
6,20260625,3,"GSM615349"
6,20260625,3,"GSM615360"
6,20260625,3,"GSM615361"
6,20260625,3,"GSM615367"
6,20260625,3,"GSM615368"
6,20260625,3,"GSM615370"
6,20260625,3,"GSM615373"
6,20260625,3,"GSM615375"
6,20260625,3,"GSM615379"
6,20260625,3,"GSM615382"
6,20260625,3,"GSM615387"
6,20260625,3,"GSM615395"
6,20260625,3,"GSM615398"
6,20260625,3,"GSM615405"
6,20260625,4,"GSM615107"
6,20260625,4,"GSM615108"
6,20260625,4,"GSM615121"
6,20260625,4,"GSM615122"
6,20260625,4,"GSM615133"
6,20260625,4,"GSM615136"
6,20260625,4,"GSM615143"
6,20260625,4,"GSM615152"
6,20260625,4,"GSM615157"
6,20260625,4,"GSM615162"
6,20260625,4,"GSM615164"
6,20260625,4,"GSM615167"
6,20260625,4,"GSM615173"
6,20260625,4,"GSM615176"
6,20260625,4,"GSM615177"
6,20260625,4,"GSM615188"
6,20260625,4,"GSM615191"
6,20260625,4,"GSM615192"
6,20260625,4,"GSM615196"
6,20260625,4,"GSM615203"
6,20260625,4,"GSM615209"
6,20260625,4,"GSM615214"
6,20260625,4,"GSM615216"
6,20260625,4,"GSM615219"
6,20260625,4,"GSM615225"
6,20260625,4,"GSM615234"
6,20260625,4,"GSM615238"
6,20260625,4,"GSM615241"
6,20260625,4,"GSM615251"
6,20260625,4,"GSM615253"
6,20260625,4,"GSM615263"
6,20260625,4,"GSM615272"
6,20260625,4,"GSM615276"
6,20260625,4,"GSM615280"
6,20260625,4,"GSM615290"
6,20260625,4,"GSM615294"
6,20260625,4,"GSM615299"
6,20260625,4,"GSM615301"
6,20260625,4,"GSM615303"
6,20260625,4,"GSM615304"
6,20260625,4,"GSM615308"
6,20260625,4,"GSM615312"
6,20260625,4,"GSM615313"
6,20260625,4,"GSM615315"
6,20260625,4,"GSM615316"
6,20260625,4,"GSM615317"
6,20260625,4,"GSM615322"
6,20260625,4,"GSM615323"
6,20260625,4,"GSM615324"
6,20260625,4,"GSM615326"
6,20260625,4,"GSM615329"
6,20260625,4,"GSM615334"
6,20260625,4,"GSM615341"
6,20260625,4,"GSM615344"
6,20260625,4,"GSM615350"
6,20260625,4,"GSM615351"
6,20260625,4,"GSM615357"
6,20260625,4,"GSM615365"
6,20260625,4,"GSM615376"
6,20260625,4,"GSM615392"
6,20260625,4,"GSM615404"
6,20260625,5,"GSM615097"
6,20260625,5,"GSM615109"
6,20260625,5,"GSM615113"
6,20260625,5,"GSM615116"
6,20260625,5,"GSM615120"
6,20260625,5,"GSM615124"
6,20260625,5,"GSM615135"
6,20260625,5,"GSM615137"
6,20260625,5,"GSM615139"
6,20260625,5,"GSM615142"
6,20260625,5,"GSM615146"
6,20260625,5,"GSM615156"
6,20260625,5,"GSM615158"
6,20260625,5,"GSM615159"
6,20260625,5,"GSM615160"
6,20260625,5,"GSM615166"
6,20260625,5,"GSM615169"
6,20260625,5,"GSM615180"
6,20260625,5,"GSM615181"
6,20260625,5,"GSM615182"
6,20260625,5,"GSM615185"
6,20260625,5,"GSM615187"
6,20260625,5,"GSM615197"
6,20260625,5,"GSM615202"
6,20260625,5,"GSM615206"
6,20260625,5,"GSM615212"
6,20260625,5,"GSM615215"
6,20260625,5,"GSM615218"
6,20260625,5,"GSM615236"
6,20260625,5,"GSM615237"
6,20260625,5,"GSM615247"
6,20260625,5,"GSM615249"
6,20260625,5,"GSM615256"
6,20260625,5,"GSM615258"
6,20260625,5,"GSM615266"
6,20260625,5,"GSM615274"
6,20260625,5,"GSM615279"
6,20260625,5,"GSM615285"
6,20260625,5,"GSM615291"
6,20260625,5,"GSM615305"
6,20260625,5,"GSM615314"
6,20260625,5,"GSM615320"
6,20260625,5,"GSM615328"
6,20260625,5,"GSM615331"
6,20260625,5,"GSM615339"
6,20260625,5,"GSM615345"
6,20260625,5,"GSM615352"
6,20260625,5,"GSM615359"
6,20260625,5,"GSM615362"
6,20260625,5,"GSM615363"
6,20260625,5,"GSM615364"
6,20260625,5,"GSM615366"
6,20260625,5,"GSM615372"
6,20260625,5,"GSM615380"
6,20260625,5,"GSM615381"
6,20260625,5,"GSM615384"
6,20260625,5,"GSM615388"
6,20260625,5,"GSM615391"
6,20260625,5,"GSM615401"
6,20260625,5,"GSM615402"
6,20260625,5,"GSM615403"
7,20260626,1,"GSM615098"
7,20260626,1,"GSM615101"
7,20260626,1,"GSM615102"
7,20260626,1,"GSM615104"
7,20260626,1,"GSM615114"
7,20260626,1,"GSM615121"
7,20260626,1,"GSM615122"
7,20260626,1,"GSM615129"
7,20260626,1,"GSM615130"
7,20260626,1,"GSM615136"
7,20260626,1,"GSM615137"
7,20260626,1,"GSM615145"
7,20260626,1,"GSM615149"
7,20260626,1,"GSM615161"
7,20260626,1,"GSM615164"
7,20260626,1,"GSM615165"
7,20260626,1,"GSM615175"
7,20260626,1,"GSM615177"
7,20260626,1,"GSM615184"
7,20260626,1,"GSM615191"
7,20260626,1,"GSM615193"
7,20260626,1,"GSM615198"
7,20260626,1,"GSM615199"
7,20260626,1,"GSM615207"
7,20260626,1,"GSM615216"
7,20260626,1,"GSM615222"
7,20260626,1,"GSM615229"
7,20260626,1,"GSM615238"
7,20260626,1,"GSM615243"
7,20260626,1,"GSM615255"
7,20260626,1,"GSM615261"
7,20260626,1,"GSM615266"
7,20260626,1,"GSM615282"
7,20260626,1,"GSM615287"
7,20260626,1,"GSM615292"
7,20260626,1,"GSM615295"
7,20260626,1,"GSM615299"
7,20260626,1,"GSM615300"
7,20260626,1,"GSM615301"
7,20260626,1,"GSM615303"
7,20260626,1,"GSM615304"
7,20260626,1,"GSM615308"
7,20260626,1,"GSM615310"
7,20260626,1,"GSM615321"
7,20260626,1,"GSM615323"
7,20260626,1,"GSM615325"
7,20260626,1,"GSM615330"
7,20260626,1,"GSM615336"
7,20260626,1,"GSM615348"
7,20260626,1,"GSM615364"
7,20260626,1,"GSM615367"
7,20260626,1,"GSM615372"
7,20260626,1,"GSM615373"
7,20260626,1,"GSM615378"
7,20260626,1,"GSM615387"
7,20260626,1,"GSM615390"
7,20260626,1,"GSM615392"
7,20260626,1,"GSM615396"
7,20260626,1,"GSM615401"
7,20260626,1,"GSM615402"
7,20260626,2,"GSM615096"
7,20260626,2,"GSM615099"
7,20260626,2,"GSM615133"
7,20260626,2,"GSM615135"
7,20260626,2,"GSM615140"
7,20260626,2,"GSM615141"
7,20260626,2,"GSM615142"
7,20260626,2,"GSM615148"
7,20260626,2,"GSM615155"
7,20260626,2,"GSM615167"
7,20260626,2,"GSM615170"
7,20260626,2,"GSM615176"
7,20260626,2,"GSM615182"
7,20260626,2,"GSM615186"
7,20260626,2,"GSM615187"
7,20260626,2,"GSM615188"
7,20260626,2,"GSM615190"
7,20260626,2,"GSM615201"
7,20260626,2,"GSM615205"
7,20260626,2,"GSM615210"
7,20260626,2,"GSM615214"
7,20260626,2,"GSM615215"
7,20260626,2,"GSM615221"
7,20260626,2,"GSM615224"
7,20260626,2,"GSM615227"
7,20260626,2,"GSM615233"
7,20260626,2,"GSM615235"
7,20260626,2,"GSM615236"
7,20260626,2,"GSM615246"
7,20260626,2,"GSM615258"
7,20260626,2,"GSM615260"
7,20260626,2,"GSM615265"
7,20260626,2,"GSM615270"
7,20260626,2,"GSM615272"
7,20260626,2,"GSM615278"
7,20260626,2,"GSM615279"
7,20260626,2,"GSM615289"
7,20260626,2,"GSM615291"
7,20260626,2,"GSM615296"
7,20260626,2,"GSM615302"
7,20260626,2,"GSM615305"
7,20260626,2,"GSM615306"
7,20260626,2,"GSM615314"
7,20260626,2,"GSM615320"
7,20260626,2,"GSM615332"
7,20260626,2,"GSM615339"
7,20260626,2,"GSM615341"
7,20260626,2,"GSM615347"
7,20260626,2,"GSM615349"
7,20260626,2,"GSM615353"
7,20260626,2,"GSM615354"
7,20260626,2,"GSM615358"
7,20260626,2,"GSM615366"
7,20260626,2,"GSM615369"
7,20260626,2,"GSM615371"
7,20260626,2,"GSM615377"
7,20260626,2,"GSM615382"
7,20260626,2,"GSM615383"
7,20260626,2,"GSM615389"
7,20260626,2,"GSM615391"
7,20260626,2,"GSM615400"
7,20260626,2,"GSM615403"
7,20260626,3,"GSM615107"
7,20260626,3,"GSM615108"
7,20260626,3,"GSM615109"
7,20260626,3,"GSM615111"
7,20260626,3,"GSM615123"
7,20260626,3,"GSM615126"
7,20260626,3,"GSM615127"
7,20260626,3,"GSM615131"
7,20260626,3,"GSM615151"
7,20260626,3,"GSM615153"
7,20260626,3,"GSM615158"
7,20260626,3,"GSM615166"
7,20260626,3,"GSM615168"
7,20260626,3,"GSM615169"
7,20260626,3,"GSM615173"
7,20260626,3,"GSM615189"
7,20260626,3,"GSM615192"
7,20260626,3,"GSM615196"
7,20260626,3,"GSM615202"
7,20260626,3,"GSM615203"
7,20260626,3,"GSM615213"
7,20260626,3,"GSM615225"
7,20260626,3,"GSM615226"
7,20260626,3,"GSM615234"
7,20260626,3,"GSM615241"
7,20260626,3,"GSM615244"
7,20260626,3,"GSM615247"
7,20260626,3,"GSM615248"
7,20260626,3,"GSM615251"
7,20260626,3,"GSM615252"
7,20260626,3,"GSM615267"
7,20260626,3,"GSM615280"
7,20260626,3,"GSM615285"
7,20260626,3,"GSM615286"
7,20260626,3,"GSM615293"
7,20260626,3,"GSM615294"
7,20260626,3,"GSM615307"
7,20260626,3,"GSM615309"
7,20260626,3,"GSM615313"
7,20260626,3,"GSM615319"
7,20260626,3,"GSM615322"
7,20260626,3,"GSM615326"
7,20260626,3,"GSM615329"
7,20260626,3,"GSM615333"
7,20260626,3,"GSM615334"
7,20260626,3,"GSM615338"
7,20260626,3,"GSM615342"
7,20260626,3,"GSM615344"
7,20260626,3,"GSM615351"
7,20260626,3,"GSM615352"
7,20260626,3,"GSM615355"
7,20260626,3,"GSM615356"
7,20260626,3,"GSM615357"
7,20260626,3,"GSM615359"
7,20260626,3,"GSM615361"
7,20260626,3,"GSM615362"
7,20260626,3,"GSM615365"
7,20260626,3,"GSM615385"
7,20260626,3,"GSM615395"
7,20260626,3,"GSM615397"
7,20260626,3,"GSM615398"
7,20260626,4,"GSM615103"
7,20260626,4,"GSM615106"
7,20260626,4,"GSM615110"
7,20260626,4,"GSM615112"
7,20260626,4,"GSM615116"
7,20260626,4,"GSM615117"
7,20260626,4,"GSM615124"
7,20260626,4,"GSM615125"
7,20260626,4,"GSM615128"
7,20260626,4,"GSM615138"
7,20260626,4,"GSM615139"
7,20260626,4,"GSM615146"
7,20260626,4,"GSM615147"
7,20260626,4,"GSM615150"
7,20260626,4,"GSM615156"
7,20260626,4,"GSM615160"
7,20260626,4,"GSM615162"
7,20260626,4,"GSM615174"
7,20260626,4,"GSM615178"
7,20260626,4,"GSM615180"
7,20260626,4,"GSM615185"
7,20260626,4,"GSM615194"
7,20260626,4,"GSM615197"
7,20260626,4,"GSM615204"
7,20260626,4,"GSM615206"
7,20260626,4,"GSM615208"
7,20260626,4,"GSM615209"
7,20260626,4,"GSM615211"
7,20260626,4,"GSM615218"
7,20260626,4,"GSM615220"
7,20260626,4,"GSM615230"
7,20260626,4,"GSM615240"
7,20260626,4,"GSM615245"
7,20260626,4,"GSM615250"
7,20260626,4,"GSM615253"
7,20260626,4,"GSM615254"
7,20260626,4,"GSM615257"
7,20260626,4,"GSM615262"
7,20260626,4,"GSM615263"
7,20260626,4,"GSM615273"
7,20260626,4,"GSM615274"
7,20260626,4,"GSM615284"
7,20260626,4,"GSM615290"
7,20260626,4,"GSM615298"
7,20260626,4,"GSM615316"
7,20260626,4,"GSM615317"
7,20260626,4,"GSM615318"
7,20260626,4,"GSM615327"
7,20260626,4,"GSM615337"
7,20260626,4,"GSM615340"
7,20260626,4,"GSM615345"
7,20260626,4,"GSM615363"
7,20260626,4,"GSM615368"
7,20260626,4,"GSM615374"
7,20260626,4,"GSM615376"
7,20260626,4,"GSM615379"
7,20260626,4,"GSM615386"
7,20260626,4,"GSM615388"
7,20260626,4,"GSM615394"
7,20260626,4,"GSM615399"
7,20260626,4,"GSM615405"
7,20260626,5,"GSM615097"
7,20260626,5,"GSM615100"
7,20260626,5,"GSM615113"
7,20260626,5,"GSM615115"
7,20260626,5,"GSM615120"
7,20260626,5,"GSM615132"
7,20260626,5,"GSM615134"
7,20260626,5,"GSM615143"
7,20260626,5,"GSM615144"
7,20260626,5,"GSM615152"
7,20260626,5,"GSM615154"
7,20260626,5,"GSM615157"
7,20260626,5,"GSM615159"
7,20260626,5,"GSM615171"
7,20260626,5,"GSM615172"
7,20260626,5,"GSM615179"
7,20260626,5,"GSM615181"
7,20260626,5,"GSM615183"
7,20260626,5,"GSM615195"
7,20260626,5,"GSM615200"
7,20260626,5,"GSM615212"
7,20260626,5,"GSM615217"
7,20260626,5,"GSM615219"
7,20260626,5,"GSM615223"
7,20260626,5,"GSM615228"
7,20260626,5,"GSM615231"
7,20260626,5,"GSM615232"
7,20260626,5,"GSM615237"
7,20260626,5,"GSM615239"
7,20260626,5,"GSM615242"
7,20260626,5,"GSM615249"
7,20260626,5,"GSM615256"
7,20260626,5,"GSM615259"
7,20260626,5,"GSM615264"
7,20260626,5,"GSM615268"
7,20260626,5,"GSM615269"
7,20260626,5,"GSM615271"
7,20260626,5,"GSM615275"
7,20260626,5,"GSM615276"
7,20260626,5,"GSM615277"
7,20260626,5,"GSM615281"
7,20260626,5,"GSM615283"
7,20260626,5,"GSM615288"
7,20260626,5,"GSM615297"
7,20260626,5,"GSM615311"
7,20260626,5,"GSM615312"
7,20260626,5,"GSM615315"
7,20260626,5,"GSM615324"
7,20260626,5,"GSM615328"
7,20260626,5,"GSM615331"
7,20260626,5,"GSM615335"
7,20260626,5,"GSM615343"
7,20260626,5,"GSM615346"
7,20260626,5,"GSM615350"
7,20260626,5,"GSM615360"
7,20260626,5,"GSM615370"
7,20260626,5,"GSM615375"
7,20260626,5,"GSM615380"
7,20260626,5,"GSM615381"
7,20260626,5,"GSM615384"
7,20260626,5,"GSM615393"
7,20260626,5,"GSM615404"
8,20260627,1,"GSM615100"
8,20260627,1,"GSM615104"
8,20260627,1,"GSM615115"
8,20260627,1,"GSM615128"
8,20260627,1,"GSM615129"
8,20260627,1,"GSM615131"
8,20260627,1,"GSM615132"
8,20260627,1,"GSM615139"
8,20260627,1,"GSM615143"
8,20260627,1,"GSM615147"
8,20260627,1,"GSM615148"
8,20260627,1,"GSM615151"
8,20260627,1,"GSM615155"
8,20260627,1,"GSM615156"
8,20260627,1,"GSM615166"
8,20260627,1,"GSM615167"
8,20260627,1,"GSM615186"
8,20260627,1,"GSM615189"
8,20260627,1,"GSM615193"
8,20260627,1,"GSM615195"
8,20260627,1,"GSM615196"
8,20260627,1,"GSM615200"
8,20260627,1,"GSM615207"
8,20260627,1,"GSM615220"
8,20260627,1,"GSM615222"
8,20260627,1,"GSM615225"
8,20260627,1,"GSM615226"
8,20260627,1,"GSM615237"
8,20260627,1,"GSM615241"
8,20260627,1,"GSM615242"
8,20260627,1,"GSM615243"
8,20260627,1,"GSM615247"
8,20260627,1,"GSM615250"
8,20260627,1,"GSM615265"
8,20260627,1,"GSM615266"
8,20260627,1,"GSM615274"
8,20260627,1,"GSM615275"
8,20260627,1,"GSM615277"
8,20260627,1,"GSM615294"
8,20260627,1,"GSM615302"
8,20260627,1,"GSM615304"
8,20260627,1,"GSM615307"
8,20260627,1,"GSM615314"
8,20260627,1,"GSM615316"
8,20260627,1,"GSM615319"
8,20260627,1,"GSM615325"
8,20260627,1,"GSM615330"
8,20260627,1,"GSM615338"
8,20260627,1,"GSM615340"
8,20260627,1,"GSM615348"
8,20260627,1,"GSM615352"
8,20260627,1,"GSM615354"
8,20260627,1,"GSM615364"
8,20260627,1,"GSM615370"
8,20260627,1,"GSM615377"
8,20260627,1,"GSM615383"
8,20260627,1,"GSM615386"
8,20260627,1,"GSM615399"
8,20260627,1,"GSM615400"
8,20260627,1,"GSM615402"
8,20260627,1,"GSM615404"
8,20260627,2,"GSM615097"
8,20260627,2,"GSM615099"
8,20260627,2,"GSM615101"
8,20260627,2,"GSM615103"
8,20260627,2,"GSM615106"
8,20260627,2,"GSM615107"
8,20260627,2,"GSM615108"
8,20260627,2,"GSM615116"
8,20260627,2,"GSM615126"
8,20260627,2,"GSM615127"
8,20260627,2,"GSM615133"
8,20260627,2,"GSM615137"
8,20260627,2,"GSM615154"
8,20260627,2,"GSM615162"
8,20260627,2,"GSM615164"
8,20260627,2,"GSM615169"
8,20260627,2,"GSM615173"
8,20260627,2,"GSM615175"
8,20260627,2,"GSM615178"
8,20260627,2,"GSM615179"
8,20260627,2,"GSM615181"
8,20260627,2,"GSM615182"
8,20260627,2,"GSM615183"
8,20260627,2,"GSM615187"
8,20260627,2,"GSM615188"
8,20260627,2,"GSM615192"
8,20260627,2,"GSM615199"
8,20260627,2,"GSM615206"
8,20260627,2,"GSM615208"
8,20260627,2,"GSM615216"
8,20260627,2,"GSM615221"
8,20260627,2,"GSM615227"
8,20260627,2,"GSM615232"
8,20260627,2,"GSM615233"
8,20260627,2,"GSM615235"
8,20260627,2,"GSM615240"
8,20260627,2,"GSM615246"
8,20260627,2,"GSM615249"
8,20260627,2,"GSM615256"
8,20260627,2,"GSM615259"
8,20260627,2,"GSM615261"
8,20260627,2,"GSM615264"
8,20260627,2,"GSM615267"
8,20260627,2,"GSM615282"
8,20260627,2,"GSM615283"
8,20260627,2,"GSM615293"
8,20260627,2,"GSM615301"
8,20260627,2,"GSM615311"
8,20260627,2,"GSM615317"
8,20260627,2,"GSM615323"
8,20260627,2,"GSM615329"
8,20260627,2,"GSM615333"
8,20260627,2,"GSM615344"
8,20260627,2,"GSM615349"
8,20260627,2,"GSM615350"
8,20260627,2,"GSM615353"
8,20260627,2,"GSM615355"
8,20260627,2,"GSM615356"
8,20260627,2,"GSM615361"
8,20260627,2,"GSM615366"
8,20260627,2,"GSM615392"
8,20260627,3,"GSM615098"
8,20260627,3,"GSM615110"
8,20260627,3,"GSM615111"
8,20260627,3,"GSM615113"
8,20260627,3,"GSM615130"
8,20260627,3,"GSM615134"
8,20260627,3,"GSM615136"
8,20260627,3,"GSM615140"
8,20260627,3,"GSM615141"
8,20260627,3,"GSM615145"
8,20260627,3,"GSM615158"
8,20260627,3,"GSM615159"
8,20260627,3,"GSM615160"
8,20260627,3,"GSM615198"
8,20260627,3,"GSM615201"
8,20260627,3,"GSM615203"
8,20260627,3,"GSM615204"
8,20260627,3,"GSM615205"
8,20260627,3,"GSM615211"
8,20260627,3,"GSM615217"
8,20260627,3,"GSM615229"
8,20260627,3,"GSM615234"
8,20260627,3,"GSM615245"
8,20260627,3,"GSM615253"
8,20260627,3,"GSM615258"
8,20260627,3,"GSM615263"
8,20260627,3,"GSM615268"
8,20260627,3,"GSM615269"
8,20260627,3,"GSM615273"
8,20260627,3,"GSM615278"
8,20260627,3,"GSM615280"
8,20260627,3,"GSM615284"
8,20260627,3,"GSM615286"
8,20260627,3,"GSM615287"
8,20260627,3,"GSM615288"
8,20260627,3,"GSM615289"
8,20260627,3,"GSM615295"
8,20260627,3,"GSM615296"
8,20260627,3,"GSM615299"
8,20260627,3,"GSM615306"
8,20260627,3,"GSM615309"
8,20260627,3,"GSM615326"
8,20260627,3,"GSM615336"
8,20260627,3,"GSM615339"
8,20260627,3,"GSM615345"
8,20260627,3,"GSM615346"
8,20260627,3,"GSM615351"
8,20260627,3,"GSM615359"
8,20260627,3,"GSM615360"
8,20260627,3,"GSM615362"
8,20260627,3,"GSM615369"
8,20260627,3,"GSM615376"
8,20260627,3,"GSM615378"
8,20260627,3,"GSM615384"
8,20260627,3,"GSM615385"
8,20260627,3,"GSM615390"
8,20260627,3,"GSM615391"
8,20260627,3,"GSM615394"
8,20260627,3,"GSM615396"
8,20260627,3,"GSM615397"
8,20260627,3,"GSM615401"
8,20260627,3,"GSM615403"
8,20260627,4,"GSM615102"
8,20260627,4,"GSM615109"
8,20260627,4,"GSM615120"
8,20260627,4,"GSM615123"
8,20260627,4,"GSM615125"
8,20260627,4,"GSM615135"
8,20260627,4,"GSM615144"
8,20260627,4,"GSM615146"
8,20260627,4,"GSM615149"
8,20260627,4,"GSM615150"
8,20260627,4,"GSM615153"
8,20260627,4,"GSM615157"
8,20260627,4,"GSM615168"
8,20260627,4,"GSM615170"
8,20260627,4,"GSM615172"
8,20260627,4,"GSM615174"
8,20260627,4,"GSM615176"
8,20260627,4,"GSM615177"
8,20260627,4,"GSM615184"
8,20260627,4,"GSM615185"
8,20260627,4,"GSM615209"
8,20260627,4,"GSM615210"
8,20260627,4,"GSM615213"
8,20260627,4,"GSM615215"
8,20260627,4,"GSM615218"
8,20260627,4,"GSM615223"
8,20260627,4,"GSM615224"
8,20260627,4,"GSM615236"
8,20260627,4,"GSM615244"
8,20260627,4,"GSM615248"
8,20260627,4,"GSM615252"
8,20260627,4,"GSM615254"
8,20260627,4,"GSM615255"
8,20260627,4,"GSM615271"
8,20260627,4,"GSM615272"
8,20260627,4,"GSM615279"
8,20260627,4,"GSM615292"
8,20260627,4,"GSM615300"
8,20260627,4,"GSM615308"
8,20260627,4,"GSM615310"
8,20260627,4,"GSM615312"
8,20260627,4,"GSM615315"
8,20260627,4,"GSM615318"
8,20260627,4,"GSM615328"
8,20260627,4,"GSM615334"
8,20260627,4,"GSM615337"
8,20260627,4,"GSM615343"
8,20260627,4,"GSM615347"
8,20260627,4,"GSM615357"
8,20260627,4,"GSM615365"
8,20260627,4,"GSM615371"
8,20260627,4,"GSM615373"
8,20260627,4,"GSM615374"
8,20260627,4,"GSM615380"
8,20260627,4,"GSM615382"
8,20260627,4,"GSM615387"
8,20260627,4,"GSM615389"
8,20260627,4,"GSM615393"
8,20260627,4,"GSM615398"
8,20260627,4,"GSM615405"
8,20260627,5,"GSM615096"
8,20260627,5,"GSM615112"
8,20260627,5,"GSM615114"
8,20260627,5,"GSM615117"
8,20260627,5,"GSM615121"
8,20260627,5,"GSM615122"
8,20260627,5,"GSM615124"
8,20260627,5,"GSM615138"
8,20260627,5,"GSM615142"
8,20260627,5,"GSM615152"
8,20260627,5,"GSM615161"
8,20260627,5,"GSM615165"
8,20260627,5,"GSM615171"
8,20260627,5,"GSM615180"
8,20260627,5,"GSM615190"
8,20260627,5,"GSM615191"
8,20260627,5,"GSM615194"
8,20260627,5,"GSM615197"
8,20260627,5,"GSM615202"
8,20260627,5,"GSM615212"
8,20260627,5,"GSM615214"
8,20260627,5,"GSM615219"
8,20260627,5,"GSM615228"
8,20260627,5,"GSM615230"
8,20260627,5,"GSM615231"
8,20260627,5,"GSM615238"
8,20260627,5,"GSM615239"
8,20260627,5,"GSM615251"
8,20260627,5,"GSM615257"
8,20260627,5,"GSM615260"
8,20260627,5,"GSM615262"
8,20260627,5,"GSM615270"
8,20260627,5,"GSM615276"
8,20260627,5,"GSM615281"
8,20260627,5,"GSM615285"
8,20260627,5,"GSM615290"
8,20260627,5,"GSM615291"
8,20260627,5,"GSM615297"
8,20260627,5,"GSM615298"
8,20260627,5,"GSM615303"
8,20260627,5,"GSM615305"
8,20260627,5,"GSM615313"
8,20260627,5,"GSM615320"
8,20260627,5,"GSM615321"
8,20260627,5,"GSM615322"
8,20260627,5,"GSM615324"
8,20260627,5,"GSM615327"
8,20260627,5,"GSM615331"
8,20260627,5,"GSM615332"
8,20260627,5,"GSM615335"
8,20260627,5,"GSM615341"
8,20260627,5,"GSM615342"
8,20260627,5,"GSM615358"
8,20260627,5,"GSM615363"
8,20260627,5,"GSM615367"
8,20260627,5,"GSM615368"
8,20260627,5,"GSM615372"
8,20260627,5,"GSM615375"
8,20260627,5,"GSM615379"
8,20260627,5,"GSM615381"
8,20260627,5,"GSM615388"
8,20260627,5,"GSM615395"
9,20260628,1,"GSM615097"
9,20260628,1,"GSM615113"
9,20260628,1,"GSM615117"
9,20260628,1,"GSM615120"
9,20260628,1,"GSM615126"
9,20260628,1,"GSM615127"
9,20260628,1,"GSM615134"
9,20260628,1,"GSM615135"
9,20260628,1,"GSM615137"
9,20260628,1,"GSM615147"
9,20260628,1,"GSM615155"
9,20260628,1,"GSM615156"
9,20260628,1,"GSM615157"
9,20260628,1,"GSM615169"
9,20260628,1,"GSM615170"
9,20260628,1,"GSM615175"
9,20260628,1,"GSM615176"
9,20260628,1,"GSM615178"
9,20260628,1,"GSM615181"
9,20260628,1,"GSM615182"
9,20260628,1,"GSM615183"
9,20260628,1,"GSM615187"
9,20260628,1,"GSM615198"
9,20260628,1,"GSM615201"
9,20260628,1,"GSM615202"
9,20260628,1,"GSM615203"
9,20260628,1,"GSM615204"
9,20260628,1,"GSM615206"
9,20260628,1,"GSM615207"
9,20260628,1,"GSM615210"
9,20260628,1,"GSM615214"
9,20260628,1,"GSM615222"
9,20260628,1,"GSM615247"
9,20260628,1,"GSM615248"
9,20260628,1,"GSM615252"
9,20260628,1,"GSM615257"
9,20260628,1,"GSM615283"
9,20260628,1,"GSM615293"
9,20260628,1,"GSM615294"
9,20260628,1,"GSM615297"
9,20260628,1,"GSM615299"
9,20260628,1,"GSM615300"
9,20260628,1,"GSM615305"
9,20260628,1,"GSM615311"
9,20260628,1,"GSM615314"
9,20260628,1,"GSM615323"
9,20260628,1,"GSM615325"
9,20260628,1,"GSM615334"
9,20260628,1,"GSM615343"
9,20260628,1,"GSM615347"
9,20260628,1,"GSM615349"
9,20260628,1,"GSM615351"
9,20260628,1,"GSM615352"
9,20260628,1,"GSM615353"
9,20260628,1,"GSM615362"
9,20260628,1,"GSM615383"
9,20260628,1,"GSM615389"
9,20260628,1,"GSM615390"
9,20260628,1,"GSM615392"
9,20260628,1,"GSM615397"
9,20260628,1,"GSM615399"
9,20260628,1,"GSM615405"
9,20260628,2,"GSM615098"
9,20260628,2,"GSM615099"
9,20260628,2,"GSM615125"
9,20260628,2,"GSM615129"
9,20260628,2,"GSM615133"
9,20260628,2,"GSM615136"
9,20260628,2,"GSM615146"
9,20260628,2,"GSM615151"
9,20260628,2,"GSM615160"
9,20260628,2,"GSM615168"
9,20260628,2,"GSM615172"
9,20260628,2,"GSM615174"
9,20260628,2,"GSM615195"
9,20260628,2,"GSM615197"
9,20260628,2,"GSM615215"
9,20260628,2,"GSM615217"
9,20260628,2,"GSM615218"
9,20260628,2,"GSM615221"
9,20260628,2,"GSM615223"
9,20260628,2,"GSM615226"
9,20260628,2,"GSM615228"
9,20260628,2,"GSM615230"
9,20260628,2,"GSM615235"
9,20260628,2,"GSM615236"
9,20260628,2,"GSM615241"
9,20260628,2,"GSM615254"
9,20260628,2,"GSM615255"
9,20260628,2,"GSM615261"
9,20260628,2,"GSM615263"
9,20260628,2,"GSM615264"
9,20260628,2,"GSM615266"
9,20260628,2,"GSM615267"
9,20260628,2,"GSM615284"
9,20260628,2,"GSM615285"
9,20260628,2,"GSM615295"
9,20260628,2,"GSM615315"
9,20260628,2,"GSM615317"
9,20260628,2,"GSM615319"
9,20260628,2,"GSM615320"
9,20260628,2,"GSM615330"
9,20260628,2,"GSM615331"
9,20260628,2,"GSM615332"
9,20260628,2,"GSM615333"
9,20260628,2,"GSM615336"
9,20260628,2,"GSM615339"
9,20260628,2,"GSM615345"
9,20260628,2,"GSM615348"
9,20260628,2,"GSM615354"
9,20260628,2,"GSM615361"
9,20260628,2,"GSM615365"
9,20260628,2,"GSM615366"
9,20260628,2,"GSM615370"
9,20260628,2,"GSM615371"
9,20260628,2,"GSM615372"
9,20260628,2,"GSM615373"
9,20260628,2,"GSM615377"
9,20260628,2,"GSM615391"
9,20260628,2,"GSM615393"
9,20260628,2,"GSM615398"
9,20260628,2,"GSM615403"
9,20260628,3,"GSM615101"
9,20260628,3,"GSM615111"
9,20260628,3,"GSM615112"
9,20260628,3,"GSM615116"
9,20260628,3,"GSM615130"
9,20260628,3,"GSM615131"
9,20260628,3,"GSM615132"
9,20260628,3,"GSM615138"
9,20260628,3,"GSM615140"
9,20260628,3,"GSM615144"
9,20260628,3,"GSM615149"
9,20260628,3,"GSM615153"
9,20260628,3,"GSM615158"
9,20260628,3,"GSM615159"
9,20260628,3,"GSM615167"
9,20260628,3,"GSM615184"
9,20260628,3,"GSM615186"
9,20260628,3,"GSM615189"
9,20260628,3,"GSM615193"
9,20260628,3,"GSM615199"
9,20260628,3,"GSM615208"
9,20260628,3,"GSM615209"
9,20260628,3,"GSM615212"
9,20260628,3,"GSM615213"
9,20260628,3,"GSM615216"
9,20260628,3,"GSM615219"
9,20260628,3,"GSM615220"
9,20260628,3,"GSM615224"
9,20260628,3,"GSM615238"
9,20260628,3,"GSM615239"
9,20260628,3,"GSM615245"
9,20260628,3,"GSM615251"
9,20260628,3,"GSM615268"
9,20260628,3,"GSM615270"
9,20260628,3,"GSM615272"
9,20260628,3,"GSM615274"
9,20260628,3,"GSM615275"
9,20260628,3,"GSM615281"
9,20260628,3,"GSM615282"
9,20260628,3,"GSM615286"
9,20260628,3,"GSM615287"
9,20260628,3,"GSM615289"
9,20260628,3,"GSM615290"
9,20260628,3,"GSM615291"
9,20260628,3,"GSM615298"
9,20260628,3,"GSM615301"
9,20260628,3,"GSM615316"
9,20260628,3,"GSM615326"
9,20260628,3,"GSM615328"
9,20260628,3,"GSM615338"
9,20260628,3,"GSM615340"
9,20260628,3,"GSM615341"
9,20260628,3,"GSM615342"
9,20260628,3,"GSM615360"
9,20260628,3,"GSM615364"
9,20260628,3,"GSM615374"
9,20260628,3,"GSM615375"
9,20260628,3,"GSM615381"
9,20260628,3,"GSM615382"
9,20260628,3,"GSM615388"
9,20260628,3,"GSM615402"
9,20260628,4,"GSM615100"
9,20260628,4,"GSM615102"
9,20260628,4,"GSM615103"
9,20260628,4,"GSM615108"
9,20260628,4,"GSM615109"
9,20260628,4,"GSM615114"
9,20260628,4,"GSM615121"
9,20260628,4,"GSM615122"
9,20260628,4,"GSM615123"
9,20260628,4,"GSM615141"
9,20260628,4,"GSM615143"
9,20260628,4,"GSM615148"
9,20260628,4,"GSM615152"
9,20260628,4,"GSM615154"
9,20260628,4,"GSM615164"
9,20260628,4,"GSM615165"
9,20260628,4,"GSM615173"
9,20260628,4,"GSM615177"
9,20260628,4,"GSM615179"
9,20260628,4,"GSM615180"
9,20260628,4,"GSM615188"
9,20260628,4,"GSM615190"
9,20260628,4,"GSM615194"
9,20260628,4,"GSM615205"
9,20260628,4,"GSM615211"
9,20260628,4,"GSM615234"
9,20260628,4,"GSM615237"
9,20260628,4,"GSM615243"
9,20260628,4,"GSM615246"
9,20260628,4,"GSM615265"
9,20260628,4,"GSM615269"
9,20260628,4,"GSM615273"
9,20260628,4,"GSM615278"
9,20260628,4,"GSM615279"
9,20260628,4,"GSM615280"
9,20260628,4,"GSM615288"
9,20260628,4,"GSM615292"
9,20260628,4,"GSM615302"
9,20260628,4,"GSM615303"
9,20260628,4,"GSM615304"
9,20260628,4,"GSM615309"
9,20260628,4,"GSM615312"
9,20260628,4,"GSM615322"
9,20260628,4,"GSM615324"
9,20260628,4,"GSM615327"
9,20260628,4,"GSM615335"
9,20260628,4,"GSM615337"
9,20260628,4,"GSM615344"
9,20260628,4,"GSM615346"
9,20260628,4,"GSM615350"
9,20260628,4,"GSM615357"
9,20260628,4,"GSM615358"
9,20260628,4,"GSM615359"
9,20260628,4,"GSM615378"
9,20260628,4,"GSM615380"
9,20260628,4,"GSM615384"
9,20260628,4,"GSM615387"
9,20260628,4,"GSM615394"
9,20260628,4,"GSM615395"
9,20260628,4,"GSM615400"
9,20260628,4,"GSM615401"
9,20260628,4,"GSM615404"
9,20260628,5,"GSM615096"
9,20260628,5,"GSM615104"
9,20260628,5,"GSM615106"
9,20260628,5,"GSM615107"
9,20260628,5,"GSM615110"
9,20260628,5,"GSM615115"
9,20260628,5,"GSM615124"
9,20260628,5,"GSM615128"
9,20260628,5,"GSM615139"
9,20260628,5,"GSM615142"
9,20260628,5,"GSM615145"
9,20260628,5,"GSM615150"
9,20260628,5,"GSM615161"
9,20260628,5,"GSM615162"
9,20260628,5,"GSM615166"
9,20260628,5,"GSM615171"
9,20260628,5,"GSM615185"
9,20260628,5,"GSM615191"
9,20260628,5,"GSM615192"
9,20260628,5,"GSM615196"
9,20260628,5,"GSM615200"
9,20260628,5,"GSM615225"
9,20260628,5,"GSM615227"
9,20260628,5,"GSM615229"
9,20260628,5,"GSM615231"
9,20260628,5,"GSM615232"
9,20260628,5,"GSM615233"
9,20260628,5,"GSM615240"
9,20260628,5,"GSM615242"
9,20260628,5,"GSM615244"
9,20260628,5,"GSM615249"
9,20260628,5,"GSM615250"
9,20260628,5,"GSM615253"
9,20260628,5,"GSM615256"
9,20260628,5,"GSM615258"
9,20260628,5,"GSM615259"
9,20260628,5,"GSM615260"
9,20260628,5,"GSM615262"
9,20260628,5,"GSM615271"
9,20260628,5,"GSM615276"
9,20260628,5,"GSM615277"
9,20260628,5,"GSM615296"
9,20260628,5,"GSM615306"
9,20260628,5,"GSM615307"
9,20260628,5,"GSM615308"
9,20260628,5,"GSM615310"
9,20260628,5,"GSM615313"
9,20260628,5,"GSM615318"
9,20260628,5,"GSM615321"
9,20260628,5,"GSM615329"
9,20260628,5,"GSM615355"
9,20260628,5,"GSM615356"
9,20260628,5,"GSM615363"
9,20260628,5,"GSM615367"
9,20260628,5,"GSM615368"
9,20260628,5,"GSM615369"
9,20260628,5,"GSM615376"
9,20260628,5,"GSM615379"
9,20260628,5,"GSM615385"
9,20260628,5,"GSM615386"
9,20260628,5,"GSM615396"
10,20260629,1,"GSM615109"
10,20260629,1,"GSM615114"
10,20260629,1,"GSM615117"
10,20260629,1,"GSM615121"
10,20260629,1,"GSM615122"
10,20260629,1,"GSM615135"
10,20260629,1,"GSM615143"
10,20260629,1,"GSM615158"
10,20260629,1,"GSM615160"
10,20260629,1,"GSM615161"
10,20260629,1,"GSM615165"
10,20260629,1,"GSM615173"
10,20260629,1,"GSM615175"
10,20260629,1,"GSM615177"
10,20260629,1,"GSM615184"
10,20260629,1,"GSM615188"
10,20260629,1,"GSM615191"
10,20260629,1,"GSM615194"
10,20260629,1,"GSM615200"
10,20260629,1,"GSM615203"
10,20260629,1,"GSM615210"
10,20260629,1,"GSM615214"
10,20260629,1,"GSM615215"
10,20260629,1,"GSM615217"
10,20260629,1,"GSM615218"
10,20260629,1,"GSM615219"
10,20260629,1,"GSM615225"
10,20260629,1,"GSM615233"
10,20260629,1,"GSM615237"
10,20260629,1,"GSM615238"
10,20260629,1,"GSM615239"
10,20260629,1,"GSM615244"
10,20260629,1,"GSM615254"
10,20260629,1,"GSM615259"
10,20260629,1,"GSM615260"
10,20260629,1,"GSM615263"
10,20260629,1,"GSM615271"
10,20260629,1,"GSM615274"
10,20260629,1,"GSM615275"
10,20260629,1,"GSM615277"
10,20260629,1,"GSM615278"
10,20260629,1,"GSM615290"
10,20260629,1,"GSM615293"
10,20260629,1,"GSM615295"
10,20260629,1,"GSM615299"
10,20260629,1,"GSM615301"
10,20260629,1,"GSM615303"
10,20260629,1,"GSM615312"
10,20260629,1,"GSM615313"
10,20260629,1,"GSM615328"
10,20260629,1,"GSM615329"
10,20260629,1,"GSM615334"
10,20260629,1,"GSM615336"
10,20260629,1,"GSM615351"
10,20260629,1,"GSM615358"
10,20260629,1,"GSM615361"
10,20260629,1,"GSM615363"
10,20260629,1,"GSM615371"
10,20260629,1,"GSM615372"
10,20260629,1,"GSM615385"
10,20260629,1,"GSM615386"
10,20260629,1,"GSM615396"
10,20260629,2,"GSM615096"
10,20260629,2,"GSM615097"
10,20260629,2,"GSM615106"
10,20260629,2,"GSM615107"
10,20260629,2,"GSM615108"
10,20260629,2,"GSM615111"
10,20260629,2,"GSM615113"
10,20260629,2,"GSM615123"
10,20260629,2,"GSM615125"
10,20260629,2,"GSM615126"
10,20260629,2,"GSM615130"
10,20260629,2,"GSM615134"
10,20260629,2,"GSM615140"
10,20260629,2,"GSM615145"
10,20260629,2,"GSM615148"
10,20260629,2,"GSM615150"
10,20260629,2,"GSM615167"
10,20260629,2,"GSM615172"
10,20260629,2,"GSM615174"
10,20260629,2,"GSM615187"
10,20260629,2,"GSM615189"
10,20260629,2,"GSM615201"
10,20260629,2,"GSM615202"
10,20260629,2,"GSM615204"
10,20260629,2,"GSM615216"
10,20260629,2,"GSM615228"
10,20260629,2,"GSM615230"
10,20260629,2,"GSM615231"
10,20260629,2,"GSM615242"
10,20260629,2,"GSM615250"
10,20260629,2,"GSM615261"
10,20260629,2,"GSM615264"
10,20260629,2,"GSM615267"
10,20260629,2,"GSM615273"
10,20260629,2,"GSM615279"
10,20260629,2,"GSM615281"
10,20260629,2,"GSM615288"
10,20260629,2,"GSM615294"
10,20260629,2,"GSM615296"
10,20260629,2,"GSM615304"
10,20260629,2,"GSM615311"
10,20260629,2,"GSM615315"
10,20260629,2,"GSM615318"
10,20260629,2,"GSM615331"
10,20260629,2,"GSM615341"
10,20260629,2,"GSM615342"
10,20260629,2,"GSM615346"
10,20260629,2,"GSM615347"
10,20260629,2,"GSM615348"
10,20260629,2,"GSM615349"
10,20260629,2,"GSM615369"
10,20260629,2,"GSM615375"
10,20260629,2,"GSM615379"
10,20260629,2,"GSM615381"
10,20260629,2,"GSM615383"
10,20260629,2,"GSM615384"
10,20260629,2,"GSM615387"
10,20260629,2,"GSM615390"
10,20260629,2,"GSM615391"
10,20260629,2,"GSM615404"
10,20260629,2,"GSM615405"
10,20260629,3,"GSM615098"
10,20260629,3,"GSM615112"
10,20260629,3,"GSM615115"
10,20260629,3,"GSM615120"
10,20260629,3,"GSM615127"
10,20260629,3,"GSM615128"
10,20260629,3,"GSM615133"
10,20260629,3,"GSM615136"
10,20260629,3,"GSM615137"
10,20260629,3,"GSM615164"
10,20260629,3,"GSM615166"
10,20260629,3,"GSM615168"
10,20260629,3,"GSM615171"
10,20260629,3,"GSM615176"
10,20260629,3,"GSM615178"
10,20260629,3,"GSM615186"
10,20260629,3,"GSM615195"
10,20260629,3,"GSM615198"
10,20260629,3,"GSM615205"
10,20260629,3,"GSM615206"
10,20260629,3,"GSM615207"
10,20260629,3,"GSM615209"
10,20260629,3,"GSM615211"
10,20260629,3,"GSM615213"
10,20260629,3,"GSM615223"
10,20260629,3,"GSM615226"
10,20260629,3,"GSM615227"
10,20260629,3,"GSM615229"
10,20260629,3,"GSM615234"
10,20260629,3,"GSM615236"
10,20260629,3,"GSM615252"
10,20260629,3,"GSM615255"
10,20260629,3,"GSM615256"
10,20260629,3,"GSM615257"
10,20260629,3,"GSM615265"
10,20260629,3,"GSM615268"
10,20260629,3,"GSM615270"
10,20260629,3,"GSM615272"
10,20260629,3,"GSM615276"
10,20260629,3,"GSM615298"
10,20260629,3,"GSM615307"
10,20260629,3,"GSM615319"
10,20260629,3,"GSM615321"
10,20260629,3,"GSM615330"
10,20260629,3,"GSM615332"
10,20260629,3,"GSM615333"
10,20260629,3,"GSM615338"
10,20260629,3,"GSM615352"
10,20260629,3,"GSM615355"
10,20260629,3,"GSM615359"
10,20260629,3,"GSM615360"
10,20260629,3,"GSM615362"
10,20260629,3,"GSM615366"
10,20260629,3,"GSM615367"
10,20260629,3,"GSM615376"
10,20260629,3,"GSM615378"
10,20260629,3,"GSM615380"
10,20260629,3,"GSM615382"
10,20260629,3,"GSM615392"
10,20260629,3,"GSM615399"
10,20260629,3,"GSM615400"
10,20260629,3,"GSM615402"
10,20260629,4,"GSM615099"
10,20260629,4,"GSM615100"
10,20260629,4,"GSM615102"
10,20260629,4,"GSM615104"
10,20260629,4,"GSM615110"
10,20260629,4,"GSM615124"
10,20260629,4,"GSM615129"
10,20260629,4,"GSM615132"
10,20260629,4,"GSM615138"
10,20260629,4,"GSM615139"
10,20260629,4,"GSM615141"
10,20260629,4,"GSM615144"
10,20260629,4,"GSM615147"
10,20260629,4,"GSM615149"
10,20260629,4,"GSM615151"
10,20260629,4,"GSM615153"
10,20260629,4,"GSM615159"
10,20260629,4,"GSM615182"
10,20260629,4,"GSM615199"
10,20260629,4,"GSM615221"
10,20260629,4,"GSM615222"
10,20260629,4,"GSM615241"
10,20260629,4,"GSM615251"
10,20260629,4,"GSM615253"
10,20260629,4,"GSM615262"
10,20260629,4,"GSM615266"
10,20260629,4,"GSM615282"
10,20260629,4,"GSM615284"
10,20260629,4,"GSM615289"
10,20260629,4,"GSM615291"
10,20260629,4,"GSM615292"
10,20260629,4,"GSM615297"
10,20260629,4,"GSM615300"
10,20260629,4,"GSM615302"
10,20260629,4,"GSM615305"
10,20260629,4,"GSM615306"
10,20260629,4,"GSM615308"
10,20260629,4,"GSM615309"
10,20260629,4,"GSM615317"
10,20260629,4,"GSM615320"
10,20260629,4,"GSM615323"
10,20260629,4,"GSM615325"
10,20260629,4,"GSM615326"
10,20260629,4,"GSM615335"
10,20260629,4,"GSM615337"
10,20260629,4,"GSM615339"
10,20260629,4,"GSM615344"
10,20260629,4,"GSM615345"
10,20260629,4,"GSM615353"
10,20260629,4,"GSM615357"
10,20260629,4,"GSM615368"
10,20260629,4,"GSM615370"
10,20260629,4,"GSM615373"
10,20260629,4,"GSM615374"
10,20260629,4,"GSM615377"
10,20260629,4,"GSM615388"
10,20260629,4,"GSM615393"
10,20260629,4,"GSM615394"
10,20260629,4,"GSM615398"
10,20260629,4,"GSM615403"
10,20260629,5,"GSM615101"
10,20260629,5,"GSM615103"
10,20260629,5,"GSM615116"
10,20260629,5,"GSM615131"
10,20260629,5,"GSM615142"
10,20260629,5,"GSM615146"
10,20260629,5,"GSM615152"
10,20260629,5,"GSM615154"
10,20260629,5,"GSM615155"
10,20260629,5,"GSM615156"
10,20260629,5,"GSM615157"
10,20260629,5,"GSM615162"
10,20260629,5,"GSM615169"
10,20260629,5,"GSM615170"
10,20260629,5,"GSM615179"
10,20260629,5,"GSM615180"
10,20260629,5,"GSM615181"
10,20260629,5,"GSM615183"
10,20260629,5,"GSM615185"
10,20260629,5,"GSM615190"
10,20260629,5,"GSM615192"
10,20260629,5,"GSM615193"
10,20260629,5,"GSM615196"
10,20260629,5,"GSM615197"
10,20260629,5,"GSM615208"
10,20260629,5,"GSM615212"
10,20260629,5,"GSM615220"
10,20260629,5,"GSM615224"
10,20260629,5,"GSM615232"
10,20260629,5,"GSM615235"
10,20260629,5,"GSM615240"
10,20260629,5,"GSM615243"
10,20260629,5,"GSM615245"
10,20260629,5,"GSM615246"
10,20260629,5,"GSM615247"
10,20260629,5,"GSM615248"
10,20260629,5,"GSM615249"
10,20260629,5,"GSM615258"
10,20260629,5,"GSM615269"
10,20260629,5,"GSM615280"
10,20260629,5,"GSM615283"
10,20260629,5,"GSM615285"
10,20260629,5,"GSM615286"
10,20260629,5,"GSM615287"
10,20260629,5,"GSM615310"
10,20260629,5,"GSM615314"
10,20260629,5,"GSM615316"
10,20260629,5,"GSM615322"
10,20260629,5,"GSM615324"
10,20260629,5,"GSM615327"
10,20260629,5,"GSM615340"
10,20260629,5,"GSM615343"
10,20260629,5,"GSM615350"
10,20260629,5,"GSM615354"
10,20260629,5,"GSM615356"
10,20260629,5,"GSM615364"
10,20260629,5,"GSM615365"
10,20260629,5,"GSM615389"
10,20260629,5,"GSM615395"
10,20260629,5,"GSM615397"
10,20260629,5,"GSM615401"
11,20260630,1,"GSM615102"
11,20260630,1,"GSM615107"
11,20260630,1,"GSM615108"
11,20260630,1,"GSM615109"
11,20260630,1,"GSM615121"
11,20260630,1,"GSM615122"
11,20260630,1,"GSM615123"
11,20260630,1,"GSM615125"
11,20260630,1,"GSM615129"
11,20260630,1,"GSM615132"
11,20260630,1,"GSM615133"
11,20260630,1,"GSM615134"
11,20260630,1,"GSM615135"
11,20260630,1,"GSM615144"
11,20260630,1,"GSM615145"
11,20260630,1,"GSM615147"
11,20260630,1,"GSM615150"
11,20260630,1,"GSM615156"
11,20260630,1,"GSM615161"
11,20260630,1,"GSM615164"
11,20260630,1,"GSM615176"
11,20260630,1,"GSM615177"
11,20260630,1,"GSM615179"
11,20260630,1,"GSM615185"
11,20260630,1,"GSM615187"
11,20260630,1,"GSM615192"
11,20260630,1,"GSM615193"
11,20260630,1,"GSM615198"
11,20260630,1,"GSM615200"
11,20260630,1,"GSM615202"
11,20260630,1,"GSM615203"
11,20260630,1,"GSM615207"
11,20260630,1,"GSM615212"
11,20260630,1,"GSM615223"
11,20260630,1,"GSM615233"
11,20260630,1,"GSM615235"
11,20260630,1,"GSM615251"
11,20260630,1,"GSM615253"
11,20260630,1,"GSM615255"
11,20260630,1,"GSM615260"
11,20260630,1,"GSM615273"
11,20260630,1,"GSM615286"
11,20260630,1,"GSM615291"
11,20260630,1,"GSM615294"
11,20260630,1,"GSM615296"
11,20260630,1,"GSM615310"
11,20260630,1,"GSM615321"
11,20260630,1,"GSM615328"
11,20260630,1,"GSM615330"
11,20260630,1,"GSM615340"
11,20260630,1,"GSM615353"
11,20260630,1,"GSM615358"
11,20260630,1,"GSM615362"
11,20260630,1,"GSM615364"
11,20260630,1,"GSM615367"
11,20260630,1,"GSM615375"
11,20260630,1,"GSM615379"
11,20260630,1,"GSM615380"
11,20260630,1,"GSM615387"
11,20260630,1,"GSM615394"
11,20260630,1,"GSM615398"
11,20260630,1,"GSM615405"
11,20260630,2,"GSM615103"
11,20260630,2,"GSM615114"
11,20260630,2,"GSM615131"
11,20260630,2,"GSM615140"
11,20260630,2,"GSM615141"
11,20260630,2,"GSM615142"
11,20260630,2,"GSM615143"
11,20260630,2,"GSM615146"
11,20260630,2,"GSM615148"
11,20260630,2,"GSM615151"
11,20260630,2,"GSM615154"
11,20260630,2,"GSM615159"
11,20260630,2,"GSM615162"
11,20260630,2,"GSM615168"
11,20260630,2,"GSM615170"
11,20260630,2,"GSM615172"
11,20260630,2,"GSM615184"
11,20260630,2,"GSM615194"
11,20260630,2,"GSM615199"
11,20260630,2,"GSM615208"
11,20260630,2,"GSM615210"
11,20260630,2,"GSM615216"
11,20260630,2,"GSM615219"
11,20260630,2,"GSM615222"
11,20260630,2,"GSM615226"
11,20260630,2,"GSM615230"
11,20260630,2,"GSM615232"
11,20260630,2,"GSM615236"
11,20260630,2,"GSM615244"
11,20260630,2,"GSM615252"
11,20260630,2,"GSM615270"
11,20260630,2,"GSM615275"
11,20260630,2,"GSM615276"
11,20260630,2,"GSM615278"
11,20260630,2,"GSM615279"
11,20260630,2,"GSM615283"
11,20260630,2,"GSM615287"
11,20260630,2,"GSM615293"
11,20260630,2,"GSM615297"
11,20260630,2,"GSM615298"
11,20260630,2,"GSM615302"
11,20260630,2,"GSM615303"
11,20260630,2,"GSM615306"
11,20260630,2,"GSM615314"
11,20260630,2,"GSM615319"
11,20260630,2,"GSM615334"
11,20260630,2,"GSM615337"
11,20260630,2,"GSM615338"
11,20260630,2,"GSM615341"
11,20260630,2,"GSM615349"
11,20260630,2,"GSM615351"
11,20260630,2,"GSM615356"
11,20260630,2,"GSM615359"
11,20260630,2,"GSM615360"
11,20260630,2,"GSM615363"
11,20260630,2,"GSM615373"
11,20260630,2,"GSM615376"
11,20260630,2,"GSM615381"
11,20260630,2,"GSM615385"
11,20260630,2,"GSM615397"
11,20260630,2,"GSM615404"
11,20260630,3,"GSM615100"
11,20260630,3,"GSM615104"
11,20260630,3,"GSM615111"
11,20260630,3,"GSM615116"
11,20260630,3,"GSM615117"
11,20260630,3,"GSM615126"
11,20260630,3,"GSM615127"
11,20260630,3,"GSM615128"
11,20260630,3,"GSM615137"
11,20260630,3,"GSM615152"
11,20260630,3,"GSM615157"
11,20260630,3,"GSM615166"
11,20260630,3,"GSM615180"
11,20260630,3,"GSM615189"
11,20260630,3,"GSM615190"
11,20260630,3,"GSM615195"
11,20260630,3,"GSM615204"
11,20260630,3,"GSM615205"
11,20260630,3,"GSM615209"
11,20260630,3,"GSM615211"
11,20260630,3,"GSM615213"
11,20260630,3,"GSM615214"
11,20260630,3,"GSM615217"
11,20260630,3,"GSM615224"
11,20260630,3,"GSM615231"
11,20260630,3,"GSM615241"
11,20260630,3,"GSM615242"
11,20260630,3,"GSM615258"
11,20260630,3,"GSM615259"
11,20260630,3,"GSM615263"
11,20260630,3,"GSM615265"
11,20260630,3,"GSM615266"
11,20260630,3,"GSM615267"
11,20260630,3,"GSM615271"
11,20260630,3,"GSM615274"
11,20260630,3,"GSM615280"
11,20260630,3,"GSM615281"
11,20260630,3,"GSM615284"
11,20260630,3,"GSM615289"
11,20260630,3,"GSM615290"
11,20260630,3,"GSM615305"
11,20260630,3,"GSM615312"
11,20260630,3,"GSM615325"
11,20260630,3,"GSM615326"
11,20260630,3,"GSM615333"
11,20260630,3,"GSM615335"
11,20260630,3,"GSM615336"
11,20260630,3,"GSM615342"
11,20260630,3,"GSM615345"
11,20260630,3,"GSM615346"
11,20260630,3,"GSM615352"
11,20260630,3,"GSM615357"
11,20260630,3,"GSM615365"
11,20260630,3,"GSM615369"
11,20260630,3,"GSM615370"
11,20260630,3,"GSM615374"
11,20260630,3,"GSM615382"
11,20260630,3,"GSM615383"
11,20260630,3,"GSM615389"
11,20260630,3,"GSM615395"
11,20260630,3,"GSM615403"
11,20260630,4,"GSM615097"
11,20260630,4,"GSM615098"
11,20260630,4,"GSM615101"
11,20260630,4,"GSM615110"
11,20260630,4,"GSM615113"
11,20260630,4,"GSM615115"
11,20260630,4,"GSM615120"
11,20260630,4,"GSM615130"
11,20260630,4,"GSM615136"
11,20260630,4,"GSM615138"
11,20260630,4,"GSM615139"
11,20260630,4,"GSM615149"
11,20260630,4,"GSM615153"
11,20260630,4,"GSM615155"
11,20260630,4,"GSM615158"
11,20260630,4,"GSM615165"
11,20260630,4,"GSM615167"
11,20260630,4,"GSM615169"
11,20260630,4,"GSM615171"
11,20260630,4,"GSM615175"
11,20260630,4,"GSM615182"
11,20260630,4,"GSM615183"
11,20260630,4,"GSM615186"
11,20260630,4,"GSM615196"
11,20260630,4,"GSM615206"
11,20260630,4,"GSM615215"
11,20260630,4,"GSM615221"
11,20260630,4,"GSM615228"
11,20260630,4,"GSM615229"
11,20260630,4,"GSM615234"
11,20260630,4,"GSM615238"
11,20260630,4,"GSM615239"
11,20260630,4,"GSM615243"
11,20260630,4,"GSM615245"
11,20260630,4,"GSM615247"
11,20260630,4,"GSM615249"
11,20260630,4,"GSM615250"
11,20260630,4,"GSM615254"
11,20260630,4,"GSM615257"
11,20260630,4,"GSM615262"
11,20260630,4,"GSM615264"
11,20260630,4,"GSM615268"
11,20260630,4,"GSM615285"
11,20260630,4,"GSM615299"
11,20260630,4,"GSM615308"
11,20260630,4,"GSM615311"
11,20260630,4,"GSM615316"
11,20260630,4,"GSM615317"
11,20260630,4,"GSM615322"
11,20260630,4,"GSM615332"
11,20260630,4,"GSM615348"
11,20260630,4,"GSM615350"
11,20260630,4,"GSM615354"
11,20260630,4,"GSM615368"
11,20260630,4,"GSM615384"
11,20260630,4,"GSM615386"
11,20260630,4,"GSM615388"
11,20260630,4,"GSM615390"
11,20260630,4,"GSM615393"
11,20260630,4,"GSM615396"
11,20260630,4,"GSM615400"
11,20260630,5,"GSM615096"
11,20260630,5,"GSM615099"
11,20260630,5,"GSM615106"
11,20260630,5,"GSM615112"
11,20260630,5,"GSM615124"
11,20260630,5,"GSM615160"
11,20260630,5,"GSM615173"
11,20260630,5,"GSM615174"
11,20260630,5,"GSM615178"
11,20260630,5,"GSM615181"
11,20260630,5,"GSM615188"
11,20260630,5,"GSM615191"
11,20260630,5,"GSM615197"
11,20260630,5,"GSM615201"
11,20260630,5,"GSM615218"
11,20260630,5,"GSM615220"
11,20260630,5,"GSM615225"
11,20260630,5,"GSM615227"
11,20260630,5,"GSM615237"
11,20260630,5,"GSM615240"
11,20260630,5,"GSM615246"
11,20260630,5,"GSM615248"
11,20260630,5,"GSM615256"
11,20260630,5,"GSM615261"
11,20260630,5,"GSM615269"
11,20260630,5,"GSM615272"
11,20260630,5,"GSM615277"
11,20260630,5,"GSM615282"
11,20260630,5,"GSM615288"
11,20260630,5,"GSM615292"
11,20260630,5,"GSM615295"
11,20260630,5,"GSM615300"
11,20260630,5,"GSM615301"
11,20260630,5,"GSM615304"
11,20260630,5,"GSM615307"
11,20260630,5,"GSM615309"
11,20260630,5,"GSM615313"
11,20260630,5,"GSM615315"
11,20260630,5,"GSM615318"
11,20260630,5,"GSM615320"
11,20260630,5,"GSM615323"
11,20260630,5,"GSM615324"
11,20260630,5,"GSM615327"
11,20260630,5,"GSM615329"
11,20260630,5,"GSM615331"
11,20260630,5,"GSM615339"
11,20260630,5,"GSM615343"
11,20260630,5,"GSM615344"
11,20260630,5,"GSM615347"
11,20260630,5,"GSM615355"
11,20260630,5,"GSM615361"
11,20260630,5,"GSM615366"
11,20260630,5,"GSM615371"
11,20260630,5,"GSM615372"
11,20260630,5,"GSM615377"
11,20260630,5,"GSM615378"
11,20260630,5,"GSM615391"
11,20260630,5,"GSM615392"
11,20260630,5,"GSM615399"
11,20260630,5,"GSM615401"
11,20260630,5,"GSM615402"
12,20260631,1,"GSM615101"
12,20260631,1,"GSM615113"
12,20260631,1,"GSM615117"
12,20260631,1,"GSM615120"
12,20260631,1,"GSM615121"
12,20260631,1,"GSM615125"
12,20260631,1,"GSM615143"
12,20260631,1,"GSM615144"
12,20260631,1,"GSM615153"
12,20260631,1,"GSM615154"
12,20260631,1,"GSM615158"
12,20260631,1,"GSM615167"
12,20260631,1,"GSM615170"
12,20260631,1,"GSM615171"
12,20260631,1,"GSM615172"
12,20260631,1,"GSM615176"
12,20260631,1,"GSM615177"
12,20260631,1,"GSM615180"
12,20260631,1,"GSM615187"
12,20260631,1,"GSM615190"
12,20260631,1,"GSM615193"
12,20260631,1,"GSM615194"
12,20260631,1,"GSM615196"
12,20260631,1,"GSM615208"
12,20260631,1,"GSM615212"
12,20260631,1,"GSM615221"
12,20260631,1,"GSM615222"
12,20260631,1,"GSM615225"
12,20260631,1,"GSM615229"
12,20260631,1,"GSM615232"
12,20260631,1,"GSM615233"
12,20260631,1,"GSM615243"
12,20260631,1,"GSM615261"
12,20260631,1,"GSM615264"
12,20260631,1,"GSM615267"
12,20260631,1,"GSM615276"
12,20260631,1,"GSM615285"
12,20260631,1,"GSM615289"
12,20260631,1,"GSM615297"
12,20260631,1,"GSM615298"
12,20260631,1,"GSM615311"
12,20260631,1,"GSM615314"
12,20260631,1,"GSM615317"
12,20260631,1,"GSM615325"
12,20260631,1,"GSM615329"
12,20260631,1,"GSM615336"
12,20260631,1,"GSM615341"
12,20260631,1,"GSM615346"
12,20260631,1,"GSM615372"
12,20260631,1,"GSM615373"
12,20260631,1,"GSM615376"
12,20260631,1,"GSM615377"
12,20260631,1,"GSM615381"
12,20260631,1,"GSM615382"
12,20260631,1,"GSM615384"
12,20260631,1,"GSM615386"
12,20260631,1,"GSM615390"
12,20260631,1,"GSM615391"
12,20260631,1,"GSM615393"
12,20260631,1,"GSM615395"
12,20260631,1,"GSM615397"
12,20260631,1,"GSM615404"
12,20260631,2,"GSM615104"
12,20260631,2,"GSM615109"
12,20260631,2,"GSM615110"
12,20260631,2,"GSM615123"
12,20260631,2,"GSM615140"
12,20260631,2,"GSM615157"
12,20260631,2,"GSM615162"
12,20260631,2,"GSM615165"
12,20260631,2,"GSM615169"
12,20260631,2,"GSM615179"
12,20260631,2,"GSM615183"
12,20260631,2,"GSM615189"
12,20260631,2,"GSM615198"
12,20260631,2,"GSM615199"
12,20260631,2,"GSM615200"
12,20260631,2,"GSM615201"
12,20260631,2,"GSM615205"
12,20260631,2,"GSM615213"
12,20260631,2,"GSM615223"
12,20260631,2,"GSM615224"
12,20260631,2,"GSM615226"
12,20260631,2,"GSM615237"
12,20260631,2,"GSM615242"
12,20260631,2,"GSM615251"
12,20260631,2,"GSM615252"
12,20260631,2,"GSM615255"
12,20260631,2,"GSM615257"
12,20260631,2,"GSM615258"
12,20260631,2,"GSM615259"
12,20260631,2,"GSM615273"
12,20260631,2,"GSM615275"
12,20260631,2,"GSM615288"
12,20260631,2,"GSM615290"
12,20260631,2,"GSM615293"
12,20260631,2,"GSM615294"
12,20260631,2,"GSM615295"
12,20260631,2,"GSM615300"
12,20260631,2,"GSM615308"
12,20260631,2,"GSM615309"
12,20260631,2,"GSM615315"
12,20260631,2,"GSM615318"
12,20260631,2,"GSM615323"
12,20260631,2,"GSM615324"
12,20260631,2,"GSM615326"
12,20260631,2,"GSM615330"
12,20260631,2,"GSM615343"
12,20260631,2,"GSM615344"
12,20260631,2,"GSM615345"
12,20260631,2,"GSM615350"
12,20260631,2,"GSM615353"
12,20260631,2,"GSM615359"
12,20260631,2,"GSM615361"
12,20260631,2,"GSM615365"
12,20260631,2,"GSM615366"
12,20260631,2,"GSM615375"
12,20260631,2,"GSM615387"
12,20260631,2,"GSM615388"
12,20260631,2,"GSM615392"
12,20260631,2,"GSM615398"
12,20260631,2,"GSM615400"
12,20260631,2,"GSM615403"
12,20260631,3,"GSM615096"
12,20260631,3,"GSM615100"
12,20260631,3,"GSM615102"
12,20260631,3,"GSM615103"
12,20260631,3,"GSM615108"
12,20260631,3,"GSM615112"
12,20260631,3,"GSM615116"
12,20260631,3,"GSM615122"
12,20260631,3,"GSM615124"
12,20260631,3,"GSM615127"
12,20260631,3,"GSM615131"
12,20260631,3,"GSM615132"
12,20260631,3,"GSM615134"
12,20260631,3,"GSM615141"
12,20260631,3,"GSM615147"
12,20260631,3,"GSM615149"
12,20260631,3,"GSM615150"
12,20260631,3,"GSM615151"
12,20260631,3,"GSM615155"
12,20260631,3,"GSM615156"
12,20260631,3,"GSM615159"
12,20260631,3,"GSM615164"
12,20260631,3,"GSM615168"
12,20260631,3,"GSM615181"
12,20260631,3,"GSM615182"
12,20260631,3,"GSM615188"
12,20260631,3,"GSM615204"
12,20260631,3,"GSM615209"
12,20260631,3,"GSM615210"
12,20260631,3,"GSM615218"
12,20260631,3,"GSM615235"
12,20260631,3,"GSM615236"
12,20260631,3,"GSM615245"
12,20260631,3,"GSM615248"
12,20260631,3,"GSM615260"
12,20260631,3,"GSM615263"
12,20260631,3,"GSM615265"
12,20260631,3,"GSM615266"
12,20260631,3,"GSM615269"
12,20260631,3,"GSM615284"
12,20260631,3,"GSM615291"
12,20260631,3,"GSM615296"
12,20260631,3,"GSM615302"
12,20260631,3,"GSM615312"
12,20260631,3,"GSM615313"
12,20260631,3,"GSM615316"
12,20260631,3,"GSM615319"
12,20260631,3,"GSM615320"
12,20260631,3,"GSM615331"
12,20260631,3,"GSM615337"
12,20260631,3,"GSM615338"
12,20260631,3,"GSM615348"
12,20260631,3,"GSM615354"
12,20260631,3,"GSM615360"
12,20260631,3,"GSM615368"
12,20260631,3,"GSM615369"
12,20260631,3,"GSM615374"
12,20260631,3,"GSM615380"
12,20260631,3,"GSM615383"
12,20260631,3,"GSM615389"
12,20260631,3,"GSM615405"
12,20260631,4,"GSM615098"
12,20260631,4,"GSM615099"
12,20260631,4,"GSM615106"
12,20260631,4,"GSM615115"
12,20260631,4,"GSM615133"
12,20260631,4,"GSM615135"
12,20260631,4,"GSM615142"
12,20260631,4,"GSM615146"
12,20260631,4,"GSM615148"
12,20260631,4,"GSM615152"
12,20260631,4,"GSM615161"
12,20260631,4,"GSM615166"
12,20260631,4,"GSM615173"
12,20260631,4,"GSM615184"
12,20260631,4,"GSM615185"
12,20260631,4,"GSM615207"
12,20260631,4,"GSM615211"
12,20260631,4,"GSM615214"
12,20260631,4,"GSM615215"
12,20260631,4,"GSM615227"
12,20260631,4,"GSM615228"
12,20260631,4,"GSM615234"
12,20260631,4,"GSM615238"
12,20260631,4,"GSM615239"
12,20260631,4,"GSM615240"
12,20260631,4,"GSM615244"
12,20260631,4,"GSM615247"
12,20260631,4,"GSM615250"
12,20260631,4,"GSM615254"
12,20260631,4,"GSM615270"
12,20260631,4,"GSM615271"
12,20260631,4,"GSM615272"
12,20260631,4,"GSM615274"
12,20260631,4,"GSM615279"
12,20260631,4,"GSM615281"
12,20260631,4,"GSM615282"
12,20260631,4,"GSM615286"
12,20260631,4,"GSM615287"
12,20260631,4,"GSM615292"
12,20260631,4,"GSM615299"
12,20260631,4,"GSM615301"
12,20260631,4,"GSM615303"
12,20260631,4,"GSM615305"
12,20260631,4,"GSM615322"
12,20260631,4,"GSM615332"
12,20260631,4,"GSM615333"
12,20260631,4,"GSM615334"
12,20260631,4,"GSM615335"
12,20260631,4,"GSM615339"
12,20260631,4,"GSM615349"
12,20260631,4,"GSM615356"
12,20260631,4,"GSM615357"
12,20260631,4,"GSM615362"
12,20260631,4,"GSM615364"
12,20260631,4,"GSM615371"
12,20260631,4,"GSM615378"
12,20260631,4,"GSM615379"
12,20260631,4,"GSM615385"
12,20260631,4,"GSM615396"
12,20260631,4,"GSM615399"
12,20260631,4,"GSM615402"
12,20260631,5,"GSM615097"
12,20260631,5,"GSM615107"
12,20260631,5,"GSM615111"
12,20260631,5,"GSM615114"
12,20260631,5,"GSM615126"
12,20260631,5,"GSM615128"
12,20260631,5,"GSM615129"
12,20260631,5,"GSM615130"
12,20260631,5,"GSM615136"
12,20260631,5,"GSM615137"
12,20260631,5,"GSM615138"
12,20260631,5,"GSM615139"
12,20260631,5,"GSM615145"
12,20260631,5,"GSM615160"
12,20260631,5,"GSM615174"
12,20260631,5,"GSM615175"
12,20260631,5,"GSM615178"
12,20260631,5,"GSM615186"
12,20260631,5,"GSM615191"
12,20260631,5,"GSM615192"
12,20260631,5,"GSM615195"
12,20260631,5,"GSM615197"
12,20260631,5,"GSM615202"
12,20260631,5,"GSM615203"
12,20260631,5,"GSM615206"
12,20260631,5,"GSM615216"
12,20260631,5,"GSM615217"
12,20260631,5,"GSM615219"
12,20260631,5,"GSM615220"
12,20260631,5,"GSM615230"
12,20260631,5,"GSM615231"
12,20260631,5,"GSM615241"
12,20260631,5,"GSM615246"
12,20260631,5,"GSM615249"
12,20260631,5,"GSM615253"
12,20260631,5,"GSM615256"
12,20260631,5,"GSM615262"
12,20260631,5,"GSM615268"
12,20260631,5,"GSM615277"
12,20260631,5,"GSM615278"
12,20260631,5,"GSM615280"
12,20260631,5,"GSM615283"
12,20260631,5,"GSM615304"
12,20260631,5,"GSM615306"
12,20260631,5,"GSM615307"
12,20260631,5,"GSM615310"
12,20260631,5,"GSM615321"
12,20260631,5,"GSM615327"
12,20260631,5,"GSM615328"
12,20260631,5,"GSM615340"
12,20260631,5,"GSM615342"
12,20260631,5,"GSM615347"
12,20260631,5,"GSM615351"
12,20260631,5,"GSM615352"
12,20260631,5,"GSM615355"
12,20260631,5,"GSM615358"
12,20260631,5,"GSM615363"
12,20260631,5,"GSM615367"
12,20260631,5,"GSM615370"
12,20260631,5,"GSM615394"
12,20260631,5,"GSM615401"
13,20260632,1,"GSM615102"
13,20260632,1,"GSM615108"
13,20260632,1,"GSM615115"
13,20260632,1,"GSM615132"
13,20260632,1,"GSM615135"
13,20260632,1,"GSM615139"
13,20260632,1,"GSM615140"
13,20260632,1,"GSM615143"
13,20260632,1,"GSM615149"
13,20260632,1,"GSM615158"
13,20260632,1,"GSM615171"
13,20260632,1,"GSM615183"
13,20260632,1,"GSM615185"
13,20260632,1,"GSM615187"
13,20260632,1,"GSM615189"
13,20260632,1,"GSM615196"
13,20260632,1,"GSM615206"
13,20260632,1,"GSM615214"
13,20260632,1,"GSM615222"
13,20260632,1,"GSM615223"
13,20260632,1,"GSM615227"
13,20260632,1,"GSM615240"
13,20260632,1,"GSM615241"
13,20260632,1,"GSM615244"
13,20260632,1,"GSM615252"
13,20260632,1,"GSM615254"
13,20260632,1,"GSM615255"
13,20260632,1,"GSM615275"
13,20260632,1,"GSM615276"
13,20260632,1,"GSM615278"
13,20260632,1,"GSM615281"
13,20260632,1,"GSM615282"
13,20260632,1,"GSM615284"
13,20260632,1,"GSM615302"
13,20260632,1,"GSM615306"
13,20260632,1,"GSM615307"
13,20260632,1,"GSM615309"
13,20260632,1,"GSM615312"
13,20260632,1,"GSM615319"
13,20260632,1,"GSM615320"
13,20260632,1,"GSM615336"
13,20260632,1,"GSM615339"
13,20260632,1,"GSM615347"
13,20260632,1,"GSM615351"
13,20260632,1,"GSM615353"
13,20260632,1,"GSM615355"
13,20260632,1,"GSM615360"
13,20260632,1,"GSM615362"
13,20260632,1,"GSM615367"
13,20260632,1,"GSM615370"
13,20260632,1,"GSM615374"
13,20260632,1,"GSM615381"
13,20260632,1,"GSM615382"
13,20260632,1,"GSM615383"
13,20260632,1,"GSM615386"
13,20260632,1,"GSM615389"
13,20260632,1,"GSM615394"
13,20260632,1,"GSM615398"
13,20260632,1,"GSM615401"
13,20260632,1,"GSM615404"
13,20260632,1,"GSM615405"
13,20260632,2,"GSM615096"
13,20260632,2,"GSM615097"
13,20260632,2,"GSM615098"
13,20260632,2,"GSM615099"
13,20260632,2,"GSM615101"
13,20260632,2,"GSM615109"
13,20260632,2,"GSM615117"
13,20260632,2,"GSM615122"
13,20260632,2,"GSM615123"
13,20260632,2,"GSM615126"
13,20260632,2,"GSM615137"
13,20260632,2,"GSM615141"
13,20260632,2,"GSM615145"
13,20260632,2,"GSM615147"
13,20260632,2,"GSM615148"
13,20260632,2,"GSM615150"
13,20260632,2,"GSM615160"
13,20260632,2,"GSM615165"
13,20260632,2,"GSM615168"
13,20260632,2,"GSM615173"
13,20260632,2,"GSM615175"
13,20260632,2,"GSM615178"
13,20260632,2,"GSM615179"
13,20260632,2,"GSM615184"
13,20260632,2,"GSM615188"
13,20260632,2,"GSM615200"
13,20260632,2,"GSM615203"
13,20260632,2,"GSM615221"
13,20260632,2,"GSM615225"
13,20260632,2,"GSM615228"
13,20260632,2,"GSM615231"
13,20260632,2,"GSM615239"
13,20260632,2,"GSM615246"
13,20260632,2,"GSM615253"
13,20260632,2,"GSM615256"
13,20260632,2,"GSM615261"
13,20260632,2,"GSM615263"
13,20260632,2,"GSM615264"
13,20260632,2,"GSM615274"
13,20260632,2,"GSM615288"
13,20260632,2,"GSM615290"
13,20260632,2,"GSM615291"
13,20260632,2,"GSM615295"
13,20260632,2,"GSM615304"
13,20260632,2,"GSM615315"
13,20260632,2,"GSM615316"
13,20260632,2,"GSM615321"
13,20260632,2,"GSM615330"
13,20260632,2,"GSM615334"
13,20260632,2,"GSM615338"
13,20260632,2,"GSM615346"
13,20260632,2,"GSM615352"
13,20260632,2,"GSM615368"
13,20260632,2,"GSM615373"
13,20260632,2,"GSM615376"
13,20260632,2,"GSM615378"
13,20260632,2,"GSM615379"
13,20260632,2,"GSM615380"
13,20260632,2,"GSM615385"
13,20260632,2,"GSM615390"
13,20260632,2,"GSM615392"
13,20260632,2,"GSM615395"
13,20260632,3,"GSM615100"
13,20260632,3,"GSM615106"
13,20260632,3,"GSM615110"
13,20260632,3,"GSM615113"
13,20260632,3,"GSM615120"
13,20260632,3,"GSM615121"
13,20260632,3,"GSM615124"
13,20260632,3,"GSM615127"
13,20260632,3,"GSM615129"
13,20260632,3,"GSM615133"
13,20260632,3,"GSM615151"
13,20260632,3,"GSM615154"
13,20260632,3,"GSM615164"
13,20260632,3,"GSM615166"
13,20260632,3,"GSM615170"
13,20260632,3,"GSM615177"
13,20260632,3,"GSM615186"
13,20260632,3,"GSM615195"
13,20260632,3,"GSM615197"
13,20260632,3,"GSM615201"
13,20260632,3,"GSM615202"
13,20260632,3,"GSM615210"
13,20260632,3,"GSM615211"
13,20260632,3,"GSM615217"
13,20260632,3,"GSM615220"
13,20260632,3,"GSM615226"
13,20260632,3,"GSM615245"
13,20260632,3,"GSM615248"
13,20260632,3,"GSM615262"
13,20260632,3,"GSM615266"
13,20260632,3,"GSM615271"
13,20260632,3,"GSM615283"
13,20260632,3,"GSM615292"
13,20260632,3,"GSM615294"
13,20260632,3,"GSM615296"
13,20260632,3,"GSM615303"
13,20260632,3,"GSM615305"
13,20260632,3,"GSM615308"
13,20260632,3,"GSM615310"
13,20260632,3,"GSM615323"
13,20260632,3,"GSM615325"
13,20260632,3,"GSM615326"
13,20260632,3,"GSM615327"
13,20260632,3,"GSM615328"
13,20260632,3,"GSM615329"
13,20260632,3,"GSM615331"
13,20260632,3,"GSM615333"
13,20260632,3,"GSM615343"
13,20260632,3,"GSM615344"
13,20260632,3,"GSM615345"
13,20260632,3,"GSM615348"
13,20260632,3,"GSM615356"
13,20260632,3,"GSM615358"
13,20260632,3,"GSM615371"
13,20260632,3,"GSM615377"
13,20260632,3,"GSM615384"
13,20260632,3,"GSM615387"
13,20260632,3,"GSM615388"
13,20260632,3,"GSM615391"
13,20260632,3,"GSM615400"
13,20260632,4,"GSM615104"
13,20260632,4,"GSM615112"
13,20260632,4,"GSM615116"
13,20260632,4,"GSM615128"
13,20260632,4,"GSM615130"
13,20260632,4,"GSM615138"
13,20260632,4,"GSM615142"
13,20260632,4,"GSM615144"
13,20260632,4,"GSM615146"
13,20260632,4,"GSM615153"
13,20260632,4,"GSM615161"
13,20260632,4,"GSM615167"
13,20260632,4,"GSM615180"
13,20260632,4,"GSM615181"
13,20260632,4,"GSM615192"
13,20260632,4,"GSM615193"
13,20260632,4,"GSM615194"
13,20260632,4,"GSM615198"
13,20260632,4,"GSM615199"
13,20260632,4,"GSM615205"
13,20260632,4,"GSM615207"
13,20260632,4,"GSM615208"
13,20260632,4,"GSM615209"
13,20260632,4,"GSM615216"
13,20260632,4,"GSM615218"
13,20260632,4,"GSM615219"
13,20260632,4,"GSM615229"
13,20260632,4,"GSM615233"
13,20260632,4,"GSM615234"
13,20260632,4,"GSM615237"
13,20260632,4,"GSM615243"
13,20260632,4,"GSM615251"
13,20260632,4,"GSM615257"
13,20260632,4,"GSM615258"
13,20260632,4,"GSM615260"
13,20260632,4,"GSM615265"
13,20260632,4,"GSM615270"
13,20260632,4,"GSM615272"
13,20260632,4,"GSM615280"
13,20260632,4,"GSM615285"
13,20260632,4,"GSM615286"
13,20260632,4,"GSM615293"
13,20260632,4,"GSM615301"
13,20260632,4,"GSM615313"
13,20260632,4,"GSM615314"
13,20260632,4,"GSM615317"
13,20260632,4,"GSM615322"
13,20260632,4,"GSM615324"
13,20260632,4,"GSM615332"
13,20260632,4,"GSM615337"
13,20260632,4,"GSM615340"
13,20260632,4,"GSM615341"
13,20260632,4,"GSM615342"
13,20260632,4,"GSM615349"
13,20260632,4,"GSM615350"
13,20260632,4,"GSM615363"
13,20260632,4,"GSM615364"
13,20260632,4,"GSM615366"
13,20260632,4,"GSM615372"
13,20260632,4,"GSM615397"
13,20260632,4,"GSM615399"
13,20260632,5,"GSM615103"
13,20260632,5,"GSM615107"
13,20260632,5,"GSM615111"
13,20260632,5,"GSM615114"
13,20260632,5,"GSM615125"
13,20260632,5,"GSM615131"
13,20260632,5,"GSM615134"
13,20260632,5,"GSM615136"
13,20260632,5,"GSM615152"
13,20260632,5,"GSM615155"
13,20260632,5,"GSM615156"
13,20260632,5,"GSM615157"
13,20260632,5,"GSM615159"
13,20260632,5,"GSM615162"
13,20260632,5,"GSM615169"
13,20260632,5,"GSM615172"
13,20260632,5,"GSM615174"
13,20260632,5,"GSM615176"
13,20260632,5,"GSM615182"
13,20260632,5,"GSM615190"
13,20260632,5,"GSM615191"
13,20260632,5,"GSM615204"
13,20260632,5,"GSM615212"
13,20260632,5,"GSM615213"
13,20260632,5,"GSM615215"
13,20260632,5,"GSM615224"
13,20260632,5,"GSM615230"
13,20260632,5,"GSM615232"
13,20260632,5,"GSM615235"
13,20260632,5,"GSM615236"
13,20260632,5,"GSM615238"
13,20260632,5,"GSM615242"
13,20260632,5,"GSM615247"
13,20260632,5,"GSM615249"
13,20260632,5,"GSM615250"
13,20260632,5,"GSM615259"
13,20260632,5,"GSM615267"
13,20260632,5,"GSM615268"
13,20260632,5,"GSM615269"
13,20260632,5,"GSM615273"
13,20260632,5,"GSM615277"
13,20260632,5,"GSM615279"
13,20260632,5,"GSM615287"
13,20260632,5,"GSM615289"
13,20260632,5,"GSM615297"
13,20260632,5,"GSM615298"
13,20260632,5,"GSM615299"
13,20260632,5,"GSM615300"
13,20260632,5,"GSM615311"
13,20260632,5,"GSM615318"
13,20260632,5,"GSM615335"
13,20260632,5,"GSM615354"
13,20260632,5,"GSM615357"
13,20260632,5,"GSM615359"
13,20260632,5,"GSM615361"
13,20260632,5,"GSM615365"
13,20260632,5,"GSM615369"
13,20260632,5,"GSM615375"
13,20260632,5,"GSM615393"
13,20260632,5,"GSM615396"
13,20260632,5,"GSM615402"
13,20260632,5,"GSM615403"
14,20260633,1,"GSM615097"
14,20260633,1,"GSM615102"
14,20260633,1,"GSM615109"
14,20260633,1,"GSM615125"
14,20260633,1,"GSM615127"
14,20260633,1,"GSM615136"
14,20260633,1,"GSM615139"
14,20260633,1,"GSM615142"
14,20260633,1,"GSM615160"
14,20260633,1,"GSM615174"
14,20260633,1,"GSM615175"
14,20260633,1,"GSM615178"
14,20260633,1,"GSM615180"
14,20260633,1,"GSM615183"
14,20260633,1,"GSM615186"
14,20260633,1,"GSM615187"
14,20260633,1,"GSM615192"
14,20260633,1,"GSM615200"
14,20260633,1,"GSM615201"
14,20260633,1,"GSM615204"
14,20260633,1,"GSM615206"
14,20260633,1,"GSM615208"
14,20260633,1,"GSM615210"
14,20260633,1,"GSM615219"
14,20260633,1,"GSM615227"
14,20260633,1,"GSM615232"
14,20260633,1,"GSM615236"
14,20260633,1,"GSM615237"
14,20260633,1,"GSM615242"
14,20260633,1,"GSM615245"
14,20260633,1,"GSM615252"
14,20260633,1,"GSM615259"
14,20260633,1,"GSM615260"
14,20260633,1,"GSM615264"
14,20260633,1,"GSM615271"
14,20260633,1,"GSM615286"
14,20260633,1,"GSM615290"
14,20260633,1,"GSM615298"
14,20260633,1,"GSM615299"
14,20260633,1,"GSM615308"
14,20260633,1,"GSM615314"
14,20260633,1,"GSM615318"
14,20260633,1,"GSM615331"
14,20260633,1,"GSM615334"
14,20260633,1,"GSM615335"
14,20260633,1,"GSM615343"
14,20260633,1,"GSM615347"
14,20260633,1,"GSM615349"
14,20260633,1,"GSM615351"
14,20260633,1,"GSM615353"
14,20260633,1,"GSM615358"
14,20260633,1,"GSM615366"
14,20260633,1,"GSM615367"
14,20260633,1,"GSM615369"
14,20260633,1,"GSM615379"
14,20260633,1,"GSM615388"
14,20260633,1,"GSM615390"
14,20260633,1,"GSM615391"
14,20260633,1,"GSM615395"
14,20260633,1,"GSM615396"
14,20260633,1,"GSM615405"
14,20260633,2,"GSM615100"
14,20260633,2,"GSM615103"
14,20260633,2,"GSM615107"
14,20260633,2,"GSM615111"
14,20260633,2,"GSM615112"
14,20260633,2,"GSM615113"
14,20260633,2,"GSM615124"
14,20260633,2,"GSM615126"
14,20260633,2,"GSM615129"
14,20260633,2,"GSM615131"
14,20260633,2,"GSM615137"
14,20260633,2,"GSM615147"
14,20260633,2,"GSM615149"
14,20260633,2,"GSM615151"
14,20260633,2,"GSM615152"
14,20260633,2,"GSM615154"
14,20260633,2,"GSM615158"
14,20260633,2,"GSM615161"
14,20260633,2,"GSM615164"
14,20260633,2,"GSM615165"
14,20260633,2,"GSM615184"
14,20260633,2,"GSM615188"
14,20260633,2,"GSM615189"
14,20260633,2,"GSM615191"
14,20260633,2,"GSM615195"
14,20260633,2,"GSM615198"
14,20260633,2,"GSM615199"
14,20260633,2,"GSM615209"
14,20260633,2,"GSM615211"
14,20260633,2,"GSM615212"
14,20260633,2,"GSM615217"
14,20260633,2,"GSM615223"
14,20260633,2,"GSM615224"
14,20260633,2,"GSM615228"
14,20260633,2,"GSM615229"
14,20260633,2,"GSM615231"
14,20260633,2,"GSM615238"
14,20260633,2,"GSM615239"
14,20260633,2,"GSM615240"
14,20260633,2,"GSM615243"
14,20260633,2,"GSM615251"
14,20260633,2,"GSM615256"
14,20260633,2,"GSM615258"
14,20260633,2,"GSM615262"
14,20260633,2,"GSM615263"
14,20260633,2,"GSM615274"
14,20260633,2,"GSM615278"
14,20260633,2,"GSM615291"
14,20260633,2,"GSM615292"
14,20260633,2,"GSM615301"
14,20260633,2,"GSM615302"
14,20260633,2,"GSM615315"
14,20260633,2,"GSM615316"
14,20260633,2,"GSM615320"
14,20260633,2,"GSM615327"
14,20260633,2,"GSM615339"
14,20260633,2,"GSM615346"
14,20260633,2,"GSM615368"
14,20260633,2,"GSM615371"
14,20260633,2,"GSM615372"
14,20260633,2,"GSM615377"
14,20260633,2,"GSM615386"
14,20260633,3,"GSM615096"
14,20260633,3,"GSM615114"
14,20260633,3,"GSM615117"
14,20260633,3,"GSM615122"
14,20260633,3,"GSM615123"
14,20260633,3,"GSM615130"
14,20260633,3,"GSM615132"
14,20260633,3,"GSM615134"
14,20260633,3,"GSM615140"
14,20260633,3,"GSM615141"
14,20260633,3,"GSM615150"
14,20260633,3,"GSM615153"
14,20260633,3,"GSM615155"
14,20260633,3,"GSM615156"
14,20260633,3,"GSM615169"
14,20260633,3,"GSM615177"
14,20260633,3,"GSM615182"
14,20260633,3,"GSM615190"
14,20260633,3,"GSM615207"
14,20260633,3,"GSM615213"
14,20260633,3,"GSM615215"
14,20260633,3,"GSM615218"
14,20260633,3,"GSM615220"
14,20260633,3,"GSM615221"
14,20260633,3,"GSM615233"
14,20260633,3,"GSM615234"
14,20260633,3,"GSM615235"
14,20260633,3,"GSM615246"
14,20260633,3,"GSM615249"
14,20260633,3,"GSM615253"
14,20260633,3,"GSM615257"
14,20260633,3,"GSM615265"
14,20260633,3,"GSM615269"
14,20260633,3,"GSM615270"
14,20260633,3,"GSM615273"
14,20260633,3,"GSM615281"
14,20260633,3,"GSM615284"
14,20260633,3,"GSM615287"
14,20260633,3,"GSM615294"
14,20260633,3,"GSM615295"
14,20260633,3,"GSM615303"
14,20260633,3,"GSM615304"
14,20260633,3,"GSM615313"
14,20260633,3,"GSM615319"
14,20260633,3,"GSM615321"
14,20260633,3,"GSM615324"
14,20260633,3,"GSM615342"
14,20260633,3,"GSM615348"
14,20260633,3,"GSM615354"
14,20260633,3,"GSM615362"
14,20260633,3,"GSM615373"
14,20260633,3,"GSM615376"
14,20260633,3,"GSM615384"
14,20260633,3,"GSM615385"
14,20260633,3,"GSM615387"
14,20260633,3,"GSM615389"
14,20260633,3,"GSM615393"
14,20260633,3,"GSM615394"
14,20260633,3,"GSM615399"
14,20260633,3,"GSM615401"
14,20260633,3,"GSM615403"
14,20260633,4,"GSM615098"
14,20260633,4,"GSM615101"
14,20260633,4,"GSM615104"
14,20260633,4,"GSM615108"
14,20260633,4,"GSM615115"
14,20260633,4,"GSM615120"
14,20260633,4,"GSM615144"
14,20260633,4,"GSM615145"
14,20260633,4,"GSM615146"
14,20260633,4,"GSM615157"
14,20260633,4,"GSM615159"
14,20260633,4,"GSM615166"
14,20260633,4,"GSM615168"
14,20260633,4,"GSM615181"
14,20260633,4,"GSM615202"
14,20260633,4,"GSM615205"
14,20260633,4,"GSM615214"
14,20260633,4,"GSM615216"
14,20260633,4,"GSM615222"
14,20260633,4,"GSM615225"
14,20260633,4,"GSM615226"
14,20260633,4,"GSM615244"
14,20260633,4,"GSM615247"
14,20260633,4,"GSM615248"
14,20260633,4,"GSM615254"
14,20260633,4,"GSM615255"
14,20260633,4,"GSM615261"
14,20260633,4,"GSM615267"
14,20260633,4,"GSM615272"
14,20260633,4,"GSM615276"
14,20260633,4,"GSM615280"
14,20260633,4,"GSM615283"
14,20260633,4,"GSM615289"
14,20260633,4,"GSM615293"
14,20260633,4,"GSM615296"
14,20260633,4,"GSM615300"
14,20260633,4,"GSM615306"
14,20260633,4,"GSM615307"
14,20260633,4,"GSM615310"
14,20260633,4,"GSM615311"
14,20260633,4,"GSM615322"
14,20260633,4,"GSM615328"
14,20260633,4,"GSM615330"
14,20260633,4,"GSM615333"
14,20260633,4,"GSM615337"
14,20260633,4,"GSM615338"
14,20260633,4,"GSM615340"
14,20260633,4,"GSM615344"
14,20260633,4,"GSM615355"
14,20260633,4,"GSM615356"
14,20260633,4,"GSM615357"
14,20260633,4,"GSM615363"
14,20260633,4,"GSM615364"
14,20260633,4,"GSM615365"
14,20260633,4,"GSM615380"
14,20260633,4,"GSM615381"
14,20260633,4,"GSM615382"
14,20260633,4,"GSM615397"
14,20260633,4,"GSM615398"
14,20260633,4,"GSM615404"
14,20260633,5,"GSM615099"
14,20260633,5,"GSM615106"
14,20260633,5,"GSM615110"
14,20260633,5,"GSM615116"
14,20260633,5,"GSM615121"
14,20260633,5,"GSM615128"
14,20260633,5,"GSM615133"
14,20260633,5,"GSM615135"
14,20260633,5,"GSM615138"
14,20260633,5,"GSM615143"
14,20260633,5,"GSM615148"
14,20260633,5,"GSM615162"
14,20260633,5,"GSM615167"
14,20260633,5,"GSM615170"
14,20260633,5,"GSM615171"
14,20260633,5,"GSM615172"
14,20260633,5,"GSM615173"
14,20260633,5,"GSM615176"
14,20260633,5,"GSM615179"
14,20260633,5,"GSM615185"
14,20260633,5,"GSM615193"
14,20260633,5,"GSM615194"
14,20260633,5,"GSM615196"
14,20260633,5,"GSM615197"
14,20260633,5,"GSM615203"
14,20260633,5,"GSM615230"
14,20260633,5,"GSM615241"
14,20260633,5,"GSM615250"
14,20260633,5,"GSM615266"
14,20260633,5,"GSM615268"
14,20260633,5,"GSM615275"
14,20260633,5,"GSM615277"
14,20260633,5,"GSM615279"
14,20260633,5,"GSM615282"
14,20260633,5,"GSM615285"
14,20260633,5,"GSM615288"
14,20260633,5,"GSM615297"
14,20260633,5,"GSM615305"
14,20260633,5,"GSM615309"
14,20260633,5,"GSM615312"
14,20260633,5,"GSM615317"
14,20260633,5,"GSM615323"
14,20260633,5,"GSM615325"
14,20260633,5,"GSM615326"
14,20260633,5,"GSM615329"
14,20260633,5,"GSM615332"
14,20260633,5,"GSM615336"
14,20260633,5,"GSM615341"
14,20260633,5,"GSM615345"
14,20260633,5,"GSM615350"
14,20260633,5,"GSM615352"
14,20260633,5,"GSM615359"
14,20260633,5,"GSM615360"
14,20260633,5,"GSM615361"
14,20260633,5,"GSM615370"
14,20260633,5,"GSM615374"
14,20260633,5,"GSM615375"
14,20260633,5,"GSM615378"
14,20260633,5,"GSM615383"
14,20260633,5,"GSM615392"
14,20260633,5,"GSM615400"
14,20260633,5,"GSM615402"
15,20260634,1,"GSM615104"
15,20260634,1,"GSM615111"
15,20260634,1,"GSM615139"
15,20260634,1,"GSM615140"
15,20260634,1,"GSM615141"
15,20260634,1,"GSM615142"
15,20260634,1,"GSM615144"
15,20260634,1,"GSM615146"
15,20260634,1,"GSM615149"
15,20260634,1,"GSM615157"
15,20260634,1,"GSM615165"
15,20260634,1,"GSM615169"
15,20260634,1,"GSM615173"
15,20260634,1,"GSM615181"
15,20260634,1,"GSM615182"
15,20260634,1,"GSM615190"
15,20260634,1,"GSM615191"
15,20260634,1,"GSM615195"
15,20260634,1,"GSM615198"
15,20260634,1,"GSM615205"
15,20260634,1,"GSM615215"
15,20260634,1,"GSM615216"
15,20260634,1,"GSM615220"
15,20260634,1,"GSM615229"
15,20260634,1,"GSM615232"
15,20260634,1,"GSM615235"
15,20260634,1,"GSM615238"
15,20260634,1,"GSM615247"
15,20260634,1,"GSM615256"
15,20260634,1,"GSM615261"
15,20260634,1,"GSM615265"
15,20260634,1,"GSM615266"
15,20260634,1,"GSM615281"
15,20260634,1,"GSM615286"
15,20260634,1,"GSM615289"
15,20260634,1,"GSM615291"
15,20260634,1,"GSM615297"
15,20260634,1,"GSM615298"
15,20260634,1,"GSM615304"
15,20260634,1,"GSM615307"
15,20260634,1,"GSM615309"
15,20260634,1,"GSM615312"
15,20260634,1,"GSM615314"
15,20260634,1,"GSM615315"
15,20260634,1,"GSM615318"
15,20260634,1,"GSM615322"
15,20260634,1,"GSM615328"
15,20260634,1,"GSM615334"
15,20260634,1,"GSM615340"
15,20260634,1,"GSM615355"
15,20260634,1,"GSM615356"
15,20260634,1,"GSM615360"
15,20260634,1,"GSM615365"
15,20260634,1,"GSM615374"
15,20260634,1,"GSM615377"
15,20260634,1,"GSM615379"
15,20260634,1,"GSM615382"
15,20260634,1,"GSM615389"
15,20260634,1,"GSM615394"
15,20260634,1,"GSM615398"
15,20260634,1,"GSM615399"
15,20260634,1,"GSM615402"
15,20260634,2,"GSM615102"
15,20260634,2,"GSM615109"
15,20260634,2,"GSM615112"
15,20260634,2,"GSM615114"
15,20260634,2,"GSM615117"
15,20260634,2,"GSM615123"
15,20260634,2,"GSM615124"
15,20260634,2,"GSM615128"
15,20260634,2,"GSM615129"
15,20260634,2,"GSM615134"
15,20260634,2,"GSM615135"
15,20260634,2,"GSM615137"
15,20260634,2,"GSM615147"
15,20260634,2,"GSM615153"
15,20260634,2,"GSM615154"
15,20260634,2,"GSM615156"
15,20260634,2,"GSM615160"
15,20260634,2,"GSM615162"
15,20260634,2,"GSM615167"
15,20260634,2,"GSM615168"
15,20260634,2,"GSM615183"
15,20260634,2,"GSM615184"
15,20260634,2,"GSM615197"
15,20260634,2,"GSM615200"
15,20260634,2,"GSM615201"
15,20260634,2,"GSM615204"
15,20260634,2,"GSM615224"
15,20260634,2,"GSM615225"
15,20260634,2,"GSM615230"
15,20260634,2,"GSM615234"
15,20260634,2,"GSM615237"
15,20260634,2,"GSM615240"
15,20260634,2,"GSM615244"
15,20260634,2,"GSM615246"
15,20260634,2,"GSM615253"
15,20260634,2,"GSM615270"
15,20260634,2,"GSM615276"
15,20260634,2,"GSM615277"
15,20260634,2,"GSM615283"
15,20260634,2,"GSM615288"
15,20260634,2,"GSM615290"
15,20260634,2,"GSM615292"
15,20260634,2,"GSM615295"
15,20260634,2,"GSM615296"
15,20260634,2,"GSM615299"
15,20260634,2,"GSM615303"
15,20260634,2,"GSM615305"
15,20260634,2,"GSM615310"
15,20260634,2,"GSM615321"
15,20260634,2,"GSM615326"
15,20260634,2,"GSM615327"
15,20260634,2,"GSM615329"
15,20260634,2,"GSM615342"
15,20260634,2,"GSM615349"
15,20260634,2,"GSM615353"
15,20260634,2,"GSM615357"
15,20260634,2,"GSM615361"
15,20260634,2,"GSM615371"
15,20260634,2,"GSM615385"
15,20260634,2,"GSM615388"
15,20260634,2,"GSM615391"
15,20260634,3,"GSM615106"
15,20260634,3,"GSM615110"
15,20260634,3,"GSM615113"
15,20260634,3,"GSM615120"
15,20260634,3,"GSM615125"
15,20260634,3,"GSM615126"
15,20260634,3,"GSM615130"
15,20260634,3,"GSM615133"
15,20260634,3,"GSM615145"
15,20260634,3,"GSM615150"
15,20260634,3,"GSM615152"
15,20260634,3,"GSM615158"
15,20260634,3,"GSM615164"
15,20260634,3,"GSM615166"
15,20260634,3,"GSM615170"
15,20260634,3,"GSM615175"
15,20260634,3,"GSM615177"
15,20260634,3,"GSM615178"
15,20260634,3,"GSM615185"
15,20260634,3,"GSM615187"
15,20260634,3,"GSM615189"
15,20260634,3,"GSM615196"
15,20260634,3,"GSM615206"
15,20260634,3,"GSM615208"
15,20260634,3,"GSM615212"
15,20260634,3,"GSM615213"
15,20260634,3,"GSM615214"
15,20260634,3,"GSM615217"
15,20260634,3,"GSM615219"
15,20260634,3,"GSM615222"
15,20260634,3,"GSM615226"
15,20260634,3,"GSM615239"
15,20260634,3,"GSM615241"
15,20260634,3,"GSM615242"
15,20260634,3,"GSM615249"
15,20260634,3,"GSM615259"
15,20260634,3,"GSM615269"
15,20260634,3,"GSM615272"
15,20260634,3,"GSM615273"
15,20260634,3,"GSM615278"
15,20260634,3,"GSM615300"
15,20260634,3,"GSM615313"
15,20260634,3,"GSM615320"
15,20260634,3,"GSM615325"
15,20260634,3,"GSM615331"
15,20260634,3,"GSM615332"
15,20260634,3,"GSM615333"
15,20260634,3,"GSM615339"
15,20260634,3,"GSM615341"
15,20260634,3,"GSM615343"
15,20260634,3,"GSM615347"
15,20260634,3,"GSM615352"
15,20260634,3,"GSM615359"
15,20260634,3,"GSM615367"
15,20260634,3,"GSM615369"
15,20260634,3,"GSM615370"
15,20260634,3,"GSM615372"
15,20260634,3,"GSM615380"
15,20260634,3,"GSM615393"
15,20260634,3,"GSM615400"
15,20260634,3,"GSM615401"
15,20260634,4,"GSM615100"
15,20260634,4,"GSM615107"
15,20260634,4,"GSM615108"
15,20260634,4,"GSM615116"
15,20260634,4,"GSM615121"
15,20260634,4,"GSM615132"
15,20260634,4,"GSM615143"
15,20260634,4,"GSM615155"
15,20260634,4,"GSM615159"
15,20260634,4,"GSM615161"
15,20260634,4,"GSM615174"
15,20260634,4,"GSM615179"
15,20260634,4,"GSM615186"
15,20260634,4,"GSM615188"
15,20260634,4,"GSM615193"
15,20260634,4,"GSM615199"
15,20260634,4,"GSM615203"
15,20260634,4,"GSM615207"
15,20260634,4,"GSM615209"
15,20260634,4,"GSM615210"
15,20260634,4,"GSM615218"
15,20260634,4,"GSM615223"
15,20260634,4,"GSM615236"
15,20260634,4,"GSM615243"
15,20260634,4,"GSM615245"
15,20260634,4,"GSM615248"
15,20260634,4,"GSM615252"
15,20260634,4,"GSM615254"
15,20260634,4,"GSM615255"
15,20260634,4,"GSM615257"
15,20260634,4,"GSM615258"
15,20260634,4,"GSM615260"
15,20260634,4,"GSM615263"
15,20260634,4,"GSM615264"
15,20260634,4,"GSM615267"
15,20260634,4,"GSM615274"
15,20260634,4,"GSM615275"
15,20260634,4,"GSM615294"
15,20260634,4,"GSM615302"
15,20260634,4,"GSM615306"
15,20260634,4,"GSM615311"
15,20260634,4,"GSM615323"
15,20260634,4,"GSM615324"
15,20260634,4,"GSM615330"
15,20260634,4,"GSM615335"
15,20260634,4,"GSM615338"
15,20260634,4,"GSM615344"
15,20260634,4,"GSM615345"
15,20260634,4,"GSM615348"
15,20260634,4,"GSM615354"
15,20260634,4,"GSM615362"
15,20260634,4,"GSM615366"
15,20260634,4,"GSM615373"
15,20260634,4,"GSM615375"
15,20260634,4,"GSM615381"
15,20260634,4,"GSM615386"
15,20260634,4,"GSM615387"
15,20260634,4,"GSM615395"
15,20260634,4,"GSM615397"
15,20260634,4,"GSM615404"
15,20260634,4,"GSM615405"
15,20260634,5,"GSM615096"
15,20260634,5,"GSM615097"
15,20260634,5,"GSM615098"
15,20260634,5,"GSM615099"
15,20260634,5,"GSM615101"
15,20260634,5,"GSM615103"
15,20260634,5,"GSM615115"
15,20260634,5,"GSM615122"
15,20260634,5,"GSM615127"
15,20260634,5,"GSM615131"
15,20260634,5,"GSM615136"
15,20260634,5,"GSM615138"
15,20260634,5,"GSM615148"
15,20260634,5,"GSM615151"
15,20260634,5,"GSM615171"
15,20260634,5,"GSM615172"
15,20260634,5,"GSM615176"
15,20260634,5,"GSM615180"
15,20260634,5,"GSM615192"
15,20260634,5,"GSM615194"
15,20260634,5,"GSM615202"
15,20260634,5,"GSM615211"
15,20260634,5,"GSM615221"
15,20260634,5,"GSM615227"
15,20260634,5,"GSM615228"
15,20260634,5,"GSM615231"
15,20260634,5,"GSM615233"
15,20260634,5,"GSM615250"
15,20260634,5,"GSM615251"
15,20260634,5,"GSM615262"
15,20260634,5,"GSM615268"
15,20260634,5,"GSM615271"
15,20260634,5,"GSM615279"
15,20260634,5,"GSM615280"
15,20260634,5,"GSM615282"
15,20260634,5,"GSM615284"
15,20260634,5,"GSM615285"
15,20260634,5,"GSM615287"
15,20260634,5,"GSM615293"
15,20260634,5,"GSM615301"
15,20260634,5,"GSM615308"
15,20260634,5,"GSM615316"
15,20260634,5,"GSM615317"
15,20260634,5,"GSM615319"
15,20260634,5,"GSM615336"
15,20260634,5,"GSM615337"
15,20260634,5,"GSM615346"
15,20260634,5,"GSM615350"
15,20260634,5,"GSM615351"
15,20260634,5,"GSM615358"
15,20260634,5,"GSM615363"
15,20260634,5,"GSM615364"
15,20260634,5,"GSM615368"
15,20260634,5,"GSM615376"
15,20260634,5,"GSM615378"
15,20260634,5,"GSM615383"
15,20260634,5,"GSM615384"
15,20260634,5,"GSM615390"
15,20260634,5,"GSM615392"
15,20260634,5,"GSM615396"
15,20260634,5,"GSM615403"
16,20260635,1,"GSM615096"
16,20260635,1,"GSM615099"
16,20260635,1,"GSM615106"
16,20260635,1,"GSM615108"
16,20260635,1,"GSM615111"
16,20260635,1,"GSM615116"
16,20260635,1,"GSM615121"
16,20260635,1,"GSM615122"
16,20260635,1,"GSM615127"
16,20260635,1,"GSM615129"
16,20260635,1,"GSM615137"
16,20260635,1,"GSM615146"
16,20260635,1,"GSM615155"
16,20260635,1,"GSM615156"
16,20260635,1,"GSM615159"
16,20260635,1,"GSM615162"
16,20260635,1,"GSM615169"
16,20260635,1,"GSM615170"
16,20260635,1,"GSM615174"
16,20260635,1,"GSM615180"
16,20260635,1,"GSM615182"
16,20260635,1,"GSM615184"
16,20260635,1,"GSM615190"
16,20260635,1,"GSM615204"
16,20260635,1,"GSM615207"
16,20260635,1,"GSM615209"
16,20260635,1,"GSM615213"
16,20260635,1,"GSM615215"
16,20260635,1,"GSM615219"
16,20260635,1,"GSM615224"
16,20260635,1,"GSM615229"
16,20260635,1,"GSM615230"
16,20260635,1,"GSM615233"
16,20260635,1,"GSM615235"
16,20260635,1,"GSM615243"
16,20260635,1,"GSM615247"
16,20260635,1,"GSM615253"
16,20260635,1,"GSM615255"
16,20260635,1,"GSM615262"
16,20260635,1,"GSM615267"
16,20260635,1,"GSM615269"
16,20260635,1,"GSM615291"
16,20260635,1,"GSM615305"
16,20260635,1,"GSM615306"
16,20260635,1,"GSM615313"
16,20260635,1,"GSM615314"
16,20260635,1,"GSM615316"
16,20260635,1,"GSM615333"
16,20260635,1,"GSM615335"
16,20260635,1,"GSM615345"
16,20260635,1,"GSM615346"
16,20260635,1,"GSM615351"
16,20260635,1,"GSM615359"
16,20260635,1,"GSM615366"
16,20260635,1,"GSM615368"
16,20260635,1,"GSM615370"
16,20260635,1,"GSM615379"
16,20260635,1,"GSM615392"
16,20260635,1,"GSM615396"
16,20260635,1,"GSM615401"
16,20260635,1,"GSM615405"
16,20260635,2,"GSM615097"
16,20260635,2,"GSM615098"
16,20260635,2,"GSM615101"
16,20260635,2,"GSM615107"
16,20260635,2,"GSM615109"
16,20260635,2,"GSM615110"
16,20260635,2,"GSM615112"
16,20260635,2,"GSM615113"
16,20260635,2,"GSM615117"
16,20260635,2,"GSM615120"
16,20260635,2,"GSM615133"
16,20260635,2,"GSM615154"
16,20260635,2,"GSM615165"
16,20260635,2,"GSM615167"
16,20260635,2,"GSM615177"
16,20260635,2,"GSM615178"
16,20260635,2,"GSM615181"
16,20260635,2,"GSM615187"
16,20260635,2,"GSM615189"
16,20260635,2,"GSM615193"
16,20260635,2,"GSM615208"
16,20260635,2,"GSM615214"
16,20260635,2,"GSM615218"
16,20260635,2,"GSM615227"
16,20260635,2,"GSM615231"
16,20260635,2,"GSM615232"
16,20260635,2,"GSM615245"
16,20260635,2,"GSM615246"
16,20260635,2,"GSM615248"
16,20260635,2,"GSM615251"
16,20260635,2,"GSM615256"
16,20260635,2,"GSM615278"
16,20260635,2,"GSM615285"
16,20260635,2,"GSM615288"
16,20260635,2,"GSM615294"
16,20260635,2,"GSM615301"
16,20260635,2,"GSM615312"
16,20260635,2,"GSM615321"
16,20260635,2,"GSM615322"
16,20260635,2,"GSM615323"
16,20260635,2,"GSM615325"
16,20260635,2,"GSM615328"
16,20260635,2,"GSM615331"
16,20260635,2,"GSM615332"
16,20260635,2,"GSM615336"
16,20260635,2,"GSM615337"
16,20260635,2,"GSM615343"
16,20260635,2,"GSM615347"
16,20260635,2,"GSM615348"
16,20260635,2,"GSM615353"
16,20260635,2,"GSM615354"
16,20260635,2,"GSM615356"
16,20260635,2,"GSM615358"
16,20260635,2,"GSM615360"
16,20260635,2,"GSM615365"
16,20260635,2,"GSM615371"
16,20260635,2,"GSM615373"
16,20260635,2,"GSM615376"
16,20260635,2,"GSM615378"
16,20260635,2,"GSM615382"
16,20260635,2,"GSM615391"
16,20260635,2,"GSM615400"
16,20260635,3,"GSM615103"
16,20260635,3,"GSM615115"
16,20260635,3,"GSM615126"
16,20260635,3,"GSM615128"
16,20260635,3,"GSM615135"
16,20260635,3,"GSM615136"
16,20260635,3,"GSM615140"
16,20260635,3,"GSM615141"
16,20260635,3,"GSM615142"
16,20260635,3,"GSM615143"
16,20260635,3,"GSM615145"
16,20260635,3,"GSM615150"
16,20260635,3,"GSM615152"
16,20260635,3,"GSM615153"
16,20260635,3,"GSM615161"
16,20260635,3,"GSM615168"
16,20260635,3,"GSM615173"
16,20260635,3,"GSM615179"
16,20260635,3,"GSM615195"
16,20260635,3,"GSM615201"
16,20260635,3,"GSM615202"
16,20260635,3,"GSM615206"
16,20260635,3,"GSM615211"
16,20260635,3,"GSM615216"
16,20260635,3,"GSM615222"
16,20260635,3,"GSM615225"
16,20260635,3,"GSM615237"
16,20260635,3,"GSM615240"
16,20260635,3,"GSM615250"
16,20260635,3,"GSM615259"
16,20260635,3,"GSM615260"
16,20260635,3,"GSM615263"
16,20260635,3,"GSM615265"
16,20260635,3,"GSM615266"
16,20260635,3,"GSM615270"
16,20260635,3,"GSM615273"
16,20260635,3,"GSM615276"
16,20260635,3,"GSM615279"
16,20260635,3,"GSM615282"
16,20260635,3,"GSM615283"
16,20260635,3,"GSM615284"
16,20260635,3,"GSM615286"
16,20260635,3,"GSM615295"
16,20260635,3,"GSM615302"
16,20260635,3,"GSM615303"
16,20260635,3,"GSM615304"
16,20260635,3,"GSM615308"
16,20260635,3,"GSM615309"
16,20260635,3,"GSM615310"
16,20260635,3,"GSM615318"
16,20260635,3,"GSM615329"
16,20260635,3,"GSM615361"
16,20260635,3,"GSM615367"
16,20260635,3,"GSM615369"
16,20260635,3,"GSM615377"
16,20260635,3,"GSM615381"
16,20260635,3,"GSM615383"
16,20260635,3,"GSM615385"
16,20260635,3,"GSM615386"
16,20260635,3,"GSM615388"
16,20260635,3,"GSM615390"
16,20260635,4,"GSM615104"
16,20260635,4,"GSM615114"
16,20260635,4,"GSM615123"
16,20260635,4,"GSM615124"
16,20260635,4,"GSM615130"
16,20260635,4,"GSM615131"
16,20260635,4,"GSM615132"
16,20260635,4,"GSM615134"
16,20260635,4,"GSM615138"
16,20260635,4,"GSM615148"
16,20260635,4,"GSM615151"
16,20260635,4,"GSM615157"
16,20260635,4,"GSM615164"
16,20260635,4,"GSM615172"
16,20260635,4,"GSM615175"
16,20260635,4,"GSM615176"
16,20260635,4,"GSM615185"
16,20260635,4,"GSM615192"
16,20260635,4,"GSM615197"
16,20260635,4,"GSM615199"
16,20260635,4,"GSM615200"
16,20260635,4,"GSM615203"
16,20260635,4,"GSM615212"
16,20260635,4,"GSM615221"
16,20260635,4,"GSM615223"
16,20260635,4,"GSM615226"
16,20260635,4,"GSM615228"
16,20260635,4,"GSM615234"
16,20260635,4,"GSM615236"
16,20260635,4,"GSM615238"
16,20260635,4,"GSM615242"
16,20260635,4,"GSM615257"
16,20260635,4,"GSM615258"
16,20260635,4,"GSM615261"
16,20260635,4,"GSM615274"
16,20260635,4,"GSM615277"
16,20260635,4,"GSM615280"
16,20260635,4,"GSM615289"
16,20260635,4,"GSM615290"
16,20260635,4,"GSM615293"
16,20260635,4,"GSM615298"
16,20260635,4,"GSM615299"
16,20260635,4,"GSM615300"
16,20260635,4,"GSM615317"
16,20260635,4,"GSM615319"
16,20260635,4,"GSM615320"
16,20260635,4,"GSM615324"
16,20260635,4,"GSM615330"
16,20260635,4,"GSM615340"
16,20260635,4,"GSM615341"
16,20260635,4,"GSM615342"
16,20260635,4,"GSM615344"
16,20260635,4,"GSM615350"
16,20260635,4,"GSM615355"
16,20260635,4,"GSM615357"
16,20260635,4,"GSM615363"
16,20260635,4,"GSM615372"
16,20260635,4,"GSM615375"
16,20260635,4,"GSM615380"
16,20260635,4,"GSM615394"
16,20260635,4,"GSM615395"
16,20260635,4,"GSM615404"
16,20260635,5,"GSM615100"
16,20260635,5,"GSM615102"
16,20260635,5,"GSM615125"
16,20260635,5,"GSM615139"
16,20260635,5,"GSM615144"
16,20260635,5,"GSM615147"
16,20260635,5,"GSM615149"
16,20260635,5,"GSM615158"
16,20260635,5,"GSM615160"
16,20260635,5,"GSM615166"
16,20260635,5,"GSM615171"
16,20260635,5,"GSM615183"
16,20260635,5,"GSM615186"
16,20260635,5,"GSM615188"
16,20260635,5,"GSM615191"
16,20260635,5,"GSM615194"
16,20260635,5,"GSM615196"
16,20260635,5,"GSM615198"
16,20260635,5,"GSM615205"
16,20260635,5,"GSM615210"
16,20260635,5,"GSM615217"
16,20260635,5,"GSM615220"
16,20260635,5,"GSM615239"
16,20260635,5,"GSM615241"
16,20260635,5,"GSM615244"
16,20260635,5,"GSM615249"
16,20260635,5,"GSM615252"
16,20260635,5,"GSM615254"
16,20260635,5,"GSM615264"
16,20260635,5,"GSM615268"
16,20260635,5,"GSM615271"
16,20260635,5,"GSM615272"
16,20260635,5,"GSM615275"
16,20260635,5,"GSM615281"
16,20260635,5,"GSM615287"
16,20260635,5,"GSM615292"
16,20260635,5,"GSM615296"
16,20260635,5,"GSM615297"
16,20260635,5,"GSM615307"
16,20260635,5,"GSM615311"
16,20260635,5,"GSM615315"
16,20260635,5,"GSM615326"
16,20260635,5,"GSM615327"
16,20260635,5,"GSM615334"
16,20260635,5,"GSM615338"
16,20260635,5,"GSM615339"
16,20260635,5,"GSM615349"
16,20260635,5,"GSM615352"
16,20260635,5,"GSM615362"
16,20260635,5,"GSM615364"
16,20260635,5,"GSM615374"
16,20260635,5,"GSM615384"
16,20260635,5,"GSM615387"
16,20260635,5,"GSM615389"
16,20260635,5,"GSM615393"
16,20260635,5,"GSM615397"
16,20260635,5,"GSM615398"
16,20260635,5,"GSM615399"
16,20260635,5,"GSM615402"
16,20260635,5,"GSM615403"
17,20260636,1,"GSM615097"
17,20260636,1,"GSM615110"
17,20260636,1,"GSM615113"
17,20260636,1,"GSM615117"
17,20260636,1,"GSM615122"
17,20260636,1,"GSM615132"
17,20260636,1,"GSM615135"
17,20260636,1,"GSM615136"
17,20260636,1,"GSM615137"
17,20260636,1,"GSM615142"
17,20260636,1,"GSM615144"
17,20260636,1,"GSM615148"
17,20260636,1,"GSM615156"
17,20260636,1,"GSM615159"
17,20260636,1,"GSM615164"
17,20260636,1,"GSM615165"
17,20260636,1,"GSM615181"
17,20260636,1,"GSM615182"
17,20260636,1,"GSM615185"
17,20260636,1,"GSM615189"
17,20260636,1,"GSM615190"
17,20260636,1,"GSM615197"
17,20260636,1,"GSM615200"
17,20260636,1,"GSM615201"
17,20260636,1,"GSM615203"
17,20260636,1,"GSM615211"
17,20260636,1,"GSM615215"
17,20260636,1,"GSM615226"
17,20260636,1,"GSM615230"
17,20260636,1,"GSM615233"
17,20260636,1,"GSM615238"
17,20260636,1,"GSM615250"
17,20260636,1,"GSM615260"
17,20260636,1,"GSM615261"
17,20260636,1,"GSM615263"
17,20260636,1,"GSM615269"
17,20260636,1,"GSM615281"
17,20260636,1,"GSM615285"
17,20260636,1,"GSM615287"
17,20260636,1,"GSM615288"
17,20260636,1,"GSM615294"
17,20260636,1,"GSM615298"
17,20260636,1,"GSM615299"
17,20260636,1,"GSM615303"
17,20260636,1,"GSM615305"
17,20260636,1,"GSM615330"
17,20260636,1,"GSM615331"
17,20260636,1,"GSM615334"
17,20260636,1,"GSM615336"
17,20260636,1,"GSM615341"
17,20260636,1,"GSM615346"
17,20260636,1,"GSM615361"
17,20260636,1,"GSM615362"
17,20260636,1,"GSM615368"
17,20260636,1,"GSM615369"
17,20260636,1,"GSM615372"
17,20260636,1,"GSM615376"
17,20260636,1,"GSM615389"
17,20260636,1,"GSM615398"
17,20260636,1,"GSM615401"
17,20260636,1,"GSM615402"
17,20260636,1,"GSM615405"
17,20260636,2,"GSM615098"
17,20260636,2,"GSM615100"
17,20260636,2,"GSM615101"
17,20260636,2,"GSM615108"
17,20260636,2,"GSM615109"
17,20260636,2,"GSM615115"
17,20260636,2,"GSM615127"
17,20260636,2,"GSM615133"
17,20260636,2,"GSM615140"
17,20260636,2,"GSM615141"
17,20260636,2,"GSM615143"
17,20260636,2,"GSM615147"
17,20260636,2,"GSM615151"
17,20260636,2,"GSM615153"
17,20260636,2,"GSM615155"
17,20260636,2,"GSM615168"
17,20260636,2,"GSM615169"
17,20260636,2,"GSM615170"
17,20260636,2,"GSM615171"
17,20260636,2,"GSM615175"
17,20260636,2,"GSM615176"
17,20260636,2,"GSM615177"
17,20260636,2,"GSM615188"
17,20260636,2,"GSM615191"
17,20260636,2,"GSM615202"
17,20260636,2,"GSM615206"
17,20260636,2,"GSM615212"
17,20260636,2,"GSM615216"
17,20260636,2,"GSM615220"
17,20260636,2,"GSM615224"
17,20260636,2,"GSM615225"
17,20260636,2,"GSM615227"
17,20260636,2,"GSM615229"
17,20260636,2,"GSM615239"
17,20260636,2,"GSM615246"
17,20260636,2,"GSM615251"
17,20260636,2,"GSM615252"
17,20260636,2,"GSM615255"
17,20260636,2,"GSM615266"
17,20260636,2,"GSM615270"
17,20260636,2,"GSM615271"
17,20260636,2,"GSM615273"
17,20260636,2,"GSM615279"
17,20260636,2,"GSM615286"
17,20260636,2,"GSM615289"
17,20260636,2,"GSM615290"
17,20260636,2,"GSM615292"
17,20260636,2,"GSM615293"
17,20260636,2,"GSM615307"
17,20260636,2,"GSM615308"
17,20260636,2,"GSM615316"
17,20260636,2,"GSM615319"
17,20260636,2,"GSM615324"
17,20260636,2,"GSM615326"
17,20260636,2,"GSM615328"
17,20260636,2,"GSM615338"
17,20260636,2,"GSM615342"
17,20260636,2,"GSM615350"
17,20260636,2,"GSM615373"
17,20260636,2,"GSM615374"
17,20260636,2,"GSM615385"
17,20260636,3,"GSM615096"
17,20260636,3,"GSM615106"
17,20260636,3,"GSM615107"
17,20260636,3,"GSM615111"
17,20260636,3,"GSM615120"
17,20260636,3,"GSM615126"
17,20260636,3,"GSM615130"
17,20260636,3,"GSM615134"
17,20260636,3,"GSM615138"
17,20260636,3,"GSM615139"
17,20260636,3,"GSM615146"
17,20260636,3,"GSM615152"
17,20260636,3,"GSM615154"
17,20260636,3,"GSM615160"
17,20260636,3,"GSM615183"
17,20260636,3,"GSM615192"
17,20260636,3,"GSM615193"
17,20260636,3,"GSM615196"
17,20260636,3,"GSM615205"
17,20260636,3,"GSM615209"
17,20260636,3,"GSM615214"
17,20260636,3,"GSM615217"
17,20260636,3,"GSM615218"
17,20260636,3,"GSM615219"
17,20260636,3,"GSM615221"
17,20260636,3,"GSM615222"
17,20260636,3,"GSM615228"
17,20260636,3,"GSM615236"
17,20260636,3,"GSM615240"
17,20260636,3,"GSM615241"
17,20260636,3,"GSM615259"
17,20260636,3,"GSM615262"
17,20260636,3,"GSM615274"
17,20260636,3,"GSM615275"
17,20260636,3,"GSM615276"
17,20260636,3,"GSM615280"
17,20260636,3,"GSM615291"
17,20260636,3,"GSM615309"
17,20260636,3,"GSM615311"
17,20260636,3,"GSM615318"
17,20260636,3,"GSM615320"
17,20260636,3,"GSM615332"
17,20260636,3,"GSM615333"
17,20260636,3,"GSM615337"
17,20260636,3,"GSM615340"
17,20260636,3,"GSM615343"
17,20260636,3,"GSM615348"
17,20260636,3,"GSM615359"
17,20260636,3,"GSM615363"
17,20260636,3,"GSM615365"
17,20260636,3,"GSM615366"
17,20260636,3,"GSM615367"
17,20260636,3,"GSM615370"
17,20260636,3,"GSM615378"
17,20260636,3,"GSM615379"
17,20260636,3,"GSM615381"
17,20260636,3,"GSM615384"
17,20260636,3,"GSM615390"
17,20260636,3,"GSM615391"
17,20260636,3,"GSM615397"
17,20260636,3,"GSM615404"
17,20260636,4,"GSM615099"
17,20260636,4,"GSM615102"
17,20260636,4,"GSM615103"
17,20260636,4,"GSM615114"
17,20260636,4,"GSM615116"
17,20260636,4,"GSM615121"
17,20260636,4,"GSM615123"
17,20260636,4,"GSM615124"
17,20260636,4,"GSM615125"
17,20260636,4,"GSM615128"
17,20260636,4,"GSM615129"
17,20260636,4,"GSM615149"
17,20260636,4,"GSM615158"
17,20260636,4,"GSM615161"
17,20260636,4,"GSM615162"
17,20260636,4,"GSM615166"
17,20260636,4,"GSM615167"
17,20260636,4,"GSM615173"
17,20260636,4,"GSM615174"
17,20260636,4,"GSM615178"
17,20260636,4,"GSM615180"
17,20260636,4,"GSM615184"
17,20260636,4,"GSM615187"
17,20260636,4,"GSM615194"
17,20260636,4,"GSM615204"
17,20260636,4,"GSM615208"
17,20260636,4,"GSM615213"
17,20260636,4,"GSM615231"
17,20260636,4,"GSM615232"
17,20260636,4,"GSM615237"
17,20260636,4,"GSM615243"
17,20260636,4,"GSM615247"
17,20260636,4,"GSM615282"
17,20260636,4,"GSM615283"
17,20260636,4,"GSM615284"
17,20260636,4,"GSM615295"
17,20260636,4,"GSM615297"
17,20260636,4,"GSM615300"
17,20260636,4,"GSM615302"
17,20260636,4,"GSM615310"
17,20260636,4,"GSM615314"
17,20260636,4,"GSM615315"
17,20260636,4,"GSM615317"
17,20260636,4,"GSM615322"
17,20260636,4,"GSM615323"
17,20260636,4,"GSM615325"
17,20260636,4,"GSM615327"
17,20260636,4,"GSM615329"
17,20260636,4,"GSM615344"
17,20260636,4,"GSM615349"
17,20260636,4,"GSM615351"
17,20260636,4,"GSM615354"
17,20260636,4,"GSM615358"
17,20260636,4,"GSM615377"
17,20260636,4,"GSM615380"
17,20260636,4,"GSM615382"
17,20260636,4,"GSM615387"
17,20260636,4,"GSM615393"
17,20260636,4,"GSM615395"
17,20260636,4,"GSM615399"
17,20260636,4,"GSM615403"
17,20260636,5,"GSM615104"
17,20260636,5,"GSM615112"
17,20260636,5,"GSM615131"
17,20260636,5,"GSM615145"
17,20260636,5,"GSM615150"
17,20260636,5,"GSM615157"
17,20260636,5,"GSM615172"
17,20260636,5,"GSM615179"
17,20260636,5,"GSM615186"
17,20260636,5,"GSM615195"
17,20260636,5,"GSM615198"
17,20260636,5,"GSM615199"
17,20260636,5,"GSM615207"
17,20260636,5,"GSM615210"
17,20260636,5,"GSM615223"
17,20260636,5,"GSM615234"
17,20260636,5,"GSM615235"
17,20260636,5,"GSM615242"
17,20260636,5,"GSM615244"
17,20260636,5,"GSM615245"
17,20260636,5,"GSM615248"
17,20260636,5,"GSM615249"
17,20260636,5,"GSM615253"
17,20260636,5,"GSM615254"
17,20260636,5,"GSM615256"
17,20260636,5,"GSM615257"
17,20260636,5,"GSM615258"
17,20260636,5,"GSM615264"
17,20260636,5,"GSM615265"
17,20260636,5,"GSM615267"
17,20260636,5,"GSM615268"
17,20260636,5,"GSM615272"
17,20260636,5,"GSM615277"
17,20260636,5,"GSM615278"
17,20260636,5,"GSM615296"
17,20260636,5,"GSM615301"
17,20260636,5,"GSM615304"
17,20260636,5,"GSM615306"
17,20260636,5,"GSM615312"
17,20260636,5,"GSM615313"
17,20260636,5,"GSM615321"
17,20260636,5,"GSM615335"
17,20260636,5,"GSM615339"
17,20260636,5,"GSM615345"
17,20260636,5,"GSM615347"
17,20260636,5,"GSM615352"
17,20260636,5,"GSM615353"
17,20260636,5,"GSM615355"
17,20260636,5,"GSM615356"
17,20260636,5,"GSM615357"
17,20260636,5,"GSM615360"
17,20260636,5,"GSM615364"
17,20260636,5,"GSM615371"
17,20260636,5,"GSM615375"
17,20260636,5,"GSM615383"
17,20260636,5,"GSM615386"
17,20260636,5,"GSM615388"
17,20260636,5,"GSM615392"
17,20260636,5,"GSM615394"
17,20260636,5,"GSM615396"
17,20260636,5,"GSM615400"
18,20260637,1,"GSM615096"
18,20260637,1,"GSM615097"
18,20260637,1,"GSM615106"
18,20260637,1,"GSM615113"
18,20260637,1,"GSM615114"
18,20260637,1,"GSM615116"
18,20260637,1,"GSM615121"
18,20260637,1,"GSM615125"
18,20260637,1,"GSM615126"
18,20260637,1,"GSM615127"
18,20260637,1,"GSM615128"
18,20260637,1,"GSM615131"
18,20260637,1,"GSM615139"
18,20260637,1,"GSM615140"
18,20260637,1,"GSM615148"
18,20260637,1,"GSM615150"
18,20260637,1,"GSM615154"
18,20260637,1,"GSM615157"
18,20260637,1,"GSM615160"
18,20260637,1,"GSM615162"
18,20260637,1,"GSM615164"
18,20260637,1,"GSM615176"
18,20260637,1,"GSM615181"
18,20260637,1,"GSM615182"
18,20260637,1,"GSM615206"
18,20260637,1,"GSM615222"
18,20260637,1,"GSM615225"
18,20260637,1,"GSM615230"
18,20260637,1,"GSM615236"
18,20260637,1,"GSM615242"
18,20260637,1,"GSM615243"
18,20260637,1,"GSM615255"
18,20260637,1,"GSM615257"
18,20260637,1,"GSM615265"
18,20260637,1,"GSM615270"
18,20260637,1,"GSM615284"
18,20260637,1,"GSM615287"
18,20260637,1,"GSM615288"
18,20260637,1,"GSM615303"
18,20260637,1,"GSM615312"
18,20260637,1,"GSM615316"
18,20260637,1,"GSM615317"
18,20260637,1,"GSM615318"
18,20260637,1,"GSM615323"
18,20260637,1,"GSM615327"
18,20260637,1,"GSM615337"
18,20260637,1,"GSM615341"
18,20260637,1,"GSM615343"
18,20260637,1,"GSM615346"
18,20260637,1,"GSM615349"
18,20260637,1,"GSM615350"
18,20260637,1,"GSM615354"
18,20260637,1,"GSM615355"
18,20260637,1,"GSM615357"
18,20260637,1,"GSM615360"
18,20260637,1,"GSM615361"
18,20260637,1,"GSM615368"
18,20260637,1,"GSM615373"
18,20260637,1,"GSM615379"
18,20260637,1,"GSM615385"
18,20260637,1,"GSM615397"
18,20260637,1,"GSM615405"
18,20260637,2,"GSM615107"
18,20260637,2,"GSM615110"
18,20260637,2,"GSM615111"
18,20260637,2,"GSM615115"
18,20260637,2,"GSM615120"
18,20260637,2,"GSM615129"
18,20260637,2,"GSM615137"
18,20260637,2,"GSM615165"
18,20260637,2,"GSM615168"
18,20260637,2,"GSM615180"
18,20260637,2,"GSM615183"
18,20260637,2,"GSM615186"
18,20260637,2,"GSM615187"
18,20260637,2,"GSM615189"
18,20260637,2,"GSM615190"
18,20260637,2,"GSM615192"
18,20260637,2,"GSM615196"
18,20260637,2,"GSM615198"
18,20260637,2,"GSM615199"
18,20260637,2,"GSM615201"
18,20260637,2,"GSM615209"
18,20260637,2,"GSM615218"
18,20260637,2,"GSM615224"
18,20260637,2,"GSM615226"
18,20260637,2,"GSM615244"
18,20260637,2,"GSM615250"
18,20260637,2,"GSM615251"
18,20260637,2,"GSM615253"
18,20260637,2,"GSM615258"
18,20260637,2,"GSM615264"
18,20260637,2,"GSM615266"
18,20260637,2,"GSM615269"
18,20260637,2,"GSM615272"
18,20260637,2,"GSM615281"
18,20260637,2,"GSM615282"
18,20260637,2,"GSM615283"
18,20260637,2,"GSM615285"
18,20260637,2,"GSM615291"
18,20260637,2,"GSM615293"
18,20260637,2,"GSM615300"
18,20260637,2,"GSM615304"
18,20260637,2,"GSM615306"
18,20260637,2,"GSM615314"
18,20260637,2,"GSM615315"
18,20260637,2,"GSM615321"
18,20260637,2,"GSM615326"
18,20260637,2,"GSM615330"
18,20260637,2,"GSM615340"
18,20260637,2,"GSM615342"
18,20260637,2,"GSM615351"
18,20260637,2,"GSM615365"
18,20260637,2,"GSM615372"
18,20260637,2,"GSM615380"
18,20260637,2,"GSM615384"
18,20260637,2,"GSM615387"
18,20260637,2,"GSM615389"
18,20260637,2,"GSM615391"
18,20260637,2,"GSM615392"
18,20260637,2,"GSM615393"
18,20260637,2,"GSM615396"
18,20260637,2,"GSM615398"
18,20260637,3,"GSM615102"
18,20260637,3,"GSM615104"
18,20260637,3,"GSM615124"
18,20260637,3,"GSM615130"
18,20260637,3,"GSM615138"
18,20260637,3,"GSM615151"
18,20260637,3,"GSM615159"
18,20260637,3,"GSM615169"
18,20260637,3,"GSM615184"
18,20260637,3,"GSM615185"
18,20260637,3,"GSM615188"
18,20260637,3,"GSM615191"
18,20260637,3,"GSM615200"
18,20260637,3,"GSM615205"
18,20260637,3,"GSM615211"
18,20260637,3,"GSM615212"
18,20260637,3,"GSM615213"
18,20260637,3,"GSM615215"
18,20260637,3,"GSM615216"
18,20260637,3,"GSM615217"
18,20260637,3,"GSM615219"
18,20260637,3,"GSM615221"
18,20260637,3,"GSM615227"
18,20260637,3,"GSM615228"
18,20260637,3,"GSM615232"
18,20260637,3,"GSM615235"
18,20260637,3,"GSM615237"
18,20260637,3,"GSM615238"
18,20260637,3,"GSM615241"
18,20260637,3,"GSM615245"
18,20260637,3,"GSM615247"
18,20260637,3,"GSM615254"
18,20260637,3,"GSM615256"
18,20260637,3,"GSM615260"
18,20260637,3,"GSM615263"
18,20260637,3,"GSM615268"
18,20260637,3,"GSM615275"
18,20260637,3,"GSM615276"
18,20260637,3,"GSM615280"
18,20260637,3,"GSM615298"
18,20260637,3,"GSM615301"
18,20260637,3,"GSM615313"
18,20260637,3,"GSM615331"
18,20260637,3,"GSM615338"
18,20260637,3,"GSM615339"
18,20260637,3,"GSM615344"
18,20260637,3,"GSM615345"
18,20260637,3,"GSM615347"
18,20260637,3,"GSM615352"
18,20260637,3,"GSM615358"
18,20260637,3,"GSM615364"
18,20260637,3,"GSM615375"
18,20260637,3,"GSM615376"
18,20260637,3,"GSM615378"
18,20260637,3,"GSM615381"
18,20260637,3,"GSM615386"
18,20260637,3,"GSM615388"
18,20260637,3,"GSM615390"
18,20260637,3,"GSM615399"
18,20260637,3,"GSM615402"
18,20260637,3,"GSM615403"
18,20260637,4,"GSM615099"
18,20260637,4,"GSM615103"
18,20260637,4,"GSM615117"
18,20260637,4,"GSM615123"
18,20260637,4,"GSM615132"
18,20260637,4,"GSM615133"
18,20260637,4,"GSM615135"
18,20260637,4,"GSM615141"
18,20260637,4,"GSM615142"
18,20260637,4,"GSM615143"
18,20260637,4,"GSM615144"
18,20260637,4,"GSM615145"
18,20260637,4,"GSM615147"
18,20260637,4,"GSM615152"
18,20260637,4,"GSM615153"
18,20260637,4,"GSM615155"
18,20260637,4,"GSM615161"
18,20260637,4,"GSM615170"
18,20260637,4,"GSM615173"
18,20260637,4,"GSM615174"
18,20260637,4,"GSM615177"
18,20260637,4,"GSM615178"
18,20260637,4,"GSM615193"
18,20260637,4,"GSM615194"
18,20260637,4,"GSM615195"
18,20260637,4,"GSM615202"
18,20260637,4,"GSM615208"
18,20260637,4,"GSM615223"
18,20260637,4,"GSM615231"
18,20260637,4,"GSM615234"
18,20260637,4,"GSM615240"
18,20260637,4,"GSM615248"
18,20260637,4,"GSM615249"
18,20260637,4,"GSM615259"
18,20260637,4,"GSM615261"
18,20260637,4,"GSM615262"
18,20260637,4,"GSM615279"
18,20260637,4,"GSM615286"
18,20260637,4,"GSM615289"
18,20260637,4,"GSM615290"
18,20260637,4,"GSM615292"
18,20260637,4,"GSM615297"
18,20260637,4,"GSM615299"
18,20260637,4,"GSM615308"
18,20260637,4,"GSM615309"
18,20260637,4,"GSM615322"
18,20260637,4,"GSM615324"
18,20260637,4,"GSM615325"
18,20260637,4,"GSM615328"
18,20260637,4,"GSM615329"
18,20260637,4,"GSM615333"
18,20260637,4,"GSM615335"
18,20260637,4,"GSM615353"
18,20260637,4,"GSM615356"
18,20260637,4,"GSM615359"
18,20260637,4,"GSM615367"
18,20260637,4,"GSM615370"
18,20260637,4,"GSM615377"
18,20260637,4,"GSM615382"
18,20260637,4,"GSM615383"
18,20260637,4,"GSM615400"
18,20260637,5,"GSM615098"
18,20260637,5,"GSM615100"
18,20260637,5,"GSM615101"
18,20260637,5,"GSM615108"
18,20260637,5,"GSM615109"
18,20260637,5,"GSM615112"
18,20260637,5,"GSM615122"
18,20260637,5,"GSM615134"
18,20260637,5,"GSM615136"
18,20260637,5,"GSM615146"
18,20260637,5,"GSM615149"
18,20260637,5,"GSM615156"
18,20260637,5,"GSM615158"
18,20260637,5,"GSM615166"
18,20260637,5,"GSM615167"
18,20260637,5,"GSM615171"
18,20260637,5,"GSM615172"
18,20260637,5,"GSM615175"
18,20260637,5,"GSM615179"
18,20260637,5,"GSM615197"
18,20260637,5,"GSM615203"
18,20260637,5,"GSM615204"
18,20260637,5,"GSM615207"
18,20260637,5,"GSM615210"
18,20260637,5,"GSM615214"
18,20260637,5,"GSM615220"
18,20260637,5,"GSM615229"
18,20260637,5,"GSM615233"
18,20260637,5,"GSM615239"
18,20260637,5,"GSM615246"
18,20260637,5,"GSM615252"
18,20260637,5,"GSM615267"
18,20260637,5,"GSM615271"
18,20260637,5,"GSM615273"
18,20260637,5,"GSM615274"
18,20260637,5,"GSM615277"
18,20260637,5,"GSM615278"
18,20260637,5,"GSM615294"
18,20260637,5,"GSM615295"
18,20260637,5,"GSM615296"
18,20260637,5,"GSM615302"
18,20260637,5,"GSM615305"
18,20260637,5,"GSM615307"
18,20260637,5,"GSM615310"
18,20260637,5,"GSM615311"
18,20260637,5,"GSM615319"
18,20260637,5,"GSM615320"
18,20260637,5,"GSM615332"
18,20260637,5,"GSM615334"
18,20260637,5,"GSM615336"
18,20260637,5,"GSM615348"
18,20260637,5,"GSM615362"
18,20260637,5,"GSM615363"
18,20260637,5,"GSM615366"
18,20260637,5,"GSM615369"
18,20260637,5,"GSM615371"
18,20260637,5,"GSM615374"
18,20260637,5,"GSM615394"
18,20260637,5,"GSM615395"
18,20260637,5,"GSM615401"
18,20260637,5,"GSM615404"
19,20260638,1,"GSM615102"
19,20260638,1,"GSM615104"
19,20260638,1,"GSM615110"
19,20260638,1,"GSM615114"
19,20260638,1,"GSM615126"
19,20260638,1,"GSM615127"
19,20260638,1,"GSM615129"
19,20260638,1,"GSM615130"
19,20260638,1,"GSM615135"
19,20260638,1,"GSM615137"
19,20260638,1,"GSM615150"
19,20260638,1,"GSM615152"
19,20260638,1,"GSM615154"
19,20260638,1,"GSM615165"
19,20260638,1,"GSM615169"
19,20260638,1,"GSM615171"
19,20260638,1,"GSM615173"
19,20260638,1,"GSM615175"
19,20260638,1,"GSM615185"
19,20260638,1,"GSM615192"
19,20260638,1,"GSM615193"
19,20260638,1,"GSM615197"
19,20260638,1,"GSM615207"
19,20260638,1,"GSM615214"
19,20260638,1,"GSM615215"
19,20260638,1,"GSM615225"
19,20260638,1,"GSM615229"
19,20260638,1,"GSM615230"
19,20260638,1,"GSM615236"
19,20260638,1,"GSM615237"
19,20260638,1,"GSM615238"
19,20260638,1,"GSM615246"
19,20260638,1,"GSM615248"
19,20260638,1,"GSM615258"
19,20260638,1,"GSM615261"
19,20260638,1,"GSM615265"
19,20260638,1,"GSM615266"
19,20260638,1,"GSM615271"
19,20260638,1,"GSM615272"
19,20260638,1,"GSM615287"
19,20260638,1,"GSM615292"
19,20260638,1,"GSM615294"
19,20260638,1,"GSM615307"
19,20260638,1,"GSM615313"
19,20260638,1,"GSM615318"
19,20260638,1,"GSM615323"
19,20260638,1,"GSM615325"
19,20260638,1,"GSM615329"
19,20260638,1,"GSM615333"
19,20260638,1,"GSM615336"
19,20260638,1,"GSM615338"
19,20260638,1,"GSM615344"
19,20260638,1,"GSM615351"
19,20260638,1,"GSM615355"
19,20260638,1,"GSM615358"
19,20260638,1,"GSM615364"
19,20260638,1,"GSM615365"
19,20260638,1,"GSM615369"
19,20260638,1,"GSM615375"
19,20260638,1,"GSM615385"
19,20260638,1,"GSM615400"
19,20260638,2,"GSM615099"
19,20260638,2,"GSM615103"
19,20260638,2,"GSM615113"
19,20260638,2,"GSM615116"
19,20260638,2,"GSM615128"
19,20260638,2,"GSM615133"
19,20260638,2,"GSM615136"
19,20260638,2,"GSM615139"
19,20260638,2,"GSM615140"
19,20260638,2,"GSM615142"
19,20260638,2,"GSM615145"
19,20260638,2,"GSM615147"
19,20260638,2,"GSM615151"
19,20260638,2,"GSM615156"
19,20260638,2,"GSM615162"
19,20260638,2,"GSM615180"
19,20260638,2,"GSM615182"
19,20260638,2,"GSM615186"
19,20260638,2,"GSM615200"
19,20260638,2,"GSM615202"
19,20260638,2,"GSM615211"
19,20260638,2,"GSM615216"
19,20260638,2,"GSM615217"
19,20260638,2,"GSM615219"
19,20260638,2,"GSM615226"
19,20260638,2,"GSM615227"
19,20260638,2,"GSM615228"
19,20260638,2,"GSM615231"
19,20260638,2,"GSM615234"
19,20260638,2,"GSM615241"
19,20260638,2,"GSM615243"
19,20260638,2,"GSM615249"
19,20260638,2,"GSM615253"
19,20260638,2,"GSM615264"
19,20260638,2,"GSM615267"
19,20260638,2,"GSM615273"
19,20260638,2,"GSM615280"
19,20260638,2,"GSM615288"
19,20260638,2,"GSM615297"
19,20260638,2,"GSM615299"
19,20260638,2,"GSM615303"
19,20260638,2,"GSM615308"
19,20260638,2,"GSM615316"
19,20260638,2,"GSM615321"
19,20260638,2,"GSM615324"
19,20260638,2,"GSM615327"
19,20260638,2,"GSM615331"
19,20260638,2,"GSM615337"
19,20260638,2,"GSM615341"
19,20260638,2,"GSM615342"
19,20260638,2,"GSM615343"
19,20260638,2,"GSM615345"
19,20260638,2,"GSM615350"
19,20260638,2,"GSM615361"
19,20260638,2,"GSM615370"
19,20260638,2,"GSM615373"
19,20260638,2,"GSM615382"
19,20260638,2,"GSM615388"
19,20260638,2,"GSM615393"
19,20260638,2,"GSM615401"
19,20260638,2,"GSM615402"
19,20260638,3,"GSM615097"
19,20260638,3,"GSM615098"
19,20260638,3,"GSM615100"
19,20260638,3,"GSM615107"
19,20260638,3,"GSM615108"
19,20260638,3,"GSM615111"
19,20260638,3,"GSM615112"
19,20260638,3,"GSM615117"
19,20260638,3,"GSM615122"
19,20260638,3,"GSM615134"
19,20260638,3,"GSM615155"
19,20260638,3,"GSM615157"
19,20260638,3,"GSM615160"
19,20260638,3,"GSM615167"
19,20260638,3,"GSM615168"
19,20260638,3,"GSM615176"
19,20260638,3,"GSM615178"
19,20260638,3,"GSM615183"
19,20260638,3,"GSM615206"
19,20260638,3,"GSM615209"
19,20260638,3,"GSM615210"
19,20260638,3,"GSM615213"
19,20260638,3,"GSM615221"
19,20260638,3,"GSM615240"
19,20260638,3,"GSM615245"
19,20260638,3,"GSM615262"
19,20260638,3,"GSM615268"
19,20260638,3,"GSM615274"
19,20260638,3,"GSM615275"
19,20260638,3,"GSM615276"
19,20260638,3,"GSM615277"
19,20260638,3,"GSM615282"
19,20260638,3,"GSM615283"
19,20260638,3,"GSM615284"
19,20260638,3,"GSM615285"
19,20260638,3,"GSM615293"
19,20260638,3,"GSM615296"
19,20260638,3,"GSM615304"
19,20260638,3,"GSM615305"
19,20260638,3,"GSM615310"
19,20260638,3,"GSM615311"
19,20260638,3,"GSM615312"
19,20260638,3,"GSM615314"
19,20260638,3,"GSM615315"
19,20260638,3,"GSM615317"
19,20260638,3,"GSM615320"
19,20260638,3,"GSM615334"
19,20260638,3,"GSM615335"
19,20260638,3,"GSM615346"
19,20260638,3,"GSM615349"
19,20260638,3,"GSM615356"
19,20260638,3,"GSM615360"
19,20260638,3,"GSM615366"
19,20260638,3,"GSM615367"
19,20260638,3,"GSM615371"
19,20260638,3,"GSM615378"
19,20260638,3,"GSM615381"
19,20260638,3,"GSM615387"
19,20260638,3,"GSM615390"
19,20260638,3,"GSM615394"
19,20260638,3,"GSM615395"
19,20260638,3,"GSM615397"
19,20260638,4,"GSM615096"
19,20260638,4,"GSM615101"
19,20260638,4,"GSM615120"
19,20260638,4,"GSM615121"
19,20260638,4,"GSM615123"
19,20260638,4,"GSM615125"
19,20260638,4,"GSM615143"
19,20260638,4,"GSM615144"
19,20260638,4,"GSM615146"
19,20260638,4,"GSM615148"
19,20260638,4,"GSM615149"
19,20260638,4,"GSM615158"
19,20260638,4,"GSM615159"
19,20260638,4,"GSM615164"
19,20260638,4,"GSM615170"
19,20260638,4,"GSM615181"
19,20260638,4,"GSM615188"
19,20260638,4,"GSM615196"
19,20260638,4,"GSM615198"
19,20260638,4,"GSM615199"
19,20260638,4,"GSM615203"
19,20260638,4,"GSM615204"
19,20260638,4,"GSM615205"
19,20260638,4,"GSM615218"
19,20260638,4,"GSM615222"
19,20260638,4,"GSM615223"
19,20260638,4,"GSM615232"
19,20260638,4,"GSM615233"
19,20260638,4,"GSM615235"
19,20260638,4,"GSM615242"
19,20260638,4,"GSM615244"
19,20260638,4,"GSM615250"
19,20260638,4,"GSM615251"
19,20260638,4,"GSM615252"
19,20260638,4,"GSM615254"
19,20260638,4,"GSM615255"
19,20260638,4,"GSM615263"
19,20260638,4,"GSM615269"
19,20260638,4,"GSM615281"
19,20260638,4,"GSM615286"
19,20260638,4,"GSM615289"
19,20260638,4,"GSM615290"
19,20260638,4,"GSM615298"
19,20260638,4,"GSM615322"
19,20260638,4,"GSM615326"
19,20260638,4,"GSM615332"
19,20260638,4,"GSM615347"
19,20260638,4,"GSM615348"
19,20260638,4,"GSM615353"
19,20260638,4,"GSM615354"
19,20260638,4,"GSM615359"
19,20260638,4,"GSM615363"
19,20260638,4,"GSM615372"
19,20260638,4,"GSM615374"
19,20260638,4,"GSM615379"
19,20260638,4,"GSM615384"
19,20260638,4,"GSM615389"
19,20260638,4,"GSM615391"
19,20260638,4,"GSM615399"
19,20260638,4,"GSM615403"
19,20260638,4,"GSM615404"
19,20260638,5,"GSM615106"
19,20260638,5,"GSM615109"
19,20260638,5,"GSM615115"
19,20260638,5,"GSM615124"
19,20260638,5,"GSM615131"
19,20260638,5,"GSM615132"
19,20260638,5,"GSM615138"
19,20260638,5,"GSM615141"
19,20260638,5,"GSM615153"
19,20260638,5,"GSM615161"
19,20260638,5,"GSM615166"
19,20260638,5,"GSM615172"
19,20260638,5,"GSM615174"
19,20260638,5,"GSM615177"
19,20260638,5,"GSM615179"
19,20260638,5,"GSM615184"
19,20260638,5,"GSM615187"
19,20260638,5,"GSM615189"
19,20260638,5,"GSM615190"
19,20260638,5,"GSM615191"
19,20260638,5,"GSM615194"
19,20260638,5,"GSM615195"
19,20260638,5,"GSM615201"
19,20260638,5,"GSM615208"
19,20260638,5,"GSM615212"
19,20260638,5,"GSM615220"
19,20260638,5,"GSM615224"
19,20260638,5,"GSM615239"
19,20260638,5,"GSM615247"
19,20260638,5,"GSM615256"
19,20260638,5,"GSM615257"
19,20260638,5,"GSM615259"
19,20260638,5,"GSM615260"
19,20260638,5,"GSM615270"
19,20260638,5,"GSM615278"
19,20260638,5,"GSM615279"
19,20260638,5,"GSM615291"
19,20260638,5,"GSM615295"
19,20260638,5,"GSM615300"
19,20260638,5,"GSM615301"
19,20260638,5,"GSM615302"
19,20260638,5,"GSM615306"
19,20260638,5,"GSM615309"
19,20260638,5,"GSM615319"
19,20260638,5,"GSM615328"
19,20260638,5,"GSM615330"
19,20260638,5,"GSM615339"
19,20260638,5,"GSM615340"
19,20260638,5,"GSM615352"
19,20260638,5,"GSM615357"
19,20260638,5,"GSM615362"
19,20260638,5,"GSM615368"
19,20260638,5,"GSM615376"
19,20260638,5,"GSM615377"
19,20260638,5,"GSM615380"
19,20260638,5,"GSM615383"
19,20260638,5,"GSM615386"
19,20260638,5,"GSM615392"
19,20260638,5,"GSM615396"
19,20260638,5,"GSM615398"
19,20260638,5,"GSM615405"
20,20260639,1,"GSM615099"
20,20260639,1,"GSM615103"
20,20260639,1,"GSM615106"
20,20260639,1,"GSM615112"
20,20260639,1,"GSM615121"
20,20260639,1,"GSM615123"
20,20260639,1,"GSM615135"
20,20260639,1,"GSM615137"
20,20260639,1,"GSM615149"
20,20260639,1,"GSM615152"
20,20260639,1,"GSM615156"
20,20260639,1,"GSM615157"
20,20260639,1,"GSM615160"
20,20260639,1,"GSM615164"
20,20260639,1,"GSM615168"
20,20260639,1,"GSM615169"
20,20260639,1,"GSM615170"
20,20260639,1,"GSM615177"
20,20260639,1,"GSM615184"
20,20260639,1,"GSM615187"
20,20260639,1,"GSM615192"
20,20260639,1,"GSM615195"
20,20260639,1,"GSM615200"
20,20260639,1,"GSM615205"
20,20260639,1,"GSM615206"
20,20260639,1,"GSM615207"
20,20260639,1,"GSM615209"
20,20260639,1,"GSM615217"
20,20260639,1,"GSM615226"
20,20260639,1,"GSM615242"
20,20260639,1,"GSM615243"
20,20260639,1,"GSM615249"
20,20260639,1,"GSM615254"
20,20260639,1,"GSM615256"
20,20260639,1,"GSM615268"
20,20260639,1,"GSM615269"
20,20260639,1,"GSM615270"
20,20260639,1,"GSM615271"
20,20260639,1,"GSM615274"
20,20260639,1,"GSM615275"
20,20260639,1,"GSM615292"
20,20260639,1,"GSM615293"
20,20260639,1,"GSM615305"
20,20260639,1,"GSM615308"
20,20260639,1,"GSM615310"
20,20260639,1,"GSM615315"
20,20260639,1,"GSM615316"
20,20260639,1,"GSM615317"
20,20260639,1,"GSM615318"
20,20260639,1,"GSM615329"
20,20260639,1,"GSM615332"
20,20260639,1,"GSM615333"
20,20260639,1,"GSM615337"
20,20260639,1,"GSM615351"
20,20260639,1,"GSM615358"
20,20260639,1,"GSM615361"
20,20260639,1,"GSM615363"
20,20260639,1,"GSM615379"
20,20260639,1,"GSM615382"
20,20260639,1,"GSM615400"
20,20260639,1,"GSM615402"
20,20260639,2,"GSM615101"
20,20260639,2,"GSM615102"
20,20260639,2,"GSM615111"
20,20260639,2,"GSM615114"
20,20260639,2,"GSM615115"
20,20260639,2,"GSM615124"
20,20260639,2,"GSM615125"
20,20260639,2,"GSM615128"
20,20260639,2,"GSM615131"
20,20260639,2,"GSM615141"
20,20260639,2,"GSM615150"
20,20260639,2,"GSM615153"
20,20260639,2,"GSM615166"
20,20260639,2,"GSM615171"
20,20260639,2,"GSM615175"
20,20260639,2,"GSM615178"
20,20260639,2,"GSM615188"
20,20260639,2,"GSM615193"
20,20260639,2,"GSM615194"
20,20260639,2,"GSM615199"
20,20260639,2,"GSM615201"
20,20260639,2,"GSM615202"
20,20260639,2,"GSM615211"
20,20260639,2,"GSM615219"
20,20260639,2,"GSM615225"
20,20260639,2,"GSM615228"
20,20260639,2,"GSM615231"
20,20260639,2,"GSM615232"
20,20260639,2,"GSM615236"
20,20260639,2,"GSM615237"
20,20260639,2,"GSM615238"
20,20260639,2,"GSM615239"
20,20260639,2,"GSM615241"
20,20260639,2,"GSM615246"
20,20260639,2,"GSM615248"
20,20260639,2,"GSM615252"
20,20260639,2,"GSM615261"
20,20260639,2,"GSM615276"
20,20260639,2,"GSM615279"
20,20260639,2,"GSM615283"
20,20260639,2,"GSM615290"
20,20260639,2,"GSM615296"
20,20260639,2,"GSM615300"
20,20260639,2,"GSM615303"
20,20260639,2,"GSM615306"
20,20260639,2,"GSM615313"
20,20260639,2,"GSM615321"
20,20260639,2,"GSM615324"
20,20260639,2,"GSM615344"
20,20260639,2,"GSM615348"
20,20260639,2,"GSM615350"
20,20260639,2,"GSM615354"
20,20260639,2,"GSM615355"
20,20260639,2,"GSM615357"
20,20260639,2,"GSM615369"
20,20260639,2,"GSM615370"
20,20260639,2,"GSM615372"
20,20260639,2,"GSM615375"
20,20260639,2,"GSM615385"
20,20260639,2,"GSM615386"
20,20260639,2,"GSM615403"
20,20260639,3,"GSM615097"
20,20260639,3,"GSM615104"
20,20260639,3,"GSM615117"
20,20260639,3,"GSM615122"
20,20260639,3,"GSM615129"
20,20260639,3,"GSM615132"
20,20260639,3,"GSM615138"
20,20260639,3,"GSM615140"
20,20260639,3,"GSM615144"
20,20260639,3,"GSM615145"
20,20260639,3,"GSM615146"
20,20260639,3,"GSM615162"
20,20260639,3,"GSM615173"
20,20260639,3,"GSM615183"
20,20260639,3,"GSM615190"
20,20260639,3,"GSM615198"
20,20260639,3,"GSM615203"
20,20260639,3,"GSM615210"
20,20260639,3,"GSM615213"
20,20260639,3,"GSM615244"
20,20260639,3,"GSM615245"
20,20260639,3,"GSM615247"
20,20260639,3,"GSM615250"
20,20260639,3,"GSM615255"
20,20260639,3,"GSM615257"
20,20260639,3,"GSM615264"
20,20260639,3,"GSM615266"
20,20260639,3,"GSM615273"
20,20260639,3,"GSM615277"
20,20260639,3,"GSM615280"
20,20260639,3,"GSM615281"
20,20260639,3,"GSM615282"
20,20260639,3,"GSM615285"
20,20260639,3,"GSM615286"
20,20260639,3,"GSM615287"
20,20260639,3,"GSM615295"
20,20260639,3,"GSM615298"
20,20260639,3,"GSM615301"
20,20260639,3,"GSM615304"
20,20260639,3,"GSM615307"
20,20260639,3,"GSM615309"
20,20260639,3,"GSM615319"
20,20260639,3,"GSM615320"
20,20260639,3,"GSM615323"
20,20260639,3,"GSM615334"
20,20260639,3,"GSM615336"
20,20260639,3,"GSM615341"
20,20260639,3,"GSM615345"
20,20260639,3,"GSM615349"
20,20260639,3,"GSM615353"
20,20260639,3,"GSM615359"
20,20260639,3,"GSM615360"
20,20260639,3,"GSM615362"
20,20260639,3,"GSM615368"
20,20260639,3,"GSM615381"
20,20260639,3,"GSM615384"
20,20260639,3,"GSM615387"
20,20260639,3,"GSM615388"
20,20260639,3,"GSM615395"
20,20260639,3,"GSM615397"
20,20260639,3,"GSM615399"
20,20260639,3,"GSM615404"
20,20260639,4,"GSM615096"
20,20260639,4,"GSM615098"
20,20260639,4,"GSM615107"
20,20260639,4,"GSM615108"
20,20260639,4,"GSM615126"
20,20260639,4,"GSM615130"
20,20260639,4,"GSM615136"
20,20260639,4,"GSM615139"
20,20260639,4,"GSM615147"
20,20260639,4,"GSM615151"
20,20260639,4,"GSM615154"
20,20260639,4,"GSM615155"
20,20260639,4,"GSM615165"
20,20260639,4,"GSM615167"
20,20260639,4,"GSM615176"
20,20260639,4,"GSM615180"
20,20260639,4,"GSM615181"
20,20260639,4,"GSM615182"
20,20260639,4,"GSM615185"
20,20260639,4,"GSM615186"
20,20260639,4,"GSM615191"
20,20260639,4,"GSM615196"
20,20260639,4,"GSM615197"
20,20260639,4,"GSM615204"
20,20260639,4,"GSM615208"
20,20260639,4,"GSM615214"
20,20260639,4,"GSM615218"
20,20260639,4,"GSM615222"
20,20260639,4,"GSM615223"
20,20260639,4,"GSM615224"
20,20260639,4,"GSM615227"
20,20260639,4,"GSM615233"
20,20260639,4,"GSM615235"
20,20260639,4,"GSM615240"
20,20260639,4,"GSM615251"
20,20260639,4,"GSM615253"
20,20260639,4,"GSM615258"
20,20260639,4,"GSM615259"
20,20260639,4,"GSM615284"
20,20260639,4,"GSM615291"
20,20260639,4,"GSM615294"
20,20260639,4,"GSM615297"
20,20260639,4,"GSM615302"
20,20260639,4,"GSM615311"
20,20260639,4,"GSM615325"
20,20260639,4,"GSM615327"
20,20260639,4,"GSM615330"
20,20260639,4,"GSM615340"
20,20260639,4,"GSM615342"
20,20260639,4,"GSM615343"
20,20260639,4,"GSM615347"
20,20260639,4,"GSM615356"
20,20260639,4,"GSM615364"
20,20260639,4,"GSM615365"
20,20260639,4,"GSM615367"
20,20260639,4,"GSM615374"
20,20260639,4,"GSM615389"
20,20260639,4,"GSM615390"
20,20260639,4,"GSM615393"
20,20260639,4,"GSM615398"
20,20260639,4,"GSM615401"
20,20260639,5,"GSM615100"
20,20260639,5,"GSM615109"
20,20260639,5,"GSM615110"
20,20260639,5,"GSM615113"
20,20260639,5,"GSM615116"
20,20260639,5,"GSM615120"
20,20260639,5,"GSM615127"
20,20260639,5,"GSM615133"
20,20260639,5,"GSM615134"
20,20260639,5,"GSM615142"
20,20260639,5,"GSM615143"
20,20260639,5,"GSM615148"
20,20260639,5,"GSM615158"
20,20260639,5,"GSM615159"
20,20260639,5,"GSM615161"
20,20260639,5,"GSM615172"
20,20260639,5,"GSM615174"
20,20260639,5,"GSM615179"
20,20260639,5,"GSM615189"
20,20260639,5,"GSM615212"
20,20260639,5,"GSM615215"
20,20260639,5,"GSM615216"
20,20260639,5,"GSM615220"
20,20260639,5,"GSM615221"
20,20260639,5,"GSM615229"
20,20260639,5,"GSM615230"
20,20260639,5,"GSM615234"
20,20260639,5,"GSM615260"
20,20260639,5,"GSM615262"
20,20260639,5,"GSM615263"
20,20260639,5,"GSM615265"
20,20260639,5,"GSM615267"
20,20260639,5,"GSM615272"
20,20260639,5,"GSM615278"
20,20260639,5,"GSM615288"
20,20260639,5,"GSM615289"
20,20260639,5,"GSM615299"
20,20260639,5,"GSM615312"
20,20260639,5,"GSM615314"
20,20260639,5,"GSM615322"
20,20260639,5,"GSM615326"
20,20260639,5,"GSM615328"
20,20260639,5,"GSM615331"
20,20260639,5,"GSM615335"
20,20260639,5,"GSM615338"
20,20260639,5,"GSM615339"
20,20260639,5,"GSM615346"
20,20260639,5,"GSM615352"
20,20260639,5,"GSM615366"
20,20260639,5,"GSM615371"
20,20260639,5,"GSM615373"
20,20260639,5,"GSM615376"
20,20260639,5,"GSM615377"
20,20260639,5,"GSM615378"
20,20260639,5,"GSM615380"
20,20260639,5,"GSM615383"
20,20260639,5,"GSM615391"
20,20260639,5,"GSM615392"
20,20260639,5,"GSM615394"
20,20260639,5,"GSM615396"
20,20260639,5,"GSM615405"
21,20260640,1,"GSM615104"
21,20260640,1,"GSM615107"
21,20260640,1,"GSM615108"
21,20260640,1,"GSM615109"
21,20260640,1,"GSM615140"
21,20260640,1,"GSM615143"
21,20260640,1,"GSM615149"
21,20260640,1,"GSM615154"
21,20260640,1,"GSM615173"
21,20260640,1,"GSM615180"
21,20260640,1,"GSM615184"
21,20260640,1,"GSM615189"
21,20260640,1,"GSM615199"
21,20260640,1,"GSM615201"
21,20260640,1,"GSM615205"
21,20260640,1,"GSM615223"
21,20260640,1,"GSM615230"
21,20260640,1,"GSM615231"
21,20260640,1,"GSM615236"
21,20260640,1,"GSM615239"
21,20260640,1,"GSM615241"
21,20260640,1,"GSM615248"
21,20260640,1,"GSM615250"
21,20260640,1,"GSM615257"
21,20260640,1,"GSM615259"
21,20260640,1,"GSM615261"
21,20260640,1,"GSM615265"
21,20260640,1,"GSM615266"
21,20260640,1,"GSM615273"
21,20260640,1,"GSM615279"
21,20260640,1,"GSM615280"
21,20260640,1,"GSM615281"
21,20260640,1,"GSM615282"
21,20260640,1,"GSM615283"
21,20260640,1,"GSM615285"
21,20260640,1,"GSM615300"
21,20260640,1,"GSM615303"
21,20260640,1,"GSM615305"
21,20260640,1,"GSM615322"
21,20260640,1,"GSM615327"
21,20260640,1,"GSM615328"
21,20260640,1,"GSM615330"
21,20260640,1,"GSM615333"
21,20260640,1,"GSM615334"
21,20260640,1,"GSM615335"
21,20260640,1,"GSM615341"
21,20260640,1,"GSM615347"
21,20260640,1,"GSM615353"
21,20260640,1,"GSM615356"
21,20260640,1,"GSM615358"
21,20260640,1,"GSM615367"
21,20260640,1,"GSM615370"
21,20260640,1,"GSM615371"
21,20260640,1,"GSM615380"
21,20260640,1,"GSM615382"
21,20260640,1,"GSM615389"
21,20260640,1,"GSM615393"
21,20260640,1,"GSM615394"
21,20260640,1,"GSM615396"
21,20260640,1,"GSM615398"
21,20260640,1,"GSM615400"
21,20260640,1,"GSM615403"
21,20260640,2,"GSM615097"
21,20260640,2,"GSM615098"
21,20260640,2,"GSM615100"
21,20260640,2,"GSM615102"
21,20260640,2,"GSM615103"
21,20260640,2,"GSM615113"
21,20260640,2,"GSM615114"
21,20260640,2,"GSM615116"
21,20260640,2,"GSM615123"
21,20260640,2,"GSM615127"
21,20260640,2,"GSM615134"
21,20260640,2,"GSM615135"
21,20260640,2,"GSM615150"
21,20260640,2,"GSM615153"
21,20260640,2,"GSM615158"
21,20260640,2,"GSM615159"
21,20260640,2,"GSM615164"
21,20260640,2,"GSM615167"
21,20260640,2,"GSM615170"
21,20260640,2,"GSM615172"
21,20260640,2,"GSM615183"
21,20260640,2,"GSM615187"
21,20260640,2,"GSM615195"
21,20260640,2,"GSM615196"
21,20260640,2,"GSM615200"
21,20260640,2,"GSM615202"
21,20260640,2,"GSM615210"
21,20260640,2,"GSM615216"
21,20260640,2,"GSM615238"
21,20260640,2,"GSM615251"
21,20260640,2,"GSM615252"
21,20260640,2,"GSM615258"
21,20260640,2,"GSM615268"
21,20260640,2,"GSM615275"
21,20260640,2,"GSM615276"
21,20260640,2,"GSM615277"
21,20260640,2,"GSM615286"
21,20260640,2,"GSM615288"
21,20260640,2,"GSM615293"
21,20260640,2,"GSM615297"
21,20260640,2,"GSM615301"
21,20260640,2,"GSM615304"
21,20260640,2,"GSM615308"
21,20260640,2,"GSM615311"
21,20260640,2,"GSM615320"
21,20260640,2,"GSM615324"
21,20260640,2,"GSM615325"
21,20260640,2,"GSM615329"
21,20260640,2,"GSM615339"
21,20260640,2,"GSM615348"
21,20260640,2,"GSM615351"
21,20260640,2,"GSM615357"
21,20260640,2,"GSM615360"
21,20260640,2,"GSM615366"
21,20260640,2,"GSM615373"
21,20260640,2,"GSM615375"
21,20260640,2,"GSM615377"
21,20260640,2,"GSM615379"
21,20260640,2,"GSM615397"
21,20260640,2,"GSM615402"
21,20260640,3,"GSM615106"
21,20260640,3,"GSM615110"
21,20260640,3,"GSM615115"
21,20260640,3,"GSM615129"
21,20260640,3,"GSM615137"
21,20260640,3,"GSM615138"
21,20260640,3,"GSM615139"
21,20260640,3,"GSM615152"
21,20260640,3,"GSM615155"
21,20260640,3,"GSM615160"
21,20260640,3,"GSM615162"
21,20260640,3,"GSM615165"
21,20260640,3,"GSM615169"
21,20260640,3,"GSM615171"
21,20260640,3,"GSM615178"
21,20260640,3,"GSM615179"
21,20260640,3,"GSM615181"
21,20260640,3,"GSM615188"
21,20260640,3,"GSM615190"
21,20260640,3,"GSM615191"
21,20260640,3,"GSM615192"
21,20260640,3,"GSM615193"
21,20260640,3,"GSM615197"
21,20260640,3,"GSM615203"
21,20260640,3,"GSM615213"
21,20260640,3,"GSM615214"
21,20260640,3,"GSM615219"
21,20260640,3,"GSM615221"
21,20260640,3,"GSM615222"
21,20260640,3,"GSM615229"
21,20260640,3,"GSM615232"
21,20260640,3,"GSM615242"
21,20260640,3,"GSM615244"
21,20260640,3,"GSM615245"
21,20260640,3,"GSM615255"
21,20260640,3,"GSM615262"
21,20260640,3,"GSM615264"
21,20260640,3,"GSM615271"
21,20260640,3,"GSM615290"
21,20260640,3,"GSM615291"
21,20260640,3,"GSM615292"
21,20260640,3,"GSM615312"
21,20260640,3,"GSM615315"
21,20260640,3,"GSM615316"
21,20260640,3,"GSM615317"
21,20260640,3,"GSM615319"
21,20260640,3,"GSM615321"
21,20260640,3,"GSM615332"
21,20260640,3,"GSM615340"
21,20260640,3,"GSM615343"
21,20260640,3,"GSM615350"
21,20260640,3,"GSM615354"
21,20260640,3,"GSM615355"
21,20260640,3,"GSM615368"
21,20260640,3,"GSM615369"
21,20260640,3,"GSM615374"
21,20260640,3,"GSM615376"
21,20260640,3,"GSM615388"
21,20260640,3,"GSM615390"
21,20260640,3,"GSM615391"
21,20260640,3,"GSM615395"
21,20260640,3,"GSM615404"
21,20260640,4,"GSM615101"
21,20260640,4,"GSM615117"
21,20260640,4,"GSM615122"
21,20260640,4,"GSM615124"
21,20260640,4,"GSM615131"
21,20260640,4,"GSM615132"
21,20260640,4,"GSM615136"
21,20260640,4,"GSM615141"
21,20260640,4,"GSM615144"
21,20260640,4,"GSM615145"
21,20260640,4,"GSM615146"
21,20260640,4,"GSM615151"
21,20260640,4,"GSM615156"
21,20260640,4,"GSM615161"
21,20260640,4,"GSM615174"
21,20260640,4,"GSM615176"
21,20260640,4,"GSM615182"
21,20260640,4,"GSM615198"
21,20260640,4,"GSM615207"
21,20260640,4,"GSM615208"
21,20260640,4,"GSM615209"
21,20260640,4,"GSM615211"
21,20260640,4,"GSM615215"
21,20260640,4,"GSM615220"
21,20260640,4,"GSM615224"
21,20260640,4,"GSM615227"
21,20260640,4,"GSM615233"
21,20260640,4,"GSM615234"
21,20260640,4,"GSM615235"
21,20260640,4,"GSM615237"
21,20260640,4,"GSM615253"
21,20260640,4,"GSM615256"
21,20260640,4,"GSM615260"
21,20260640,4,"GSM615267"
21,20260640,4,"GSM615272"
21,20260640,4,"GSM615274"
21,20260640,4,"GSM615278"
21,20260640,4,"GSM615294"
21,20260640,4,"GSM615295"
21,20260640,4,"GSM615296"
21,20260640,4,"GSM615302"
21,20260640,4,"GSM615306"
21,20260640,4,"GSM615314"
21,20260640,4,"GSM615318"
21,20260640,4,"GSM615331"
21,20260640,4,"GSM615336"
21,20260640,4,"GSM615337"
21,20260640,4,"GSM615338"
21,20260640,4,"GSM615342"
21,20260640,4,"GSM615344"
21,20260640,4,"GSM615345"
21,20260640,4,"GSM615346"
21,20260640,4,"GSM615359"
21,20260640,4,"GSM615362"
21,20260640,4,"GSM615365"
21,20260640,4,"GSM615381"
21,20260640,4,"GSM615383"
21,20260640,4,"GSM615384"
21,20260640,4,"GSM615387"
21,20260640,4,"GSM615392"
21,20260640,4,"GSM615405"
21,20260640,5,"GSM615096"
21,20260640,5,"GSM615099"
21,20260640,5,"GSM615111"
21,20260640,5,"GSM615112"
21,20260640,5,"GSM615120"
21,20260640,5,"GSM615121"
21,20260640,5,"GSM615125"
21,20260640,5,"GSM615126"
21,20260640,5,"GSM615128"
21,20260640,5,"GSM615130"
21,20260640,5,"GSM615133"
21,20260640,5,"GSM615142"
21,20260640,5,"GSM615147"
21,20260640,5,"GSM615148"
21,20260640,5,"GSM615157"
21,20260640,5,"GSM615166"
21,20260640,5,"GSM615168"
21,20260640,5,"GSM615175"
21,20260640,5,"GSM615177"
21,20260640,5,"GSM615185"
21,20260640,5,"GSM615186"
21,20260640,5,"GSM615194"
21,20260640,5,"GSM615204"
21,20260640,5,"GSM615206"
21,20260640,5,"GSM615212"
21,20260640,5,"GSM615217"
21,20260640,5,"GSM615218"
21,20260640,5,"GSM615225"
21,20260640,5,"GSM615226"
21,20260640,5,"GSM615228"
21,20260640,5,"GSM615240"
21,20260640,5,"GSM615243"
21,20260640,5,"GSM615246"
21,20260640,5,"GSM615247"
21,20260640,5,"GSM615249"
21,20260640,5,"GSM615254"
21,20260640,5,"GSM615263"
21,20260640,5,"GSM615269"
21,20260640,5,"GSM615270"
21,20260640,5,"GSM615284"
21,20260640,5,"GSM615287"
21,20260640,5,"GSM615289"
21,20260640,5,"GSM615298"
21,20260640,5,"GSM615299"
21,20260640,5,"GSM615307"
21,20260640,5,"GSM615309"
21,20260640,5,"GSM615310"
21,20260640,5,"GSM615313"
21,20260640,5,"GSM615323"
21,20260640,5,"GSM615326"
21,20260640,5,"GSM615349"
21,20260640,5,"GSM615352"
21,20260640,5,"GSM615361"
21,20260640,5,"GSM615363"
21,20260640,5,"GSM615364"
21,20260640,5,"GSM615372"
21,20260640,5,"GSM615378"
21,20260640,5,"GSM615385"
21,20260640,5,"GSM615386"
21,20260640,5,"GSM615399"
21,20260640,5,"GSM615401"
22,20260641,1,"GSM615101"
22,20260641,1,"GSM615104"
22,20260641,1,"GSM615106"
22,20260641,1,"GSM615113"
22,20260641,1,"GSM615123"
22,20260641,1,"GSM615138"
22,20260641,1,"GSM615146"
22,20260641,1,"GSM615150"
22,20260641,1,"GSM615152"
22,20260641,1,"GSM615158"
22,20260641,1,"GSM615161"
22,20260641,1,"GSM615166"
22,20260641,1,"GSM615167"
22,20260641,1,"GSM615170"
22,20260641,1,"GSM615171"
22,20260641,1,"GSM615173"
22,20260641,1,"GSM615182"
22,20260641,1,"GSM615189"
22,20260641,1,"GSM615191"
22,20260641,1,"GSM615196"
22,20260641,1,"GSM615199"
22,20260641,1,"GSM615200"
22,20260641,1,"GSM615202"
22,20260641,1,"GSM615203"
22,20260641,1,"GSM615207"
22,20260641,1,"GSM615216"
22,20260641,1,"GSM615221"
22,20260641,1,"GSM615222"
22,20260641,1,"GSM615226"
22,20260641,1,"GSM615229"
22,20260641,1,"GSM615233"
22,20260641,1,"GSM615246"
22,20260641,1,"GSM615247"
22,20260641,1,"GSM615249"
22,20260641,1,"GSM615255"
22,20260641,1,"GSM615256"
22,20260641,1,"GSM615262"
22,20260641,1,"GSM615266"
22,20260641,1,"GSM615267"
22,20260641,1,"GSM615270"
22,20260641,1,"GSM615280"
22,20260641,1,"GSM615281"
22,20260641,1,"GSM615284"
22,20260641,1,"GSM615303"
22,20260641,1,"GSM615314"
22,20260641,1,"GSM615316"
22,20260641,1,"GSM615323"
22,20260641,1,"GSM615332"
22,20260641,1,"GSM615335"
22,20260641,1,"GSM615338"
22,20260641,1,"GSM615340"
22,20260641,1,"GSM615346"
22,20260641,1,"GSM615352"
22,20260641,1,"GSM615357"
22,20260641,1,"GSM615364"
22,20260641,1,"GSM615367"
22,20260641,1,"GSM615373"
22,20260641,1,"GSM615376"
22,20260641,1,"GSM615378"
22,20260641,1,"GSM615390"
22,20260641,1,"GSM615395"
22,20260641,1,"GSM615398"
22,20260641,2,"GSM615096"
22,20260641,2,"GSM615102"
22,20260641,2,"GSM615103"
22,20260641,2,"GSM615109"
22,20260641,2,"GSM615111"
22,20260641,2,"GSM615122"
22,20260641,2,"GSM615129"
22,20260641,2,"GSM615136"
22,20260641,2,"GSM615144"
22,20260641,2,"GSM615157"
22,20260641,2,"GSM615168"
22,20260641,2,"GSM615172"
22,20260641,2,"GSM615176"
22,20260641,2,"GSM615181"
22,20260641,2,"GSM615184"
22,20260641,2,"GSM615185"
22,20260641,2,"GSM615190"
22,20260641,2,"GSM615201"
22,20260641,2,"GSM615205"
22,20260641,2,"GSM615210"
22,20260641,2,"GSM615212"
22,20260641,2,"GSM615214"
22,20260641,2,"GSM615215"
22,20260641,2,"GSM615228"
22,20260641,2,"GSM615230"
22,20260641,2,"GSM615239"
22,20260641,2,"GSM615244"
22,20260641,2,"GSM615245"
22,20260641,2,"GSM615259"
22,20260641,2,"GSM615263"
22,20260641,2,"GSM615269"
22,20260641,2,"GSM615271"
22,20260641,2,"GSM615272"
22,20260641,2,"GSM615273"
22,20260641,2,"GSM615277"
22,20260641,2,"GSM615288"
22,20260641,2,"GSM615290"
22,20260641,2,"GSM615292"
22,20260641,2,"GSM615297"
22,20260641,2,"GSM615302"
22,20260641,2,"GSM615304"
22,20260641,2,"GSM615318"
22,20260641,2,"GSM615328"
22,20260641,2,"GSM615331"
22,20260641,2,"GSM615333"
22,20260641,2,"GSM615336"
22,20260641,2,"GSM615339"
22,20260641,2,"GSM615347"
22,20260641,2,"GSM615349"
22,20260641,2,"GSM615350"
22,20260641,2,"GSM615354"
22,20260641,2,"GSM615358"
22,20260641,2,"GSM615360"
22,20260641,2,"GSM615366"
22,20260641,2,"GSM615369"
22,20260641,2,"GSM615372"
22,20260641,2,"GSM615382"
22,20260641,2,"GSM615385"
22,20260641,2,"GSM615389"
22,20260641,2,"GSM615393"
22,20260641,2,"GSM615394"
22,20260641,3,"GSM615098"
22,20260641,3,"GSM615099"
22,20260641,3,"GSM615108"
22,20260641,3,"GSM615116"
22,20260641,3,"GSM615117"
22,20260641,3,"GSM615120"
22,20260641,3,"GSM615121"
22,20260641,3,"GSM615126"
22,20260641,3,"GSM615128"
22,20260641,3,"GSM615132"
22,20260641,3,"GSM615148"
22,20260641,3,"GSM615149"
22,20260641,3,"GSM615154"
22,20260641,3,"GSM615164"
22,20260641,3,"GSM615178"
22,20260641,3,"GSM615179"
22,20260641,3,"GSM615180"
22,20260641,3,"GSM615183"
22,20260641,3,"GSM615192"
22,20260641,3,"GSM615194"
22,20260641,3,"GSM615195"
22,20260641,3,"GSM615197"
22,20260641,3,"GSM615204"
22,20260641,3,"GSM615206"
22,20260641,3,"GSM615208"
22,20260641,3,"GSM615211"
22,20260641,3,"GSM615217"
22,20260641,3,"GSM615219"
22,20260641,3,"GSM615224"
22,20260641,3,"GSM615225"
22,20260641,3,"GSM615235"
22,20260641,3,"GSM615240"
22,20260641,3,"GSM615243"
22,20260641,3,"GSM615250"
22,20260641,3,"GSM615251"
22,20260641,3,"GSM615258"
22,20260641,3,"GSM615261"
22,20260641,3,"GSM615268"
22,20260641,3,"GSM615279"
22,20260641,3,"GSM615282"
22,20260641,3,"GSM615289"
22,20260641,3,"GSM615295"
22,20260641,3,"GSM615298"
22,20260641,3,"GSM615306"
22,20260641,3,"GSM615307"
22,20260641,3,"GSM615321"
22,20260641,3,"GSM615325"
22,20260641,3,"GSM615344"
22,20260641,3,"GSM615348"
22,20260641,3,"GSM615355"
22,20260641,3,"GSM615356"
22,20260641,3,"GSM615363"
22,20260641,3,"GSM615371"
22,20260641,3,"GSM615383"
22,20260641,3,"GSM615384"
22,20260641,3,"GSM615392"
22,20260641,3,"GSM615396"
22,20260641,3,"GSM615397"
22,20260641,3,"GSM615400"
22,20260641,3,"GSM615403"
22,20260641,3,"GSM615404"
22,20260641,3,"GSM615405"
22,20260641,4,"GSM615097"
22,20260641,4,"GSM615107"
22,20260641,4,"GSM615110"
22,20260641,4,"GSM615114"
22,20260641,4,"GSM615115"
22,20260641,4,"GSM615127"
22,20260641,4,"GSM615133"
22,20260641,4,"GSM615137"
22,20260641,4,"GSM615141"
22,20260641,4,"GSM615143"
22,20260641,4,"GSM615147"
22,20260641,4,"GSM615151"
22,20260641,4,"GSM615153"
22,20260641,4,"GSM615156"
22,20260641,4,"GSM615159"
22,20260641,4,"GSM615160"
22,20260641,4,"GSM615162"
22,20260641,4,"GSM615174"
22,20260641,4,"GSM615175"
22,20260641,4,"GSM615177"
22,20260641,4,"GSM615187"
22,20260641,4,"GSM615209"
22,20260641,4,"GSM615213"
22,20260641,4,"GSM615223"
22,20260641,4,"GSM615232"
22,20260641,4,"GSM615236"
22,20260641,4,"GSM615238"
22,20260641,4,"GSM615242"
22,20260641,4,"GSM615253"
22,20260641,4,"GSM615254"
22,20260641,4,"GSM615257"
22,20260641,4,"GSM615265"
22,20260641,4,"GSM615278"
22,20260641,4,"GSM615283"
22,20260641,4,"GSM615285"
22,20260641,4,"GSM615286"
22,20260641,4,"GSM615296"
22,20260641,4,"GSM615305"
22,20260641,4,"GSM615309"
22,20260641,4,"GSM615310"
22,20260641,4,"GSM615312"
22,20260641,4,"GSM615315"
22,20260641,4,"GSM615317"
22,20260641,4,"GSM615326"
22,20260641,4,"GSM615327"
22,20260641,4,"GSM615329"
22,20260641,4,"GSM615342"
22,20260641,4,"GSM615351"
22,20260641,4,"GSM615353"
22,20260641,4,"GSM615359"
22,20260641,4,"GSM615362"
22,20260641,4,"GSM615365"
22,20260641,4,"GSM615368"
22,20260641,4,"GSM615377"
22,20260641,4,"GSM615379"
22,20260641,4,"GSM615381"
22,20260641,4,"GSM615386"
22,20260641,4,"GSM615387"
22,20260641,4,"GSM615388"
22,20260641,4,"GSM615391"
22,20260641,4,"GSM615401"
22,20260641,5,"GSM615100"
22,20260641,5,"GSM615112"
22,20260641,5,"GSM615124"
22,20260641,5,"GSM615125"
22,20260641,5,"GSM615130"
22,20260641,5,"GSM615131"
22,20260641,5,"GSM615134"
22,20260641,5,"GSM615135"
22,20260641,5,"GSM615139"
22,20260641,5,"GSM615140"
22,20260641,5,"GSM615142"
22,20260641,5,"GSM615145"
22,20260641,5,"GSM615155"
22,20260641,5,"GSM615165"
22,20260641,5,"GSM615169"
22,20260641,5,"GSM615186"
22,20260641,5,"GSM615188"
22,20260641,5,"GSM615193"
22,20260641,5,"GSM615198"
22,20260641,5,"GSM615218"
22,20260641,5,"GSM615220"
22,20260641,5,"GSM615227"
22,20260641,5,"GSM615231"
22,20260641,5,"GSM615234"
22,20260641,5,"GSM615237"
22,20260641,5,"GSM615241"
22,20260641,5,"GSM615248"
22,20260641,5,"GSM615252"
22,20260641,5,"GSM615260"
22,20260641,5,"GSM615264"
22,20260641,5,"GSM615274"
22,20260641,5,"GSM615275"
22,20260641,5,"GSM615276"
22,20260641,5,"GSM615287"
22,20260641,5,"GSM615291"
22,20260641,5,"GSM615293"
22,20260641,5,"GSM615294"
22,20260641,5,"GSM615299"
22,20260641,5,"GSM615300"
22,20260641,5,"GSM615301"
22,20260641,5,"GSM615308"
22,20260641,5,"GSM615311"
22,20260641,5,"GSM615313"
22,20260641,5,"GSM615319"
22,20260641,5,"GSM615320"
22,20260641,5,"GSM615322"
22,20260641,5,"GSM615324"
22,20260641,5,"GSM615330"
22,20260641,5,"GSM615334"
22,20260641,5,"GSM615337"
22,20260641,5,"GSM615341"
22,20260641,5,"GSM615343"
22,20260641,5,"GSM615345"
22,20260641,5,"GSM615361"
22,20260641,5,"GSM615370"
22,20260641,5,"GSM615374"
22,20260641,5,"GSM615375"
22,20260641,5,"GSM615380"
22,20260641,5,"GSM615399"
22,20260641,5,"GSM615402"
23,20260642,1,"GSM615097"
23,20260642,1,"GSM615101"
23,20260642,1,"GSM615103"
23,20260642,1,"GSM615106"
23,20260642,1,"GSM615111"
23,20260642,1,"GSM615113"
23,20260642,1,"GSM615116"
23,20260642,1,"GSM615130"
23,20260642,1,"GSM615136"
23,20260642,1,"GSM615144"
23,20260642,1,"GSM615146"
23,20260642,1,"GSM615152"
23,20260642,1,"GSM615153"
23,20260642,1,"GSM615154"
23,20260642,1,"GSM615158"
23,20260642,1,"GSM615159"
23,20260642,1,"GSM615160"
23,20260642,1,"GSM615164"
23,20260642,1,"GSM615179"
23,20260642,1,"GSM615180"
23,20260642,1,"GSM615184"
23,20260642,1,"GSM615186"
23,20260642,1,"GSM615187"
23,20260642,1,"GSM615189"
23,20260642,1,"GSM615194"
23,20260642,1,"GSM615196"
23,20260642,1,"GSM615200"
23,20260642,1,"GSM615207"
23,20260642,1,"GSM615216"
23,20260642,1,"GSM615224"
23,20260642,1,"GSM615233"
23,20260642,1,"GSM615234"
23,20260642,1,"GSM615242"
23,20260642,1,"GSM615252"
23,20260642,1,"GSM615254"
23,20260642,1,"GSM615265"
23,20260642,1,"GSM615273"
23,20260642,1,"GSM615279"
23,20260642,1,"GSM615280"
23,20260642,1,"GSM615287"
23,20260642,1,"GSM615293"
23,20260642,1,"GSM615298"
23,20260642,1,"GSM615303"
23,20260642,1,"GSM615305"
23,20260642,1,"GSM615306"
23,20260642,1,"GSM615311"
23,20260642,1,"GSM615312"
23,20260642,1,"GSM615317"
23,20260642,1,"GSM615324"
23,20260642,1,"GSM615327"
23,20260642,1,"GSM615331"
23,20260642,1,"GSM615333"
23,20260642,1,"GSM615336"
23,20260642,1,"GSM615343"
23,20260642,1,"GSM615345"
23,20260642,1,"GSM615353"
23,20260642,1,"GSM615364"
23,20260642,1,"GSM615378"
23,20260642,1,"GSM615389"
23,20260642,1,"GSM615390"
23,20260642,1,"GSM615399"
23,20260642,1,"GSM615404"
23,20260642,2,"GSM615110"
23,20260642,2,"GSM615114"
23,20260642,2,"GSM615128"
23,20260642,2,"GSM615145"
23,20260642,2,"GSM615148"
23,20260642,2,"GSM615155"
23,20260642,2,"GSM615156"
23,20260642,2,"GSM615165"
23,20260642,2,"GSM615195"
23,20260642,2,"GSM615197"
23,20260642,2,"GSM615204"
23,20260642,2,"GSM615206"
23,20260642,2,"GSM615208"
23,20260642,2,"GSM615212"
23,20260642,2,"GSM615215"
23,20260642,2,"GSM615221"
23,20260642,2,"GSM615223"
23,20260642,2,"GSM615240"
23,20260642,2,"GSM615243"
23,20260642,2,"GSM615244"
23,20260642,2,"GSM615248"
23,20260642,2,"GSM615249"
23,20260642,2,"GSM615257"
23,20260642,2,"GSM615258"
23,20260642,2,"GSM615263"
23,20260642,2,"GSM615268"
23,20260642,2,"GSM615270"
23,20260642,2,"GSM615271"
23,20260642,2,"GSM615278"
23,20260642,2,"GSM615282"
23,20260642,2,"GSM615285"
23,20260642,2,"GSM615288"
23,20260642,2,"GSM615290"
23,20260642,2,"GSM615308"
23,20260642,2,"GSM615310"
23,20260642,2,"GSM615313"
23,20260642,2,"GSM615329"
23,20260642,2,"GSM615332"
23,20260642,2,"GSM615335"
23,20260642,2,"GSM615337"
23,20260642,2,"GSM615341"
23,20260642,2,"GSM615346"
23,20260642,2,"GSM615348"
23,20260642,2,"GSM615349"
23,20260642,2,"GSM615351"
23,20260642,2,"GSM615356"
23,20260642,2,"GSM615362"
23,20260642,2,"GSM615363"
23,20260642,2,"GSM615366"
23,20260642,2,"GSM615368"
23,20260642,2,"GSM615369"
23,20260642,2,"GSM615370"
23,20260642,2,"GSM615372"
23,20260642,2,"GSM615375"
23,20260642,2,"GSM615380"
23,20260642,2,"GSM615393"
23,20260642,2,"GSM615394"
23,20260642,2,"GSM615396"
23,20260642,2,"GSM615397"
23,20260642,2,"GSM615402"
23,20260642,2,"GSM615403"
23,20260642,3,"GSM615108"
23,20260642,3,"GSM615109"
23,20260642,3,"GSM615121"
23,20260642,3,"GSM615123"
23,20260642,3,"GSM615125"
23,20260642,3,"GSM615126"
23,20260642,3,"GSM615129"
23,20260642,3,"GSM615134"
23,20260642,3,"GSM615137"
23,20260642,3,"GSM615139"
23,20260642,3,"GSM615143"
23,20260642,3,"GSM615150"
23,20260642,3,"GSM615157"
23,20260642,3,"GSM615161"
23,20260642,3,"GSM615162"
23,20260642,3,"GSM615168"
23,20260642,3,"GSM615171"
23,20260642,3,"GSM615172"
23,20260642,3,"GSM615177"
23,20260642,3,"GSM615178"
23,20260642,3,"GSM615188"
23,20260642,3,"GSM615201"
23,20260642,3,"GSM615203"
23,20260642,3,"GSM615205"
23,20260642,3,"GSM615210"
23,20260642,3,"GSM615213"
23,20260642,3,"GSM615217"
23,20260642,3,"GSM615219"
23,20260642,3,"GSM615220"
23,20260642,3,"GSM615226"
23,20260642,3,"GSM615255"
23,20260642,3,"GSM615262"
23,20260642,3,"GSM615267"
23,20260642,3,"GSM615275"
23,20260642,3,"GSM615276"
23,20260642,3,"GSM615281"
23,20260642,3,"GSM615289"
23,20260642,3,"GSM615291"
23,20260642,3,"GSM615292"
23,20260642,3,"GSM615304"
23,20260642,3,"GSM615309"
23,20260642,3,"GSM615318"
23,20260642,3,"GSM615321"
23,20260642,3,"GSM615326"
23,20260642,3,"GSM615330"
23,20260642,3,"GSM615334"
23,20260642,3,"GSM615338"
23,20260642,3,"GSM615340"
23,20260642,3,"GSM615344"
23,20260642,3,"GSM615352"
23,20260642,3,"GSM615360"
23,20260642,3,"GSM615365"
23,20260642,3,"GSM615367"
23,20260642,3,"GSM615374"
23,20260642,3,"GSM615379"
23,20260642,3,"GSM615385"
23,20260642,3,"GSM615388"
23,20260642,3,"GSM615391"
23,20260642,3,"GSM615395"
23,20260642,3,"GSM615400"
23,20260642,3,"GSM615401"
23,20260642,4,"GSM615100"
23,20260642,4,"GSM615104"
23,20260642,4,"GSM615107"
23,20260642,4,"GSM615115"
23,20260642,4,"GSM615117"
23,20260642,4,"GSM615122"
23,20260642,4,"GSM615131"
23,20260642,4,"GSM615133"
23,20260642,4,"GSM615135"
23,20260642,4,"GSM615138"
23,20260642,4,"GSM615142"
23,20260642,4,"GSM615147"
23,20260642,4,"GSM615149"
23,20260642,4,"GSM615151"
23,20260642,4,"GSM615169"
23,20260642,4,"GSM615170"
23,20260642,4,"GSM615173"
23,20260642,4,"GSM615174"
23,20260642,4,"GSM615176"
23,20260642,4,"GSM615190"
23,20260642,4,"GSM615191"
23,20260642,4,"GSM615193"
23,20260642,4,"GSM615198"
23,20260642,4,"GSM615209"
23,20260642,4,"GSM615211"
23,20260642,4,"GSM615225"
23,20260642,4,"GSM615229"
23,20260642,4,"GSM615230"
23,20260642,4,"GSM615235"
23,20260642,4,"GSM615236"
23,20260642,4,"GSM615238"
23,20260642,4,"GSM615239"
23,20260642,4,"GSM615246"
23,20260642,4,"GSM615247"
23,20260642,4,"GSM615250"
23,20260642,4,"GSM615251"
23,20260642,4,"GSM615259"
23,20260642,4,"GSM615264"
23,20260642,4,"GSM615269"
23,20260642,4,"GSM615272"
23,20260642,4,"GSM615277"
23,20260642,4,"GSM615286"
23,20260642,4,"GSM615294"
23,20260642,4,"GSM615295"
23,20260642,4,"GSM615296"
23,20260642,4,"GSM615300"
23,20260642,4,"GSM615307"
23,20260642,4,"GSM615319"
23,20260642,4,"GSM615320"
23,20260642,4,"GSM615328"
23,20260642,4,"GSM615339"
23,20260642,4,"GSM615342"
23,20260642,4,"GSM615347"
23,20260642,4,"GSM615354"
23,20260642,4,"GSM615355"
23,20260642,4,"GSM615358"
23,20260642,4,"GSM615359"
23,20260642,4,"GSM615371"
23,20260642,4,"GSM615384"
23,20260642,4,"GSM615386"
23,20260642,4,"GSM615405"
23,20260642,5,"GSM615096"
23,20260642,5,"GSM615098"
23,20260642,5,"GSM615099"
23,20260642,5,"GSM615102"
23,20260642,5,"GSM615112"
23,20260642,5,"GSM615120"
23,20260642,5,"GSM615124"
23,20260642,5,"GSM615127"
23,20260642,5,"GSM615132"
23,20260642,5,"GSM615140"
23,20260642,5,"GSM615141"
23,20260642,5,"GSM615166"
23,20260642,5,"GSM615167"
23,20260642,5,"GSM615175"
23,20260642,5,"GSM615181"
23,20260642,5,"GSM615182"
23,20260642,5,"GSM615183"
23,20260642,5,"GSM615185"
23,20260642,5,"GSM615192"
23,20260642,5,"GSM615199"
23,20260642,5,"GSM615202"
23,20260642,5,"GSM615214"
23,20260642,5,"GSM615218"
23,20260642,5,"GSM615222"
23,20260642,5,"GSM615227"
23,20260642,5,"GSM615228"
23,20260642,5,"GSM615231"
23,20260642,5,"GSM615232"
23,20260642,5,"GSM615237"
23,20260642,5,"GSM615241"
23,20260642,5,"GSM615245"
23,20260642,5,"GSM615253"
23,20260642,5,"GSM615256"
23,20260642,5,"GSM615260"
23,20260642,5,"GSM615261"
23,20260642,5,"GSM615266"
23,20260642,5,"GSM615274"
23,20260642,5,"GSM615283"
23,20260642,5,"GSM615284"
23,20260642,5,"GSM615297"
23,20260642,5,"GSM615299"
23,20260642,5,"GSM615301"
23,20260642,5,"GSM615302"
23,20260642,5,"GSM615314"
23,20260642,5,"GSM615315"
23,20260642,5,"GSM615316"
23,20260642,5,"GSM615322"
23,20260642,5,"GSM615323"
23,20260642,5,"GSM615325"
23,20260642,5,"GSM615350"
23,20260642,5,"GSM615357"
23,20260642,5,"GSM615361"
23,20260642,5,"GSM615373"
23,20260642,5,"GSM615376"
23,20260642,5,"GSM615377"
23,20260642,5,"GSM615381"
23,20260642,5,"GSM615382"
23,20260642,5,"GSM615383"
23,20260642,5,"GSM615387"
23,20260642,5,"GSM615392"
23,20260642,5,"GSM615398"
24,20260643,1,"GSM615098"
24,20260643,1,"GSM615109"
24,20260643,1,"GSM615110"
24,20260643,1,"GSM615112"
24,20260643,1,"GSM615114"
24,20260643,1,"GSM615120"
24,20260643,1,"GSM615126"
24,20260643,1,"GSM615134"
24,20260643,1,"GSM615145"
24,20260643,1,"GSM615146"
24,20260643,1,"GSM615156"
24,20260643,1,"GSM615158"
24,20260643,1,"GSM615165"
24,20260643,1,"GSM615168"
24,20260643,1,"GSM615170"
24,20260643,1,"GSM615173"
24,20260643,1,"GSM615175"
24,20260643,1,"GSM615179"
24,20260643,1,"GSM615180"
24,20260643,1,"GSM615181"
24,20260643,1,"GSM615185"
24,20260643,1,"GSM615190"
24,20260643,1,"GSM615193"
24,20260643,1,"GSM615200"
24,20260643,1,"GSM615205"
24,20260643,1,"GSM615208"
24,20260643,1,"GSM615220"
24,20260643,1,"GSM615225"
24,20260643,1,"GSM615227"
24,20260643,1,"GSM615230"
24,20260643,1,"GSM615233"
24,20260643,1,"GSM615245"
24,20260643,1,"GSM615246"
24,20260643,1,"GSM615255"
24,20260643,1,"GSM615272"
24,20260643,1,"GSM615275"
24,20260643,1,"GSM615277"
24,20260643,1,"GSM615283"
24,20260643,1,"GSM615297"
24,20260643,1,"GSM615300"
24,20260643,1,"GSM615301"
24,20260643,1,"GSM615302"
24,20260643,1,"GSM615304"
24,20260643,1,"GSM615310"
24,20260643,1,"GSM615319"
24,20260643,1,"GSM615327"
24,20260643,1,"GSM615329"
24,20260643,1,"GSM615331"
24,20260643,1,"GSM615334"
24,20260643,1,"GSM615336"
24,20260643,1,"GSM615337"
24,20260643,1,"GSM615341"
24,20260643,1,"GSM615351"
24,20260643,1,"GSM615356"
24,20260643,1,"GSM615357"
24,20260643,1,"GSM615358"
24,20260643,1,"GSM615360"
24,20260643,1,"GSM615373"
24,20260643,1,"GSM615377"
24,20260643,1,"GSM615390"
24,20260643,1,"GSM615392"
24,20260643,1,"GSM615396"
24,20260643,2,"GSM615103"
24,20260643,2,"GSM615106"
24,20260643,2,"GSM615115"
24,20260643,2,"GSM615127"
24,20260643,2,"GSM615129"
24,20260643,2,"GSM615130"
24,20260643,2,"GSM615138"
24,20260643,2,"GSM615139"
24,20260643,2,"GSM615140"
24,20260643,2,"GSM615147"
24,20260643,2,"GSM615151"
24,20260643,2,"GSM615167"
24,20260643,2,"GSM615172"
24,20260643,2,"GSM615182"
24,20260643,2,"GSM615187"
24,20260643,2,"GSM615198"
24,20260643,2,"GSM615204"
24,20260643,2,"GSM615209"
24,20260643,2,"GSM615210"
24,20260643,2,"GSM615211"
24,20260643,2,"GSM615212"
24,20260643,2,"GSM615214"
24,20260643,2,"GSM615215"
24,20260643,2,"GSM615217"
24,20260643,2,"GSM615222"
24,20260643,2,"GSM615229"
24,20260643,2,"GSM615234"
24,20260643,2,"GSM615236"
24,20260643,2,"GSM615237"
24,20260643,2,"GSM615238"
24,20260643,2,"GSM615240"
24,20260643,2,"GSM615241"
24,20260643,2,"GSM615243"
24,20260643,2,"GSM615259"
24,20260643,2,"GSM615260"
24,20260643,2,"GSM615261"
24,20260643,2,"GSM615266"
24,20260643,2,"GSM615271"
24,20260643,2,"GSM615281"
24,20260643,2,"GSM615288"
24,20260643,2,"GSM615294"
24,20260643,2,"GSM615296"
24,20260643,2,"GSM615299"
24,20260643,2,"GSM615305"
24,20260643,2,"GSM615308"
24,20260643,2,"GSM615318"
24,20260643,2,"GSM615323"
24,20260643,2,"GSM615339"
24,20260643,2,"GSM615350"
24,20260643,2,"GSM615353"
24,20260643,2,"GSM615362"
24,20260643,2,"GSM615367"
24,20260643,2,"GSM615369"
24,20260643,2,"GSM615371"
24,20260643,2,"GSM615378"
24,20260643,2,"GSM615383"
24,20260643,2,"GSM615387"
24,20260643,2,"GSM615388"
24,20260643,2,"GSM615402"
24,20260643,2,"GSM615403"
24,20260643,2,"GSM615404"
24,20260643,3,"GSM615096"
24,20260643,3,"GSM615104"
24,20260643,3,"GSM615113"
24,20260643,3,"GSM615124"
24,20260643,3,"GSM615133"
24,20260643,3,"GSM615135"
24,20260643,3,"GSM615136"
24,20260643,3,"GSM615141"
24,20260643,3,"GSM615160"
24,20260643,3,"GSM615161"
24,20260643,3,"GSM615162"
24,20260643,3,"GSM615164"
24,20260643,3,"GSM615169"
24,20260643,3,"GSM615171"
24,20260643,3,"GSM615174"
24,20260643,3,"GSM615178"
24,20260643,3,"GSM615184"
24,20260643,3,"GSM615186"
24,20260643,3,"GSM615191"
24,20260643,3,"GSM615206"
24,20260643,3,"GSM615221"
24,20260643,3,"GSM615223"
24,20260643,3,"GSM615235"
24,20260643,3,"GSM615242"
24,20260643,3,"GSM615247"
24,20260643,3,"GSM615248"
24,20260643,3,"GSM615249"
24,20260643,3,"GSM615250"
24,20260643,3,"GSM615252"
24,20260643,3,"GSM615258"
24,20260643,3,"GSM615264"
24,20260643,3,"GSM615265"
24,20260643,3,"GSM615269"
24,20260643,3,"GSM615270"
24,20260643,3,"GSM615273"
24,20260643,3,"GSM615280"
24,20260643,3,"GSM615285"
24,20260643,3,"GSM615286"
24,20260643,3,"GSM615289"
24,20260643,3,"GSM615293"
24,20260643,3,"GSM615298"
24,20260643,3,"GSM615311"
24,20260643,3,"GSM615313"
24,20260643,3,"GSM615315"
24,20260643,3,"GSM615317"
24,20260643,3,"GSM615324"
24,20260643,3,"GSM615326"
24,20260643,3,"GSM615328"
24,20260643,3,"GSM615335"
24,20260643,3,"GSM615345"
24,20260643,3,"GSM615347"
24,20260643,3,"GSM615361"
24,20260643,3,"GSM615363"
24,20260643,3,"GSM615365"
24,20260643,3,"GSM615380"
24,20260643,3,"GSM615386"
24,20260643,3,"GSM615389"
24,20260643,3,"GSM615394"
24,20260643,3,"GSM615400"
24,20260643,3,"GSM615405"
24,20260643,4,"GSM615097"
24,20260643,4,"GSM615099"
24,20260643,4,"GSM615100"
24,20260643,4,"GSM615102"
24,20260643,4,"GSM615108"
24,20260643,4,"GSM615111"
24,20260643,4,"GSM615121"
24,20260643,4,"GSM615123"
24,20260643,4,"GSM615125"
24,20260643,4,"GSM615132"
24,20260643,4,"GSM615142"
24,20260643,4,"GSM615148"
24,20260643,4,"GSM615153"
24,20260643,4,"GSM615154"
24,20260643,4,"GSM615155"
24,20260643,4,"GSM615176"
24,20260643,4,"GSM615183"
24,20260643,4,"GSM615188"
24,20260643,4,"GSM615192"
24,20260643,4,"GSM615194"
24,20260643,4,"GSM615196"
24,20260643,4,"GSM615197"
24,20260643,4,"GSM615202"
24,20260643,4,"GSM615203"
24,20260643,4,"GSM615213"
24,20260643,4,"GSM615218"
24,20260643,4,"GSM615219"
24,20260643,4,"GSM615226"
24,20260643,4,"GSM615232"
24,20260643,4,"GSM615239"
24,20260643,4,"GSM615251"
24,20260643,4,"GSM615254"
24,20260643,4,"GSM615256"
24,20260643,4,"GSM615263"
24,20260643,4,"GSM615268"
24,20260643,4,"GSM615274"
24,20260643,4,"GSM615278"
24,20260643,4,"GSM615279"
24,20260643,4,"GSM615282"
24,20260643,4,"GSM615284"
24,20260643,4,"GSM615287"
24,20260643,4,"GSM615290"
24,20260643,4,"GSM615295"
24,20260643,4,"GSM615306"
24,20260643,4,"GSM615309"
24,20260643,4,"GSM615314"
24,20260643,4,"GSM615325"
24,20260643,4,"GSM615330"
24,20260643,4,"GSM615332"
24,20260643,4,"GSM615342"
24,20260643,4,"GSM615343"
24,20260643,4,"GSM615346"
24,20260643,4,"GSM615352"
24,20260643,4,"GSM615354"
24,20260643,4,"GSM615355"
24,20260643,4,"GSM615364"
24,20260643,4,"GSM615370"
24,20260643,4,"GSM615372"
24,20260643,4,"GSM615374"
24,20260643,4,"GSM615375"
24,20260643,4,"GSM615384"
24,20260643,4,"GSM615385"
24,20260643,5,"GSM615101"
24,20260643,5,"GSM615107"
24,20260643,5,"GSM615116"
24,20260643,5,"GSM615117"
24,20260643,5,"GSM615122"
24,20260643,5,"GSM615128"
24,20260643,5,"GSM615131"
24,20260643,5,"GSM615137"
24,20260643,5,"GSM615143"
24,20260643,5,"GSM615144"
24,20260643,5,"GSM615149"
24,20260643,5,"GSM615150"
24,20260643,5,"GSM615152"
24,20260643,5,"GSM615157"
24,20260643,5,"GSM615159"
24,20260643,5,"GSM615166"
24,20260643,5,"GSM615177"
24,20260643,5,"GSM615189"
24,20260643,5,"GSM615195"
24,20260643,5,"GSM615199"
24,20260643,5,"GSM615201"
24,20260643,5,"GSM615207"
24,20260643,5,"GSM615216"
24,20260643,5,"GSM615224"
24,20260643,5,"GSM615228"
24,20260643,5,"GSM615231"
24,20260643,5,"GSM615244"
24,20260643,5,"GSM615253"
24,20260643,5,"GSM615257"
24,20260643,5,"GSM615262"
24,20260643,5,"GSM615267"
24,20260643,5,"GSM615276"
24,20260643,5,"GSM615291"
24,20260643,5,"GSM615292"
24,20260643,5,"GSM615303"
24,20260643,5,"GSM615307"
24,20260643,5,"GSM615312"
24,20260643,5,"GSM615316"
24,20260643,5,"GSM615320"
24,20260643,5,"GSM615321"
24,20260643,5,"GSM615322"
24,20260643,5,"GSM615333"
24,20260643,5,"GSM615338"
24,20260643,5,"GSM615340"
24,20260643,5,"GSM615344"
24,20260643,5,"GSM615348"
24,20260643,5,"GSM615349"
24,20260643,5,"GSM615359"
24,20260643,5,"GSM615366"
24,20260643,5,"GSM615368"
24,20260643,5,"GSM615376"
24,20260643,5,"GSM615379"
24,20260643,5,"GSM615381"
24,20260643,5,"GSM615382"
24,20260643,5,"GSM615391"
24,20260643,5,"GSM615393"
24,20260643,5,"GSM615395"
24,20260643,5,"GSM615397"
24,20260643,5,"GSM615398"
24,20260643,5,"GSM615399"
24,20260643,5,"GSM615401"
25,20260644,1,"GSM615102"
25,20260644,1,"GSM615114"
25,20260644,1,"GSM615120"
25,20260644,1,"GSM615129"
25,20260644,1,"GSM615132"
25,20260644,1,"GSM615135"
25,20260644,1,"GSM615136"
25,20260644,1,"GSM615137"
25,20260644,1,"GSM615138"
25,20260644,1,"GSM615142"
25,20260644,1,"GSM615145"
25,20260644,1,"GSM615147"
25,20260644,1,"GSM615151"
25,20260644,1,"GSM615154"
25,20260644,1,"GSM615158"
25,20260644,1,"GSM615164"
25,20260644,1,"GSM615165"
25,20260644,1,"GSM615166"
25,20260644,1,"GSM615167"
25,20260644,1,"GSM615173"
25,20260644,1,"GSM615176"
25,20260644,1,"GSM615178"
25,20260644,1,"GSM615186"
25,20260644,1,"GSM615192"
25,20260644,1,"GSM615195"
25,20260644,1,"GSM615200"
25,20260644,1,"GSM615204"
25,20260644,1,"GSM615205"
25,20260644,1,"GSM615217"
25,20260644,1,"GSM615236"
25,20260644,1,"GSM615237"
25,20260644,1,"GSM615238"
25,20260644,1,"GSM615246"
25,20260644,1,"GSM615248"
25,20260644,1,"GSM615254"
25,20260644,1,"GSM615261"
25,20260644,1,"GSM615263"
25,20260644,1,"GSM615265"
25,20260644,1,"GSM615267"
25,20260644,1,"GSM615271"
25,20260644,1,"GSM615273"
25,20260644,1,"GSM615274"
25,20260644,1,"GSM615276"
25,20260644,1,"GSM615280"
25,20260644,1,"GSM615281"
25,20260644,1,"GSM615289"
25,20260644,1,"GSM615291"
25,20260644,1,"GSM615296"
25,20260644,1,"GSM615297"
25,20260644,1,"GSM615318"
25,20260644,1,"GSM615320"
25,20260644,1,"GSM615324"
25,20260644,1,"GSM615330"
25,20260644,1,"GSM615348"
25,20260644,1,"GSM615349"
25,20260644,1,"GSM615351"
25,20260644,1,"GSM615354"
25,20260644,1,"GSM615360"
25,20260644,1,"GSM615383"
25,20260644,1,"GSM615398"
25,20260644,1,"GSM615399"
25,20260644,2,"GSM615107"
25,20260644,2,"GSM615112"
25,20260644,2,"GSM615126"
25,20260644,2,"GSM615133"
25,20260644,2,"GSM615134"
25,20260644,2,"GSM615139"
25,20260644,2,"GSM615144"
25,20260644,2,"GSM615146"
25,20260644,2,"GSM615148"
25,20260644,2,"GSM615150"
25,20260644,2,"GSM615152"
25,20260644,2,"GSM615159"
25,20260644,2,"GSM615161"
25,20260644,2,"GSM615162"
25,20260644,2,"GSM615174"
25,20260644,2,"GSM615183"
25,20260644,2,"GSM615189"
25,20260644,2,"GSM615196"
25,20260644,2,"GSM615199"
25,20260644,2,"GSM615202"
25,20260644,2,"GSM615207"
25,20260644,2,"GSM615208"
25,20260644,2,"GSM615209"
25,20260644,2,"GSM615215"
25,20260644,2,"GSM615219"
25,20260644,2,"GSM615222"
25,20260644,2,"GSM615224"
25,20260644,2,"GSM615228"
25,20260644,2,"GSM615230"
25,20260644,2,"GSM615233"
25,20260644,2,"GSM615243"
25,20260644,2,"GSM615247"
25,20260644,2,"GSM615251"
25,20260644,2,"GSM615257"
25,20260644,2,"GSM615262"
25,20260644,2,"GSM615275"
25,20260644,2,"GSM615277"
25,20260644,2,"GSM615282"
25,20260644,2,"GSM615288"
25,20260644,2,"GSM615298"
25,20260644,2,"GSM615311"
25,20260644,2,"GSM615313"
25,20260644,2,"GSM615314"
25,20260644,2,"GSM615319"
25,20260644,2,"GSM615326"
25,20260644,2,"GSM615332"
25,20260644,2,"GSM615336"
25,20260644,2,"GSM615338"
25,20260644,2,"GSM615344"
25,20260644,2,"GSM615353"
25,20260644,2,"GSM615365"
25,20260644,2,"GSM615366"
25,20260644,2,"GSM615370"
25,20260644,2,"GSM615375"
25,20260644,2,"GSM615380"
25,20260644,2,"GSM615385"
25,20260644,2,"GSM615389"
25,20260644,2,"GSM615392"
25,20260644,2,"GSM615394"
25,20260644,2,"GSM615396"
25,20260644,2,"GSM615405"
25,20260644,3,"GSM615096"
25,20260644,3,"GSM615100"
25,20260644,3,"GSM615104"
25,20260644,3,"GSM615109"
25,20260644,3,"GSM615113"
25,20260644,3,"GSM615121"
25,20260644,3,"GSM615124"
25,20260644,3,"GSM615128"
25,20260644,3,"GSM615130"
25,20260644,3,"GSM615140"
25,20260644,3,"GSM615141"
25,20260644,3,"GSM615155"
25,20260644,3,"GSM615156"
25,20260644,3,"GSM615170"
25,20260644,3,"GSM615180"
25,20260644,3,"GSM615184"
25,20260644,3,"GSM615185"
25,20260644,3,"GSM615193"
25,20260644,3,"GSM615194"
25,20260644,3,"GSM615197"
25,20260644,3,"GSM615198"
25,20260644,3,"GSM615201"
25,20260644,3,"GSM615206"
25,20260644,3,"GSM615210"
25,20260644,3,"GSM615212"
25,20260644,3,"GSM615214"
25,20260644,3,"GSM615229"
25,20260644,3,"GSM615232"
25,20260644,3,"GSM615239"
25,20260644,3,"GSM615240"
25,20260644,3,"GSM615259"
25,20260644,3,"GSM615260"
25,20260644,3,"GSM615264"
25,20260644,3,"GSM615266"
25,20260644,3,"GSM615270"
25,20260644,3,"GSM615283"
25,20260644,3,"GSM615285"
25,20260644,3,"GSM615290"
25,20260644,3,"GSM615293"
25,20260644,3,"GSM615294"
25,20260644,3,"GSM615295"
25,20260644,3,"GSM615299"
25,20260644,3,"GSM615304"
25,20260644,3,"GSM615322"
25,20260644,3,"GSM615323"
25,20260644,3,"GSM615327"
25,20260644,3,"GSM615331"
25,20260644,3,"GSM615340"
25,20260644,3,"GSM615350"
25,20260644,3,"GSM615356"
25,20260644,3,"GSM615359"
25,20260644,3,"GSM615361"
25,20260644,3,"GSM615362"
25,20260644,3,"GSM615364"
25,20260644,3,"GSM615373"
25,20260644,3,"GSM615374"
25,20260644,3,"GSM615377"
25,20260644,3,"GSM615378"
25,20260644,3,"GSM615384"
25,20260644,3,"GSM615387"
25,20260644,3,"GSM615388"
25,20260644,3,"GSM615393"
25,20260644,4,"GSM615099"
25,20260644,4,"GSM615101"
25,20260644,4,"GSM615110"
25,20260644,4,"GSM615116"
25,20260644,4,"GSM615117"
25,20260644,4,"GSM615122"
25,20260644,4,"GSM615123"
25,20260644,4,"GSM615125"
25,20260644,4,"GSM615127"
25,20260644,4,"GSM615131"
25,20260644,4,"GSM615160"
25,20260644,4,"GSM615172"
25,20260644,4,"GSM615177"
25,20260644,4,"GSM615179"
25,20260644,4,"GSM615181"
25,20260644,4,"GSM615182"
25,20260644,4,"GSM615188"
25,20260644,4,"GSM615191"
25,20260644,4,"GSM615211"
25,20260644,4,"GSM615213"
25,20260644,4,"GSM615216"
25,20260644,4,"GSM615220"
25,20260644,4,"GSM615226"
25,20260644,4,"GSM615231"
25,20260644,4,"GSM615234"
25,20260644,4,"GSM615241"
25,20260644,4,"GSM615245"
25,20260644,4,"GSM615253"
25,20260644,4,"GSM615256"
25,20260644,4,"GSM615258"
25,20260644,4,"GSM615268"
25,20260644,4,"GSM615269"
25,20260644,4,"GSM615284"
25,20260644,4,"GSM615287"
25,20260644,4,"GSM615301"
25,20260644,4,"GSM615305"
25,20260644,4,"GSM615306"
25,20260644,4,"GSM615309"
25,20260644,4,"GSM615312"
25,20260644,4,"GSM615315"
25,20260644,4,"GSM615316"
25,20260644,4,"GSM615317"
25,20260644,4,"GSM615321"
25,20260644,4,"GSM615339"
25,20260644,4,"GSM615341"
25,20260644,4,"GSM615345"
25,20260644,4,"GSM615352"
25,20260644,4,"GSM615355"
25,20260644,4,"GSM615358"
25,20260644,4,"GSM615367"
25,20260644,4,"GSM615369"
25,20260644,4,"GSM615371"
25,20260644,4,"GSM615372"
25,20260644,4,"GSM615379"
25,20260644,4,"GSM615381"
25,20260644,4,"GSM615386"
25,20260644,4,"GSM615390"
25,20260644,4,"GSM615391"
25,20260644,4,"GSM615395"
25,20260644,4,"GSM615401"
25,20260644,4,"GSM615403"
25,20260644,5,"GSM615097"
25,20260644,5,"GSM615098"
25,20260644,5,"GSM615103"
25,20260644,5,"GSM615106"
25,20260644,5,"GSM615108"
25,20260644,5,"GSM615111"
25,20260644,5,"GSM615115"
25,20260644,5,"GSM615143"
25,20260644,5,"GSM615149"
25,20260644,5,"GSM615153"
25,20260644,5,"GSM615157"
25,20260644,5,"GSM615168"
25,20260644,5,"GSM615169"
25,20260644,5,"GSM615171"
25,20260644,5,"GSM615175"
25,20260644,5,"GSM615187"
25,20260644,5,"GSM615190"
25,20260644,5,"GSM615203"
25,20260644,5,"GSM615218"
25,20260644,5,"GSM615221"
25,20260644,5,"GSM615223"
25,20260644,5,"GSM615225"
25,20260644,5,"GSM615227"
25,20260644,5,"GSM615235"
25,20260644,5,"GSM615242"
25,20260644,5,"GSM615244"
25,20260644,5,"GSM615249"
25,20260644,5,"GSM615250"
25,20260644,5,"GSM615252"
25,20260644,5,"GSM615255"
25,20260644,5,"GSM615272"
25,20260644,5,"GSM615278"
25,20260644,5,"GSM615279"
25,20260644,5,"GSM615286"
25,20260644,5,"GSM615292"
25,20260644,5,"GSM615300"
25,20260644,5,"GSM615302"
25,20260644,5,"GSM615303"
25,20260644,5,"GSM615307"
25,20260644,5,"GSM615308"
25,20260644,5,"GSM615310"
25,20260644,5,"GSM615325"
25,20260644,5,"GSM615328"
25,20260644,5,"GSM615329"
25,20260644,5,"GSM615333"
25,20260644,5,"GSM615334"
25,20260644,5,"GSM615335"
25,20260644,5,"GSM615337"
25,20260644,5,"GSM615342"
25,20260644,5,"GSM615343"
25,20260644,5,"GSM615346"
25,20260644,5,"GSM615347"
25,20260644,5,"GSM615357"
25,20260644,5,"GSM615363"
25,20260644,5,"GSM615368"
25,20260644,5,"GSM615376"
25,20260644,5,"GSM615382"
25,20260644,5,"GSM615397"
25,20260644,5,"GSM615400"
25,20260644,5,"GSM615402"
25,20260644,5,"GSM615404"
26,20260645,1,"GSM615097"
26,20260645,1,"GSM615098"
26,20260645,1,"GSM615103"
26,20260645,1,"GSM615108"
26,20260645,1,"GSM615109"
26,20260645,1,"GSM615110"
26,20260645,1,"GSM615113"
26,20260645,1,"GSM615125"
26,20260645,1,"GSM615127"
26,20260645,1,"GSM615133"
26,20260645,1,"GSM615134"
26,20260645,1,"GSM615139"
26,20260645,1,"GSM615140"
26,20260645,1,"GSM615161"
26,20260645,1,"GSM615173"
26,20260645,1,"GSM615177"
26,20260645,1,"GSM615180"
26,20260645,1,"GSM615181"
26,20260645,1,"GSM615185"
26,20260645,1,"GSM615190"
26,20260645,1,"GSM615193"
26,20260645,1,"GSM615202"
26,20260645,1,"GSM615210"
26,20260645,1,"GSM615221"
26,20260645,1,"GSM615231"
26,20260645,1,"GSM615232"
26,20260645,1,"GSM615240"
26,20260645,1,"GSM615249"
26,20260645,1,"GSM615251"
26,20260645,1,"GSM615253"
26,20260645,1,"GSM615254"
26,20260645,1,"GSM615255"
26,20260645,1,"GSM615263"
26,20260645,1,"GSM615267"
26,20260645,1,"GSM615273"
26,20260645,1,"GSM615276"
26,20260645,1,"GSM615281"
26,20260645,1,"GSM615285"
26,20260645,1,"GSM615297"
26,20260645,1,"GSM615316"
26,20260645,1,"GSM615318"
26,20260645,1,"GSM615319"
26,20260645,1,"GSM615326"
26,20260645,1,"GSM615332"
26,20260645,1,"GSM615339"
26,20260645,1,"GSM615348"
26,20260645,1,"GSM615350"
26,20260645,1,"GSM615360"
26,20260645,1,"GSM615367"
26,20260645,1,"GSM615368"
26,20260645,1,"GSM615370"
26,20260645,1,"GSM615371"
26,20260645,1,"GSM615378"
26,20260645,1,"GSM615379"
26,20260645,1,"GSM615380"
26,20260645,1,"GSM615381"
26,20260645,1,"GSM615385"
26,20260645,1,"GSM615390"
26,20260645,1,"GSM615393"
26,20260645,1,"GSM615395"
26,20260645,1,"GSM615405"
26,20260645,2,"GSM615104"
26,20260645,2,"GSM615107"
26,20260645,2,"GSM615112"
26,20260645,2,"GSM615115"
26,20260645,2,"GSM615121"
26,20260645,2,"GSM615122"
26,20260645,2,"GSM615126"
26,20260645,2,"GSM615129"
26,20260645,2,"GSM615131"
26,20260645,2,"GSM615136"
26,20260645,2,"GSM615137"
26,20260645,2,"GSM615142"
26,20260645,2,"GSM615145"
26,20260645,2,"GSM615146"
26,20260645,2,"GSM615148"
26,20260645,2,"GSM615151"
26,20260645,2,"GSM615153"
26,20260645,2,"GSM615155"
26,20260645,2,"GSM615162"
26,20260645,2,"GSM615164"
26,20260645,2,"GSM615168"
26,20260645,2,"GSM615171"
26,20260645,2,"GSM615172"
26,20260645,2,"GSM615174"
26,20260645,2,"GSM615188"
26,20260645,2,"GSM615197"
26,20260645,2,"GSM615198"
26,20260645,2,"GSM615201"
26,20260645,2,"GSM615205"
26,20260645,2,"GSM615207"
26,20260645,2,"GSM615211"
26,20260645,2,"GSM615213"
26,20260645,2,"GSM615218"
26,20260645,2,"GSM615230"
26,20260645,2,"GSM615235"
26,20260645,2,"GSM615241"
26,20260645,2,"GSM615243"
26,20260645,2,"GSM615259"
26,20260645,2,"GSM615269"
26,20260645,2,"GSM615288"
26,20260645,2,"GSM615293"
26,20260645,2,"GSM615294"
26,20260645,2,"GSM615301"
26,20260645,2,"GSM615302"
26,20260645,2,"GSM615305"
26,20260645,2,"GSM615309"
26,20260645,2,"GSM615311"
26,20260645,2,"GSM615313"
26,20260645,2,"GSM615331"
26,20260645,2,"GSM615333"
26,20260645,2,"GSM615341"
26,20260645,2,"GSM615346"
26,20260645,2,"GSM615351"
26,20260645,2,"GSM615353"
26,20260645,2,"GSM615355"
26,20260645,2,"GSM615356"
26,20260645,2,"GSM615362"
26,20260645,2,"GSM615369"
26,20260645,2,"GSM615377"
26,20260645,2,"GSM615383"
26,20260645,2,"GSM615401"
26,20260645,3,"GSM615100"
26,20260645,3,"GSM615102"
26,20260645,3,"GSM615106"
26,20260645,3,"GSM615117"
26,20260645,3,"GSM615124"
26,20260645,3,"GSM615128"
26,20260645,3,"GSM615130"
26,20260645,3,"GSM615141"
26,20260645,3,"GSM615156"
26,20260645,3,"GSM615176"
26,20260645,3,"GSM615183"
26,20260645,3,"GSM615184"
26,20260645,3,"GSM615189"
26,20260645,3,"GSM615192"
26,20260645,3,"GSM615194"
26,20260645,3,"GSM615196"
26,20260645,3,"GSM615199"
26,20260645,3,"GSM615203"
26,20260645,3,"GSM615206"
26,20260645,3,"GSM615208"
26,20260645,3,"GSM615215"
26,20260645,3,"GSM615216"
26,20260645,3,"GSM615222"
26,20260645,3,"GSM615226"
26,20260645,3,"GSM615227"
26,20260645,3,"GSM615228"
26,20260645,3,"GSM615239"
26,20260645,3,"GSM615242"
26,20260645,3,"GSM615245"
26,20260645,3,"GSM615248"
26,20260645,3,"GSM615250"
26,20260645,3,"GSM615252"
26,20260645,3,"GSM615256"
26,20260645,3,"GSM615260"
26,20260645,3,"GSM615274"
26,20260645,3,"GSM615275"
26,20260645,3,"GSM615277"
26,20260645,3,"GSM615282"
26,20260645,3,"GSM615284"
26,20260645,3,"GSM615286"
26,20260645,3,"GSM615290"
26,20260645,3,"GSM615292"
26,20260645,3,"GSM615310"
26,20260645,3,"GSM615323"
26,20260645,3,"GSM615328"
26,20260645,3,"GSM615329"
26,20260645,3,"GSM615336"
26,20260645,3,"GSM615337"
26,20260645,3,"GSM615340"
26,20260645,3,"GSM615345"
26,20260645,3,"GSM615354"
26,20260645,3,"GSM615357"
26,20260645,3,"GSM615359"
26,20260645,3,"GSM615361"
26,20260645,3,"GSM615364"
26,20260645,3,"GSM615373"
26,20260645,3,"GSM615388"
26,20260645,3,"GSM615391"
26,20260645,3,"GSM615396"
26,20260645,3,"GSM615398"
26,20260645,3,"GSM615399"
26,20260645,4,"GSM615096"
26,20260645,4,"GSM615099"
26,20260645,4,"GSM615132"
26,20260645,4,"GSM615147"
26,20260645,4,"GSM615149"
26,20260645,4,"GSM615150"
26,20260645,4,"GSM615157"
26,20260645,4,"GSM615159"
26,20260645,4,"GSM615165"
26,20260645,4,"GSM615167"
26,20260645,4,"GSM615169"
26,20260645,4,"GSM615175"
26,20260645,4,"GSM615178"
26,20260645,4,"GSM615182"
26,20260645,4,"GSM615187"
26,20260645,4,"GSM615200"
26,20260645,4,"GSM615209"
26,20260645,4,"GSM615219"
26,20260645,4,"GSM615223"
26,20260645,4,"GSM615225"
26,20260645,4,"GSM615238"
26,20260645,4,"GSM615246"
26,20260645,4,"GSM615247"
26,20260645,4,"GSM615257"
26,20260645,4,"GSM615258"
26,20260645,4,"GSM615261"
26,20260645,4,"GSM615264"
26,20260645,4,"GSM615266"
26,20260645,4,"GSM615270"
26,20260645,4,"GSM615271"
26,20260645,4,"GSM615278"
26,20260645,4,"GSM615279"
26,20260645,4,"GSM615280"
26,20260645,4,"GSM615283"
26,20260645,4,"GSM615287"
26,20260645,4,"GSM615296"
26,20260645,4,"GSM615300"
26,20260645,4,"GSM615303"
26,20260645,4,"GSM615306"
26,20260645,4,"GSM615307"
26,20260645,4,"GSM615308"
26,20260645,4,"GSM615312"
26,20260645,4,"GSM615314"
26,20260645,4,"GSM615324"
26,20260645,4,"GSM615325"
26,20260645,4,"GSM615327"
26,20260645,4,"GSM615330"
26,20260645,4,"GSM615335"
26,20260645,4,"GSM615342"
26,20260645,4,"GSM615349"
26,20260645,4,"GSM615358"
26,20260645,4,"GSM615365"
26,20260645,4,"GSM615372"
26,20260645,4,"GSM615376"
26,20260645,4,"GSM615382"
26,20260645,4,"GSM615384"
26,20260645,4,"GSM615386"
26,20260645,4,"GSM615389"
26,20260645,4,"GSM615400"
26,20260645,4,"GSM615402"
26,20260645,4,"GSM615403"
26,20260645,5,"GSM615101"
26,20260645,5,"GSM615111"
26,20260645,5,"GSM615114"
26,20260645,5,"GSM615116"
26,20260645,5,"GSM615120"
26,20260645,5,"GSM615123"
26,20260645,5,"GSM615135"
26,20260645,5,"GSM615138"
26,20260645,5,"GSM615143"
26,20260645,5,"GSM615144"
26,20260645,5,"GSM615152"
26,20260645,5,"GSM615154"
26,20260645,5,"GSM615158"
26,20260645,5,"GSM615160"
26,20260645,5,"GSM615166"
26,20260645,5,"GSM615170"
26,20260645,5,"GSM615179"
26,20260645,5,"GSM615186"
26,20260645,5,"GSM615191"
26,20260645,5,"GSM615195"
26,20260645,5,"GSM615204"
26,20260645,5,"GSM615212"
26,20260645,5,"GSM615214"
26,20260645,5,"GSM615217"
26,20260645,5,"GSM615220"
26,20260645,5,"GSM615224"
26,20260645,5,"GSM615229"
26,20260645,5,"GSM615233"
26,20260645,5,"GSM615234"
26,20260645,5,"GSM615236"
26,20260645,5,"GSM615237"
26,20260645,5,"GSM615244"
26,20260645,5,"GSM615262"
26,20260645,5,"GSM615265"
26,20260645,5,"GSM615268"
26,20260645,5,"GSM615272"
26,20260645,5,"GSM615289"
26,20260645,5,"GSM615291"
26,20260645,5,"GSM615295"
26,20260645,5,"GSM615298"
26,20260645,5,"GSM615299"
26,20260645,5,"GSM615304"
26,20260645,5,"GSM615315"
26,20260645,5,"GSM615317"
26,20260645,5,"GSM615320"
26,20260645,5,"GSM615321"
26,20260645,5,"GSM615322"
26,20260645,5,"GSM615334"
26,20260645,5,"GSM615338"
26,20260645,5,"GSM615343"
26,20260645,5,"GSM615344"
26,20260645,5,"GSM615347"
26,20260645,5,"GSM615352"
26,20260645,5,"GSM615363"
26,20260645,5,"GSM615366"
26,20260645,5,"GSM615374"
26,20260645,5,"GSM615375"
26,20260645,5,"GSM615387"
26,20260645,5,"GSM615392"
26,20260645,5,"GSM615394"
26,20260645,5,"GSM615397"
26,20260645,5,"GSM615404"
27,20260646,1,"GSM615103"
27,20260646,1,"GSM615106"
27,20260646,1,"GSM615110"
27,20260646,1,"GSM615115"
27,20260646,1,"GSM615125"
27,20260646,1,"GSM615133"
27,20260646,1,"GSM615143"
27,20260646,1,"GSM615149"
27,20260646,1,"GSM615156"
27,20260646,1,"GSM615159"
27,20260646,1,"GSM615165"
27,20260646,1,"GSM615170"
27,20260646,1,"GSM615174"
27,20260646,1,"GSM615180"
27,20260646,1,"GSM615181"
27,20260646,1,"GSM615184"
27,20260646,1,"GSM615186"
27,20260646,1,"GSM615187"
27,20260646,1,"GSM615188"
27,20260646,1,"GSM615189"
27,20260646,1,"GSM615195"
27,20260646,1,"GSM615203"
27,20260646,1,"GSM615205"
27,20260646,1,"GSM615206"
27,20260646,1,"GSM615207"
27,20260646,1,"GSM615212"
27,20260646,1,"GSM615220"
27,20260646,1,"GSM615221"
27,20260646,1,"GSM615226"
27,20260646,1,"GSM615230"
27,20260646,1,"GSM615234"
27,20260646,1,"GSM615238"
27,20260646,1,"GSM615247"
27,20260646,1,"GSM615249"
27,20260646,1,"GSM615258"
27,20260646,1,"GSM615264"
27,20260646,1,"GSM615270"
27,20260646,1,"GSM615276"
27,20260646,1,"GSM615280"
27,20260646,1,"GSM615283"
27,20260646,1,"GSM615293"
27,20260646,1,"GSM615296"
27,20260646,1,"GSM615303"
27,20260646,1,"GSM615315"
27,20260646,1,"GSM615317"
27,20260646,1,"GSM615318"
27,20260646,1,"GSM615319"
27,20260646,1,"GSM615320"
27,20260646,1,"GSM615326"
27,20260646,1,"GSM615329"
27,20260646,1,"GSM615332"
27,20260646,1,"GSM615334"
27,20260646,1,"GSM615339"
27,20260646,1,"GSM615343"
27,20260646,1,"GSM615345"
27,20260646,1,"GSM615348"
27,20260646,1,"GSM615354"
27,20260646,1,"GSM615362"
27,20260646,1,"GSM615364"
27,20260646,1,"GSM615371"
27,20260646,1,"GSM615389"
27,20260646,1,"GSM615403"
27,20260646,2,"GSM615097"
27,20260646,2,"GSM615098"
27,20260646,2,"GSM615099"
27,20260646,2,"GSM615107"
27,20260646,2,"GSM615108"
27,20260646,2,"GSM615109"
27,20260646,2,"GSM615111"
27,20260646,2,"GSM615113"
27,20260646,2,"GSM615128"
27,20260646,2,"GSM615132"
27,20260646,2,"GSM615134"
27,20260646,2,"GSM615152"
27,20260646,2,"GSM615155"
27,20260646,2,"GSM615161"
27,20260646,2,"GSM615166"
27,20260646,2,"GSM615167"
27,20260646,2,"GSM615173"
27,20260646,2,"GSM615176"
27,20260646,2,"GSM615177"
27,20260646,2,"GSM615183"
27,20260646,2,"GSM615213"
27,20260646,2,"GSM615217"
27,20260646,2,"GSM615222"
27,20260646,2,"GSM615224"
27,20260646,2,"GSM615232"
27,20260646,2,"GSM615237"
27,20260646,2,"GSM615240"
27,20260646,2,"GSM615244"
27,20260646,2,"GSM615251"
27,20260646,2,"GSM615256"
27,20260646,2,"GSM615268"
27,20260646,2,"GSM615269"
27,20260646,2,"GSM615272"
27,20260646,2,"GSM615273"
27,20260646,2,"GSM615279"
27,20260646,2,"GSM615284"
27,20260646,2,"GSM615285"
27,20260646,2,"GSM615288"
27,20260646,2,"GSM615292"
27,20260646,2,"GSM615294"
27,20260646,2,"GSM615295"
27,20260646,2,"GSM615298"
27,20260646,2,"GSM615299"
27,20260646,2,"GSM615313"
27,20260646,2,"GSM615314"
27,20260646,2,"GSM615324"
27,20260646,2,"GSM615337"
27,20260646,2,"GSM615340"
27,20260646,2,"GSM615350"
27,20260646,2,"GSM615355"
27,20260646,2,"GSM615358"
27,20260646,2,"GSM615361"
27,20260646,2,"GSM615368"
27,20260646,2,"GSM615374"
27,20260646,2,"GSM615376"
27,20260646,2,"GSM615383"
27,20260646,2,"GSM615385"
27,20260646,2,"GSM615393"
27,20260646,2,"GSM615394"
27,20260646,2,"GSM615397"
27,20260646,2,"GSM615401"
27,20260646,3,"GSM615101"
27,20260646,3,"GSM615102"
27,20260646,3,"GSM615112"
27,20260646,3,"GSM615123"
27,20260646,3,"GSM615138"
27,20260646,3,"GSM615139"
27,20260646,3,"GSM615140"
27,20260646,3,"GSM615147"
27,20260646,3,"GSM615148"
27,20260646,3,"GSM615150"
27,20260646,3,"GSM615162"
27,20260646,3,"GSM615179"
27,20260646,3,"GSM615182"
27,20260646,3,"GSM615185"
27,20260646,3,"GSM615191"
27,20260646,3,"GSM615192"
27,20260646,3,"GSM615193"
27,20260646,3,"GSM615197"
27,20260646,3,"GSM615204"
27,20260646,3,"GSM615216"
27,20260646,3,"GSM615218"
27,20260646,3,"GSM615225"
27,20260646,3,"GSM615229"
27,20260646,3,"GSM615242"
27,20260646,3,"GSM615252"
27,20260646,3,"GSM615255"
27,20260646,3,"GSM615257"
27,20260646,3,"GSM615260"
27,20260646,3,"GSM615262"
27,20260646,3,"GSM615263"
27,20260646,3,"GSM615274"
27,20260646,3,"GSM615277"
27,20260646,3,"GSM615278"
27,20260646,3,"GSM615281"
27,20260646,3,"GSM615289"
27,20260646,3,"GSM615291"
27,20260646,3,"GSM615301"
27,20260646,3,"GSM615310"
27,20260646,3,"GSM615311"
27,20260646,3,"GSM615322"
27,20260646,3,"GSM615328"
27,20260646,3,"GSM615331"
27,20260646,3,"GSM615336"
27,20260646,3,"GSM615341"
27,20260646,3,"GSM615344"
27,20260646,3,"GSM615349"
27,20260646,3,"GSM615351"
27,20260646,3,"GSM615352"
27,20260646,3,"GSM615356"
27,20260646,3,"GSM615365"
27,20260646,3,"GSM615366"
27,20260646,3,"GSM615372"
27,20260646,3,"GSM615373"
27,20260646,3,"GSM615381"
27,20260646,3,"GSM615384"
27,20260646,3,"GSM615388"
27,20260646,3,"GSM615391"
27,20260646,3,"GSM615395"
27,20260646,3,"GSM615396"
27,20260646,3,"GSM615398"
27,20260646,3,"GSM615399"
27,20260646,3,"GSM615402"
27,20260646,4,"GSM615096"
27,20260646,4,"GSM615100"
27,20260646,4,"GSM615104"
27,20260646,4,"GSM615117"
27,20260646,4,"GSM615120"
27,20260646,4,"GSM615121"
27,20260646,4,"GSM615124"
27,20260646,4,"GSM615126"
27,20260646,4,"GSM615130"
27,20260646,4,"GSM615131"
27,20260646,4,"GSM615136"
27,20260646,4,"GSM615141"
27,20260646,4,"GSM615145"
27,20260646,4,"GSM615146"
27,20260646,4,"GSM615153"
27,20260646,4,"GSM615158"
27,20260646,4,"GSM615160"
27,20260646,4,"GSM615164"
27,20260646,4,"GSM615171"
27,20260646,4,"GSM615172"
27,20260646,4,"GSM615194"
27,20260646,4,"GSM615199"
27,20260646,4,"GSM615202"
27,20260646,4,"GSM615209"
27,20260646,4,"GSM615219"
27,20260646,4,"GSM615223"
27,20260646,4,"GSM615231"
27,20260646,4,"GSM615235"
27,20260646,4,"GSM615236"
27,20260646,4,"GSM615239"
27,20260646,4,"GSM615241"
27,20260646,4,"GSM615243"
27,20260646,4,"GSM615245"
27,20260646,4,"GSM615246"
27,20260646,4,"GSM615248"
27,20260646,4,"GSM615271"
27,20260646,4,"GSM615275"
27,20260646,4,"GSM615290"
27,20260646,4,"GSM615297"
27,20260646,4,"GSM615300"
27,20260646,4,"GSM615302"
27,20260646,4,"GSM615305"
27,20260646,4,"GSM615312"
27,20260646,4,"GSM615316"
27,20260646,4,"GSM615325"
27,20260646,4,"GSM615330"
27,20260646,4,"GSM615333"
27,20260646,4,"GSM615342"
27,20260646,4,"GSM615353"
27,20260646,4,"GSM615359"
27,20260646,4,"GSM615360"
27,20260646,4,"GSM615367"
27,20260646,4,"GSM615375"
27,20260646,4,"GSM615377"
27,20260646,4,"GSM615380"
27,20260646,4,"GSM615382"
27,20260646,4,"GSM615387"
27,20260646,4,"GSM615390"
27,20260646,4,"GSM615404"
27,20260646,4,"GSM615405"
27,20260646,5,"GSM615114"
27,20260646,5,"GSM615116"
27,20260646,5,"GSM615122"
27,20260646,5,"GSM615127"
27,20260646,5,"GSM615129"
27,20260646,5,"GSM615135"
27,20260646,5,"GSM615137"
27,20260646,5,"GSM615142"
27,20260646,5,"GSM615144"
27,20260646,5,"GSM615151"
27,20260646,5,"GSM615154"
27,20260646,5,"GSM615157"
27,20260646,5,"GSM615168"
27,20260646,5,"GSM615169"
27,20260646,5,"GSM615175"
27,20260646,5,"GSM615178"
27,20260646,5,"GSM615190"
27,20260646,5,"GSM615196"
27,20260646,5,"GSM615198"
27,20260646,5,"GSM615200"
27,20260646,5,"GSM615201"
27,20260646,5,"GSM615208"
27,20260646,5,"GSM615210"
27,20260646,5,"GSM615211"
27,20260646,5,"GSM615214"
27,20260646,5,"GSM615215"
27,20260646,5,"GSM615227"
27,20260646,5,"GSM615228"
27,20260646,5,"GSM615233"
27,20260646,5,"GSM615250"
27,20260646,5,"GSM615253"
27,20260646,5,"GSM615254"
27,20260646,5,"GSM615259"
27,20260646,5,"GSM615261"
27,20260646,5,"GSM615265"
27,20260646,5,"GSM615266"
27,20260646,5,"GSM615267"
27,20260646,5,"GSM615282"
27,20260646,5,"GSM615286"
27,20260646,5,"GSM615287"
27,20260646,5,"GSM615304"
27,20260646,5,"GSM615306"
27,20260646,5,"GSM615307"
27,20260646,5,"GSM615308"
27,20260646,5,"GSM615309"
27,20260646,5,"GSM615321"
27,20260646,5,"GSM615323"
27,20260646,5,"GSM615327"
27,20260646,5,"GSM615335"
27,20260646,5,"GSM615338"
27,20260646,5,"GSM615346"
27,20260646,5,"GSM615347"
27,20260646,5,"GSM615357"
27,20260646,5,"GSM615363"
27,20260646,5,"GSM615369"
27,20260646,5,"GSM615370"
27,20260646,5,"GSM615378"
27,20260646,5,"GSM615379"
27,20260646,5,"GSM615386"
27,20260646,5,"GSM615392"
27,20260646,5,"GSM615400"
28,20260647,1,"GSM615096"
28,20260647,1,"GSM615100"
28,20260647,1,"GSM615114"
28,20260647,1,"GSM615120"
28,20260647,1,"GSM615125"
28,20260647,1,"GSM615126"
28,20260647,1,"GSM615133"
28,20260647,1,"GSM615138"
28,20260647,1,"GSM615140"
28,20260647,1,"GSM615143"
28,20260647,1,"GSM615150"
28,20260647,1,"GSM615159"
28,20260647,1,"GSM615165"
28,20260647,1,"GSM615186"
28,20260647,1,"GSM615191"
28,20260647,1,"GSM615196"
28,20260647,1,"GSM615199"
28,20260647,1,"GSM615210"
28,20260647,1,"GSM615223"
28,20260647,1,"GSM615225"
28,20260647,1,"GSM615226"
28,20260647,1,"GSM615229"
28,20260647,1,"GSM615235"
28,20260647,1,"GSM615238"
28,20260647,1,"GSM615242"
28,20260647,1,"GSM615250"
28,20260647,1,"GSM615253"
28,20260647,1,"GSM615258"
28,20260647,1,"GSM615264"
28,20260647,1,"GSM615268"
28,20260647,1,"GSM615273"
28,20260647,1,"GSM615275"
28,20260647,1,"GSM615276"
28,20260647,1,"GSM615292"
28,20260647,1,"GSM615293"
28,20260647,1,"GSM615296"
28,20260647,1,"GSM615297"
28,20260647,1,"GSM615301"
28,20260647,1,"GSM615311"
28,20260647,1,"GSM615326"
28,20260647,1,"GSM615327"
28,20260647,1,"GSM615330"
28,20260647,1,"GSM615332"
28,20260647,1,"GSM615333"
28,20260647,1,"GSM615336"
28,20260647,1,"GSM615338"
28,20260647,1,"GSM615342"
28,20260647,1,"GSM615345"
28,20260647,1,"GSM615348"
28,20260647,1,"GSM615356"
28,20260647,1,"GSM615357"
28,20260647,1,"GSM615366"
28,20260647,1,"GSM615373"
28,20260647,1,"GSM615378"
28,20260647,1,"GSM615379"
28,20260647,1,"GSM615381"
28,20260647,1,"GSM615384"
28,20260647,1,"GSM615386"
28,20260647,1,"GSM615391"
28,20260647,1,"GSM615397"
28,20260647,1,"GSM615400"
28,20260647,1,"GSM615402"
28,20260647,2,"GSM615101"
28,20260647,2,"GSM615102"
28,20260647,2,"GSM615104"
28,20260647,2,"GSM615108"
28,20260647,2,"GSM615110"
28,20260647,2,"GSM615115"
28,20260647,2,"GSM615122"
28,20260647,2,"GSM615129"
28,20260647,2,"GSM615130"
28,20260647,2,"GSM615135"
28,20260647,2,"GSM615136"
28,20260647,2,"GSM615142"
28,20260647,2,"GSM615147"
28,20260647,2,"GSM615149"
28,20260647,2,"GSM615151"
28,20260647,2,"GSM615155"
28,20260647,2,"GSM615156"
28,20260647,2,"GSM615170"
28,20260647,2,"GSM615172"
28,20260647,2,"GSM615173"
28,20260647,2,"GSM615177"
28,20260647,2,"GSM615180"
28,20260647,2,"GSM615187"
28,20260647,2,"GSM615193"
28,20260647,2,"GSM615201"
28,20260647,2,"GSM615202"
28,20260647,2,"GSM615203"
28,20260647,2,"GSM615207"
28,20260647,2,"GSM615217"
28,20260647,2,"GSM615220"
28,20260647,2,"GSM615228"
28,20260647,2,"GSM615236"
28,20260647,2,"GSM615239"
28,20260647,2,"GSM615243"
28,20260647,2,"GSM615256"
28,20260647,2,"GSM615261"
28,20260647,2,"GSM615265"
28,20260647,2,"GSM615270"
28,20260647,2,"GSM615272"
28,20260647,2,"GSM615281"
28,20260647,2,"GSM615286"
28,20260647,2,"GSM615291"
28,20260647,2,"GSM615294"
28,20260647,2,"GSM615306"
28,20260647,2,"GSM615308"
28,20260647,2,"GSM615309"
28,20260647,2,"GSM615312"
28,20260647,2,"GSM615315"
28,20260647,2,"GSM615317"
28,20260647,2,"GSM615324"
28,20260647,2,"GSM615328"
28,20260647,2,"GSM615334"
28,20260647,2,"GSM615341"
28,20260647,2,"GSM615351"
28,20260647,2,"GSM615353"
28,20260647,2,"GSM615358"
28,20260647,2,"GSM615364"
28,20260647,2,"GSM615388"
28,20260647,2,"GSM615395"
28,20260647,2,"GSM615398"
28,20260647,2,"GSM615403"
28,20260647,3,"GSM615103"
28,20260647,3,"GSM615106"
28,20260647,3,"GSM615116"
28,20260647,3,"GSM615123"
28,20260647,3,"GSM615124"
28,20260647,3,"GSM615128"
28,20260647,3,"GSM615132"
28,20260647,3,"GSM615134"
28,20260647,3,"GSM615157"
28,20260647,3,"GSM615161"
28,20260647,3,"GSM615162"
28,20260647,3,"GSM615164"
28,20260647,3,"GSM615171"
28,20260647,3,"GSM615182"
28,20260647,3,"GSM615185"
28,20260647,3,"GSM615188"
28,20260647,3,"GSM615189"
28,20260647,3,"GSM615194"
28,20260647,3,"GSM615200"
28,20260647,3,"GSM615205"
28,20260647,3,"GSM615206"
28,20260647,3,"GSM615215"
28,20260647,3,"GSM615216"
28,20260647,3,"GSM615218"
28,20260647,3,"GSM615221"
28,20260647,3,"GSM615230"
28,20260647,3,"GSM615231"
28,20260647,3,"GSM615232"
28,20260647,3,"GSM615234"
28,20260647,3,"GSM615240"
28,20260647,3,"GSM615246"
28,20260647,3,"GSM615247"
28,20260647,3,"GSM615252"
28,20260647,3,"GSM615259"
28,20260647,3,"GSM615260"
28,20260647,3,"GSM615262"
28,20260647,3,"GSM615267"
28,20260647,3,"GSM615269"
28,20260647,3,"GSM615277"
28,20260647,3,"GSM615283"
28,20260647,3,"GSM615289"
28,20260647,3,"GSM615299"
28,20260647,3,"GSM615304"
28,20260647,3,"GSM615310"
28,20260647,3,"GSM615325"
28,20260647,3,"GSM615331"
28,20260647,3,"GSM615339"
28,20260647,3,"GSM615340"
28,20260647,3,"GSM615346"
28,20260647,3,"GSM615347"
28,20260647,3,"GSM615349"
28,20260647,3,"GSM615362"
28,20260647,3,"GSM615363"
28,20260647,3,"GSM615370"
28,20260647,3,"GSM615371"
28,20260647,3,"GSM615375"
28,20260647,3,"GSM615376"
28,20260647,3,"GSM615385"
28,20260647,3,"GSM615392"
28,20260647,3,"GSM615394"
28,20260647,3,"GSM615401"
28,20260647,4,"GSM615097"
28,20260647,4,"GSM615098"
28,20260647,4,"GSM615099"
28,20260647,4,"GSM615109"
28,20260647,4,"GSM615112"
28,20260647,4,"GSM615117"
28,20260647,4,"GSM615137"
28,20260647,4,"GSM615141"
28,20260647,4,"GSM615145"
28,20260647,4,"GSM615148"
28,20260647,4,"GSM615152"
28,20260647,4,"GSM615153"
28,20260647,4,"GSM615158"
28,20260647,4,"GSM615160"
28,20260647,4,"GSM615166"
28,20260647,4,"GSM615174"
28,20260647,4,"GSM615176"
28,20260647,4,"GSM615178"
28,20260647,4,"GSM615179"
28,20260647,4,"GSM615183"
28,20260647,4,"GSM615184"
28,20260647,4,"GSM615212"
28,20260647,4,"GSM615224"
28,20260647,4,"GSM615227"
28,20260647,4,"GSM615237"
28,20260647,4,"GSM615244"
28,20260647,4,"GSM615248"
28,20260647,4,"GSM615249"
28,20260647,4,"GSM615257"
28,20260647,4,"GSM615263"
28,20260647,4,"GSM615274"
28,20260647,4,"GSM615280"
28,20260647,4,"GSM615282"
28,20260647,4,"GSM615284"
28,20260647,4,"GSM615295"
28,20260647,4,"GSM615300"
28,20260647,4,"GSM615302"
28,20260647,4,"GSM615305"
28,20260647,4,"GSM615307"
28,20260647,4,"GSM615314"
28,20260647,4,"GSM615318"
28,20260647,4,"GSM615319"
28,20260647,4,"GSM615321"
28,20260647,4,"GSM615323"
28,20260647,4,"GSM615329"
28,20260647,4,"GSM615343"
28,20260647,4,"GSM615344"
28,20260647,4,"GSM615350"
28,20260647,4,"GSM615354"
28,20260647,4,"GSM615360"
28,20260647,4,"GSM615365"
28,20260647,4,"GSM615367"
28,20260647,4,"GSM615368"
28,20260647,4,"GSM615372"
28,20260647,4,"GSM615377"
28,20260647,4,"GSM615383"
28,20260647,4,"GSM615387"
28,20260647,4,"GSM615389"
28,20260647,4,"GSM615390"
28,20260647,4,"GSM615396"
28,20260647,4,"GSM615404"
28,20260647,5,"GSM615107"
28,20260647,5,"GSM615111"
28,20260647,5,"GSM615113"
28,20260647,5,"GSM615121"
28,20260647,5,"GSM615127"
28,20260647,5,"GSM615131"
28,20260647,5,"GSM615139"
28,20260647,5,"GSM615144"
28,20260647,5,"GSM615146"
28,20260647,5,"GSM615154"
28,20260647,5,"GSM615167"
28,20260647,5,"GSM615168"
28,20260647,5,"GSM615169"
28,20260647,5,"GSM615175"
28,20260647,5,"GSM615181"
28,20260647,5,"GSM615190"
28,20260647,5,"GSM615192"
28,20260647,5,"GSM615195"
28,20260647,5,"GSM615197"
28,20260647,5,"GSM615198"
28,20260647,5,"GSM615204"
28,20260647,5,"GSM615208"
28,20260647,5,"GSM615209"
28,20260647,5,"GSM615211"
28,20260647,5,"GSM615213"
28,20260647,5,"GSM615214"
28,20260647,5,"GSM615219"
28,20260647,5,"GSM615222"
28,20260647,5,"GSM615233"
28,20260647,5,"GSM615241"
28,20260647,5,"GSM615245"
28,20260647,5,"GSM615251"
28,20260647,5,"GSM615254"
28,20260647,5,"GSM615255"
28,20260647,5,"GSM615266"
28,20260647,5,"GSM615271"
28,20260647,5,"GSM615278"
28,20260647,5,"GSM615279"
28,20260647,5,"GSM615285"
28,20260647,5,"GSM615287"
28,20260647,5,"GSM615288"
28,20260647,5,"GSM615290"
28,20260647,5,"GSM615298"
28,20260647,5,"GSM615303"
28,20260647,5,"GSM615313"
28,20260647,5,"GSM615316"
28,20260647,5,"GSM615320"
28,20260647,5,"GSM615322"
28,20260647,5,"GSM615335"
28,20260647,5,"GSM615337"
28,20260647,5,"GSM615352"
28,20260647,5,"GSM615355"
28,20260647,5,"GSM615359"
28,20260647,5,"GSM615361"
28,20260647,5,"GSM615369"
28,20260647,5,"GSM615374"
28,20260647,5,"GSM615380"
28,20260647,5,"GSM615382"
28,20260647,5,"GSM615393"
28,20260647,5,"GSM615399"
28,20260647,5,"GSM615405"
29,20260648,1,"GSM615107"
29,20260648,1,"GSM615108"
29,20260648,1,"GSM615109"
29,20260648,1,"GSM615154"
29,20260648,1,"GSM615155"
29,20260648,1,"GSM615156"
29,20260648,1,"GSM615160"
29,20260648,1,"GSM615161"
29,20260648,1,"GSM615167"
29,20260648,1,"GSM615171"
29,20260648,1,"GSM615175"
29,20260648,1,"GSM615183"
29,20260648,1,"GSM615193"
29,20260648,1,"GSM615196"
29,20260648,1,"GSM615197"
29,20260648,1,"GSM615207"
29,20260648,1,"GSM615211"
29,20260648,1,"GSM615212"
29,20260648,1,"GSM615223"
29,20260648,1,"GSM615228"
29,20260648,1,"GSM615230"
29,20260648,1,"GSM615231"
29,20260648,1,"GSM615234"
29,20260648,1,"GSM615235"
29,20260648,1,"GSM615237"
29,20260648,1,"GSM615246"
29,20260648,1,"GSM615250"
29,20260648,1,"GSM615254"
29,20260648,1,"GSM615261"
29,20260648,1,"GSM615269"
29,20260648,1,"GSM615273"
29,20260648,1,"GSM615285"
29,20260648,1,"GSM615286"
29,20260648,1,"GSM615288"
29,20260648,1,"GSM615291"
29,20260648,1,"GSM615296"
29,20260648,1,"GSM615298"
29,20260648,1,"GSM615302"
29,20260648,1,"GSM615304"
29,20260648,1,"GSM615306"
29,20260648,1,"GSM615311"
29,20260648,1,"GSM615316"
29,20260648,1,"GSM615318"
29,20260648,1,"GSM615319"
29,20260648,1,"GSM615334"
29,20260648,1,"GSM615344"
29,20260648,1,"GSM615346"
29,20260648,1,"GSM615347"
29,20260648,1,"GSM615348"
29,20260648,1,"GSM615350"
29,20260648,1,"GSM615354"
29,20260648,1,"GSM615358"
29,20260648,1,"GSM615366"
29,20260648,1,"GSM615371"
29,20260648,1,"GSM615386"
29,20260648,1,"GSM615389"
29,20260648,1,"GSM615391"
29,20260648,1,"GSM615392"
29,20260648,1,"GSM615395"
29,20260648,1,"GSM615398"
29,20260648,1,"GSM615401"
29,20260648,2,"GSM615096"
29,20260648,2,"GSM615098"
29,20260648,2,"GSM615101"
29,20260648,2,"GSM615103"
29,20260648,2,"GSM615110"
29,20260648,2,"GSM615114"
29,20260648,2,"GSM615115"
29,20260648,2,"GSM615116"
29,20260648,2,"GSM615122"
29,20260648,2,"GSM615130"
29,20260648,2,"GSM615131"
29,20260648,2,"GSM615134"
29,20260648,2,"GSM615135"
29,20260648,2,"GSM615136"
29,20260648,2,"GSM615139"
29,20260648,2,"GSM615157"
29,20260648,2,"GSM615158"
29,20260648,2,"GSM615162"
29,20260648,2,"GSM615165"
29,20260648,2,"GSM615166"
29,20260648,2,"GSM615182"
29,20260648,2,"GSM615184"
29,20260648,2,"GSM615205"
29,20260648,2,"GSM615217"
29,20260648,2,"GSM615220"
29,20260648,2,"GSM615226"
29,20260648,2,"GSM615232"
29,20260648,2,"GSM615240"
29,20260648,2,"GSM615242"
29,20260648,2,"GSM615248"
29,20260648,2,"GSM615253"
29,20260648,2,"GSM615263"
29,20260648,2,"GSM615271"
29,20260648,2,"GSM615276"
29,20260648,2,"GSM615284"
29,20260648,2,"GSM615290"
29,20260648,2,"GSM615294"
29,20260648,2,"GSM615300"
29,20260648,2,"GSM615313"
29,20260648,2,"GSM615314"
29,20260648,2,"GSM615322"
29,20260648,2,"GSM615324"
29,20260648,2,"GSM615327"
29,20260648,2,"GSM615332"
29,20260648,2,"GSM615333"
29,20260648,2,"GSM615335"
29,20260648,2,"GSM615338"
29,20260648,2,"GSM615340"
29,20260648,2,"GSM615341"
29,20260648,2,"GSM615360"
29,20260648,2,"GSM615365"
29,20260648,2,"GSM615368"
29,20260648,2,"GSM615369"
29,20260648,2,"GSM615370"
29,20260648,2,"GSM615375"
29,20260648,2,"GSM615376"
29,20260648,2,"GSM615377"
29,20260648,2,"GSM615380"
29,20260648,2,"GSM615381"
29,20260648,2,"GSM615382"
29,20260648,2,"GSM615387"
29,20260648,2,"GSM615396"
29,20260648,3,"GSM615113"
29,20260648,3,"GSM615123"
29,20260648,3,"GSM615128"
29,20260648,3,"GSM615129"
29,20260648,3,"GSM615132"
29,20260648,3,"GSM615137"
29,20260648,3,"GSM615142"
29,20260648,3,"GSM615143"
29,20260648,3,"GSM615145"
29,20260648,3,"GSM615147"
29,20260648,3,"GSM615150"
29,20260648,3,"GSM615151"
29,20260648,3,"GSM615159"
29,20260648,3,"GSM615168"
29,20260648,3,"GSM615174"
29,20260648,3,"GSM615178"
29,20260648,3,"GSM615179"
29,20260648,3,"GSM615180"
29,20260648,3,"GSM615190"
29,20260648,3,"GSM615191"
29,20260648,3,"GSM615195"
29,20260648,3,"GSM615198"
29,20260648,3,"GSM615200"
29,20260648,3,"GSM615206"
29,20260648,3,"GSM615213"
29,20260648,3,"GSM615215"
29,20260648,3,"GSM615219"
29,20260648,3,"GSM615222"
29,20260648,3,"GSM615225"
29,20260648,3,"GSM615236"
29,20260648,3,"GSM615238"
29,20260648,3,"GSM615241"
29,20260648,3,"GSM615252"
29,20260648,3,"GSM615255"
29,20260648,3,"GSM615266"
29,20260648,3,"GSM615268"
29,20260648,3,"GSM615270"
29,20260648,3,"GSM615275"
29,20260648,3,"GSM615279"
29,20260648,3,"GSM615280"
29,20260648,3,"GSM615281"
29,20260648,3,"GSM615282"
29,20260648,3,"GSM615292"
29,20260648,3,"GSM615297"
29,20260648,3,"GSM615299"
29,20260648,3,"GSM615303"
29,20260648,3,"GSM615309"
29,20260648,3,"GSM615310"
29,20260648,3,"GSM615343"
29,20260648,3,"GSM615356"
29,20260648,3,"GSM615359"
29,20260648,3,"GSM615361"
29,20260648,3,"GSM615362"
29,20260648,3,"GSM615363"
29,20260648,3,"GSM615367"
29,20260648,3,"GSM615372"
29,20260648,3,"GSM615373"
29,20260648,3,"GSM615379"
29,20260648,3,"GSM615388"
29,20260648,3,"GSM615400"
29,20260648,3,"GSM615403"
29,20260648,4,"GSM615097"
29,20260648,4,"GSM615100"
29,20260648,4,"GSM615104"
29,20260648,4,"GSM615106"
29,20260648,4,"GSM615111"
29,20260648,4,"GSM615117"
29,20260648,4,"GSM615120"
29,20260648,4,"GSM615125"
29,20260648,4,"GSM615126"
29,20260648,4,"GSM615127"
29,20260648,4,"GSM615133"
29,20260648,4,"GSM615140"
29,20260648,4,"GSM615144"
29,20260648,4,"GSM615146"
29,20260648,4,"GSM615149"
29,20260648,4,"GSM615152"
29,20260648,4,"GSM615164"
29,20260648,4,"GSM615172"
29,20260648,4,"GSM615185"
29,20260648,4,"GSM615186"
29,20260648,4,"GSM615187"
29,20260648,4,"GSM615188"
29,20260648,4,"GSM615192"
29,20260648,4,"GSM615202"
29,20260648,4,"GSM615208"
29,20260648,4,"GSM615209"
29,20260648,4,"GSM615210"
29,20260648,4,"GSM615214"
29,20260648,4,"GSM615216"
29,20260648,4,"GSM615224"
29,20260648,4,"GSM615233"
29,20260648,4,"GSM615239"
29,20260648,4,"GSM615247"
29,20260648,4,"GSM615249"
29,20260648,4,"GSM615258"
29,20260648,4,"GSM615260"
29,20260648,4,"GSM615264"
29,20260648,4,"GSM615265"
29,20260648,4,"GSM615277"
29,20260648,4,"GSM615289"
29,20260648,4,"GSM615293"
29,20260648,4,"GSM615305"
29,20260648,4,"GSM615317"
29,20260648,4,"GSM615323"
29,20260648,4,"GSM615330"
29,20260648,4,"GSM615337"
29,20260648,4,"GSM615342"
29,20260648,4,"GSM615345"
29,20260648,4,"GSM615351"
29,20260648,4,"GSM615355"
29,20260648,4,"GSM615357"
29,20260648,4,"GSM615364"
29,20260648,4,"GSM615378"
29,20260648,4,"GSM615383"
29,20260648,4,"GSM615384"
29,20260648,4,"GSM615385"
29,20260648,4,"GSM615390"
29,20260648,4,"GSM615393"
29,20260648,4,"GSM615394"
29,20260648,4,"GSM615399"
29,20260648,4,"GSM615402"
29,20260648,4,"GSM615405"
29,20260648,5,"GSM615099"
29,20260648,5,"GSM615102"
29,20260648,5,"GSM615112"
29,20260648,5,"GSM615121"
29,20260648,5,"GSM615124"
29,20260648,5,"GSM615138"
29,20260648,5,"GSM615141"
29,20260648,5,"GSM615148"
29,20260648,5,"GSM615153"
29,20260648,5,"GSM615169"
29,20260648,5,"GSM615170"
29,20260648,5,"GSM615173"
29,20260648,5,"GSM615176"
29,20260648,5,"GSM615177"
29,20260648,5,"GSM615181"
29,20260648,5,"GSM615189"
29,20260648,5,"GSM615194"
29,20260648,5,"GSM615199"
29,20260648,5,"GSM615201"
29,20260648,5,"GSM615203"
29,20260648,5,"GSM615204"
29,20260648,5,"GSM615218"
29,20260648,5,"GSM615221"
29,20260648,5,"GSM615227"
29,20260648,5,"GSM615229"
29,20260648,5,"GSM615243"
29,20260648,5,"GSM615244"
29,20260648,5,"GSM615245"
29,20260648,5,"GSM615251"
29,20260648,5,"GSM615256"
29,20260648,5,"GSM615257"
29,20260648,5,"GSM615259"
29,20260648,5,"GSM615262"
29,20260648,5,"GSM615267"
29,20260648,5,"GSM615272"
29,20260648,5,"GSM615274"
29,20260648,5,"GSM615278"
29,20260648,5,"GSM615283"
29,20260648,5,"GSM615287"
29,20260648,5,"GSM615295"
29,20260648,5,"GSM615301"
29,20260648,5,"GSM615307"
29,20260648,5,"GSM615308"
29,20260648,5,"GSM615312"
29,20260648,5,"GSM615315"
29,20260648,5,"GSM615320"
29,20260648,5,"GSM615321"
29,20260648,5,"GSM615325"
29,20260648,5,"GSM615326"
29,20260648,5,"GSM615328"
29,20260648,5,"GSM615329"
29,20260648,5,"GSM615331"
29,20260648,5,"GSM615336"
29,20260648,5,"GSM615339"
29,20260648,5,"GSM615349"
29,20260648,5,"GSM615352"
29,20260648,5,"GSM615353"
29,20260648,5,"GSM615374"
29,20260648,5,"GSM615397"
29,20260648,5,"GSM615404"
30,20260649,1,"GSM615098"
30,20260649,1,"GSM615102"
30,20260649,1,"GSM615106"
30,20260649,1,"GSM615107"
30,20260649,1,"GSM615109"
30,20260649,1,"GSM615115"
30,20260649,1,"GSM615124"
30,20260649,1,"GSM615134"
30,20260649,1,"GSM615142"
30,20260649,1,"GSM615144"
30,20260649,1,"GSM615157"
30,20260649,1,"GSM615161"
30,20260649,1,"GSM615169"
30,20260649,1,"GSM615172"
30,20260649,1,"GSM615173"
30,20260649,1,"GSM615186"
30,20260649,1,"GSM615187"
30,20260649,1,"GSM615188"
30,20260649,1,"GSM615193"
30,20260649,1,"GSM615196"
30,20260649,1,"GSM615203"
30,20260649,1,"GSM615204"
30,20260649,1,"GSM615211"
30,20260649,1,"GSM615215"
30,20260649,1,"GSM615224"
30,20260649,1,"GSM615228"
30,20260649,1,"GSM615230"
30,20260649,1,"GSM615231"
30,20260649,1,"GSM615234"
30,20260649,1,"GSM615247"
30,20260649,1,"GSM615252"
30,20260649,1,"GSM615260"
30,20260649,1,"GSM615263"
30,20260649,1,"GSM615273"
30,20260649,1,"GSM615275"
30,20260649,1,"GSM615277"
30,20260649,1,"GSM615280"
30,20260649,1,"GSM615281"
30,20260649,1,"GSM615284"
30,20260649,1,"GSM615291"
30,20260649,1,"GSM615292"
30,20260649,1,"GSM615295"
30,20260649,1,"GSM615298"
30,20260649,1,"GSM615302"
30,20260649,1,"GSM615308"
30,20260649,1,"GSM615309"
30,20260649,1,"GSM615310"
30,20260649,1,"GSM615315"
30,20260649,1,"GSM615316"
30,20260649,1,"GSM615334"
30,20260649,1,"GSM615345"
30,20260649,1,"GSM615346"
30,20260649,1,"GSM615351"
30,20260649,1,"GSM615359"
30,20260649,1,"GSM615362"
30,20260649,1,"GSM615365"
30,20260649,1,"GSM615368"
30,20260649,1,"GSM615375"
30,20260649,1,"GSM615382"
30,20260649,1,"GSM615402"
30,20260649,1,"GSM615404"
30,20260649,2,"GSM615096"
30,20260649,2,"GSM615104"
30,20260649,2,"GSM615110"
30,20260649,2,"GSM615112"
30,20260649,2,"GSM615114"
30,20260649,2,"GSM615120"
30,20260649,2,"GSM615125"
30,20260649,2,"GSM615133"
30,20260649,2,"GSM615138"
30,20260649,2,"GSM615141"
30,20260649,2,"GSM615143"
30,20260649,2,"GSM615145"
30,20260649,2,"GSM615150"
30,20260649,2,"GSM615151"
30,20260649,2,"GSM615152"
30,20260649,2,"GSM615160"
30,20260649,2,"GSM615167"
30,20260649,2,"GSM615170"
30,20260649,2,"GSM615179"
30,20260649,2,"GSM615184"
30,20260649,2,"GSM615189"
30,20260649,2,"GSM615192"
30,20260649,2,"GSM615202"
30,20260649,2,"GSM615205"
30,20260649,2,"GSM615206"
30,20260649,2,"GSM615216"
30,20260649,2,"GSM615217"
30,20260649,2,"GSM615218"
30,20260649,2,"GSM615227"
30,20260649,2,"GSM615235"
30,20260649,2,"GSM615236"
30,20260649,2,"GSM615240"
30,20260649,2,"GSM615241"
30,20260649,2,"GSM615246"
30,20260649,2,"GSM615255"
30,20260649,2,"GSM615256"
30,20260649,2,"GSM615261"
30,20260649,2,"GSM615264"
30,20260649,2,"GSM615267"
30,20260649,2,"GSM615270"
30,20260649,2,"GSM615271"
30,20260649,2,"GSM615276"
30,20260649,2,"GSM615289"
30,20260649,2,"GSM615301"
30,20260649,2,"GSM615305"
30,20260649,2,"GSM615317"
30,20260649,2,"GSM615323"
30,20260649,2,"GSM615325"
30,20260649,2,"GSM615328"
30,20260649,2,"GSM615330"
30,20260649,2,"GSM615339"
30,20260649,2,"GSM615349"
30,20260649,2,"GSM615361"
30,20260649,2,"GSM615363"
30,20260649,2,"GSM615377"
30,20260649,2,"GSM615387"
30,20260649,2,"GSM615388"
30,20260649,2,"GSM615390"
30,20260649,2,"GSM615394"
30,20260649,2,"GSM615397"
30,20260649,2,"GSM615400"
30,20260649,3,"GSM615099"
30,20260649,3,"GSM615103"
30,20260649,3,"GSM615117"
30,20260649,3,"GSM615127"
30,20260649,3,"GSM615131"
30,20260649,3,"GSM615136"
30,20260649,3,"GSM615159"
30,20260649,3,"GSM615162"
30,20260649,3,"GSM615164"
30,20260649,3,"GSM615176"
30,20260649,3,"GSM615177"
30,20260649,3,"GSM615182"
30,20260649,3,"GSM615183"
30,20260649,3,"GSM615185"
30,20260649,3,"GSM615199"
30,20260649,3,"GSM615201"
30,20260649,3,"GSM615208"
30,20260649,3,"GSM615209"
30,20260649,3,"GSM615210"
30,20260649,3,"GSM615214"
30,20260649,3,"GSM615221"
30,20260649,3,"GSM615225"
30,20260649,3,"GSM615237"
30,20260649,3,"GSM615242"
30,20260649,3,"GSM615250"
30,20260649,3,"GSM615257"
30,20260649,3,"GSM615259"
30,20260649,3,"GSM615268"
30,20260649,3,"GSM615269"
30,20260649,3,"GSM615274"
30,20260649,3,"GSM615278"
30,20260649,3,"GSM615285"
30,20260649,3,"GSM615287"
30,20260649,3,"GSM615288"
30,20260649,3,"GSM615293"
30,20260649,3,"GSM615296"
30,20260649,3,"GSM615297"
30,20260649,3,"GSM615306"
30,20260649,3,"GSM615313"
30,20260649,3,"GSM615314"
30,20260649,3,"GSM615321"
30,20260649,3,"GSM615324"
30,20260649,3,"GSM615329"
30,20260649,3,"GSM615331"
30,20260649,3,"GSM615335"
30,20260649,3,"GSM615350"
30,20260649,3,"GSM615352"
30,20260649,3,"GSM615353"
30,20260649,3,"GSM615357"
30,20260649,3,"GSM615358"
30,20260649,3,"GSM615371"
30,20260649,3,"GSM615373"
30,20260649,3,"GSM615380"
30,20260649,3,"GSM615381"
30,20260649,3,"GSM615386"
30,20260649,3,"GSM615391"
30,20260649,3,"GSM615392"
30,20260649,3,"GSM615395"
30,20260649,3,"GSM615398"
30,20260649,3,"GSM615401"
30,20260649,3,"GSM615405"
30,20260649,4,"GSM615100"
30,20260649,4,"GSM615108"
30,20260649,4,"GSM615113"
30,20260649,4,"GSM615122"
30,20260649,4,"GSM615126"
30,20260649,4,"GSM615128"
30,20260649,4,"GSM615130"
30,20260649,4,"GSM615137"
30,20260649,4,"GSM615139"
30,20260649,4,"GSM615140"
30,20260649,4,"GSM615146"
30,20260649,4,"GSM615147"
30,20260649,4,"GSM615148"
30,20260649,4,"GSM615149"
30,20260649,4,"GSM615154"
30,20260649,4,"GSM615155"
30,20260649,4,"GSM615158"
30,20260649,4,"GSM615168"
30,20260649,4,"GSM615174"
30,20260649,4,"GSM615175"
30,20260649,4,"GSM615195"
30,20260649,4,"GSM615197"
30,20260649,4,"GSM615207"
30,20260649,4,"GSM615219"
30,20260649,4,"GSM615223"
30,20260649,4,"GSM615226"
30,20260649,4,"GSM615229"
30,20260649,4,"GSM615232"
30,20260649,4,"GSM615239"
30,20260649,4,"GSM615245"
30,20260649,4,"GSM615248"
30,20260649,4,"GSM615249"
30,20260649,4,"GSM615254"
30,20260649,4,"GSM615258"
30,20260649,4,"GSM615266"
30,20260649,4,"GSM615283"
30,20260649,4,"GSM615299"
30,20260649,4,"GSM615300"
30,20260649,4,"GSM615304"
30,20260649,4,"GSM615311"
30,20260649,4,"GSM615318"
30,20260649,4,"GSM615320"
30,20260649,4,"GSM615322"
30,20260649,4,"GSM615332"
30,20260649,4,"GSM615333"
30,20260649,4,"GSM615337"
30,20260649,4,"GSM615340"
30,20260649,4,"GSM615343"
30,20260649,4,"GSM615344"
30,20260649,4,"GSM615347"
30,20260649,4,"GSM615354"
30,20260649,4,"GSM615356"
30,20260649,4,"GSM615360"
30,20260649,4,"GSM615366"
30,20260649,4,"GSM615369"
30,20260649,4,"GSM615372"
30,20260649,4,"GSM615374"
30,20260649,4,"GSM615376"
30,20260649,4,"GSM615379"
30,20260649,4,"GSM615385"
30,20260649,4,"GSM615393"
30,20260649,4,"GSM615396"
30,20260649,5,"GSM615097"
30,20260649,5,"GSM615101"
30,20260649,5,"GSM615111"
30,20260649,5,"GSM615116"
30,20260649,5,"GSM615121"
30,20260649,5,"GSM615123"
30,20260649,5,"GSM615129"
30,20260649,5,"GSM615132"
30,20260649,5,"GSM615135"
30,20260649,5,"GSM615153"
30,20260649,5,"GSM615156"
30,20260649,5,"GSM615165"
30,20260649,5,"GSM615166"
30,20260649,5,"GSM615171"
30,20260649,5,"GSM615178"
30,20260649,5,"GSM615180"
30,20260649,5,"GSM615181"
30,20260649,5,"GSM615190"
30,20260649,5,"GSM615191"
30,20260649,5,"GSM615194"
30,20260649,5,"GSM615198"
30,20260649,5,"GSM615200"
30,20260649,5,"GSM615212"
30,20260649,5,"GSM615213"
30,20260649,5,"GSM615220"
30,20260649,5,"GSM615222"
30,20260649,5,"GSM615233"
30,20260649,5,"GSM615238"
30,20260649,5,"GSM615243"
30,20260649,5,"GSM615244"
30,20260649,5,"GSM615251"
30,20260649,5,"GSM615253"
30,20260649,5,"GSM615262"
30,20260649,5,"GSM615265"
30,20260649,5,"GSM615272"
30,20260649,5,"GSM615279"
30,20260649,5,"GSM615282"
30,20260649,5,"GSM615286"
30,20260649,5,"GSM615290"
30,20260649,5,"GSM615294"
30,20260649,5,"GSM615303"
30,20260649,5,"GSM615307"
30,20260649,5,"GSM615312"
30,20260649,5,"GSM615319"
30,20260649,5,"GSM615326"
30,20260649,5,"GSM615327"
30,20260649,5,"GSM615336"
30,20260649,5,"GSM615338"
30,20260649,5,"GSM615341"
30,20260649,5,"GSM615342"
30,20260649,5,"GSM615348"
30,20260649,5,"GSM615355"
30,20260649,5,"GSM615364"
30,20260649,5,"GSM615367"
30,20260649,5,"GSM615370"
30,20260649,5,"GSM615378"
30,20260649,5,"GSM615383"
30,20260649,5,"GSM615384"
30,20260649,5,"GSM615389"
30,20260649,5,"GSM615399"
30,20260649,5,"GSM615403"
