"seed","fold","rank","feature"
20260620,1,1,"204750_s_at"
20260620,1,2,"205225_at"
20260620,1,3,"210084_x_at"
20260620,1,4,"214440_at"
20260620,1,5,"204822_at"
20260620,1,6,"204825_at"
20260620,1,7,"219051_x_at"
20260620,1,8,"203999_at"
20260620,1,9,"212956_at"
20260620,1,10,"203693_s_at"
20260620,1,11,"210052_s_at"
20260620,1,12,"212960_at"
20260620,1,13,"204400_at"
20260620,1,14,"205347_s_at"
20260620,1,15,"221864_at"
20260620,1,16,"209832_s_at"
20260620,1,17,"206869_at"
20260620,1,18,"209122_at"
20260620,1,19,"213134_x_at"
20260620,1,20,"205548_s_at"
20260620,1,21,"216092_s_at"
20260620,1,22,"204315_s_at"
20260620,1,23,"221524_s_at"
20260620,1,24,"202263_at"
20260620,1,25,"206373_at"
20260620,1,26,"202870_s_at"
20260620,1,27,"214053_at"
20260620,1,28,"221046_s_at"
20260620,1,29,"204962_s_at"
20260620,1,30,"204914_s_at"
20260620,1,31,"202107_s_at"
20260620,1,32,"211235_s_at"
20260620,1,33,"210735_s_at"
20260620,1,34,"212099_at"
20260620,1,35,"203692_s_at"
20260620,1,36,"214431_at"
20260620,1,37,"212196_at"
20260620,1,38,"212195_at"
20260620,1,39,"203397_s_at"
20260620,1,40,"214164_x_at"
20260620,1,41,"202240_at"
20260620,1,42,"218211_s_at"
20260620,1,43,"209204_at"
20260620,1,44,"203963_at"
20260620,1,45,"212638_s_at"
20260620,1,46,"216603_at"
20260620,1,47,"209604_s_at"
20260620,1,48,"222039_at"
20260620,1,49,"205201_at"
20260620,1,50,"209623_at"
20260620,1,51,"215867_x_at"
20260620,1,52,"222275_at"
20260620,1,53,"218259_at"
20260620,1,54,"219197_s_at"
20260620,1,55,"214428_x_at"
20260620,1,56,"212492_s_at"
20260620,1,57,"221203_s_at"
20260620,1,58,"213032_at"
20260620,1,59,"202752_x_at"
20260620,1,60,"204767_s_at"
20260620,1,61,"218902_at"
20260620,1,62,"210085_s_at"
20260620,1,63,"205696_s_at"
20260620,1,64,"203038_at"
20260620,1,65,"203712_at"
20260620,1,66,"220865_s_at"
20260620,1,67,"200934_at"
20260620,1,68,"209289_at"
20260620,1,69,"212265_at"
20260620,1,70,"208451_s_at"
20260620,1,71,"203702_s_at"
20260620,1,72,"200052_s_at"
20260620,1,73,"209114_at"
20260620,1,74,"209173_at"
20260620,1,75,"209644_x_at"
20260620,1,76,"218726_at"
20260620,1,77,"203418_at"
20260620,1,78,"206754_s_at"
20260620,1,79,"207030_s_at"
20260620,1,80,"202035_s_at"
20260620,1,81,"209408_at"
20260620,1,82,"201938_at"
20260620,1,83,"218394_at"
20260620,1,84,"218542_at"
20260620,1,85,"219806_s_at"
20260620,1,86,"209290_s_at"
20260620,1,87,"204863_s_at"
20260620,1,88,"202088_at"
20260620,1,89,"212330_at"
20260620,1,90,"218236_s_at"
20260620,1,91,"211126_s_at"
20260620,1,92,"219956_at"
20260620,1,93,"207039_at"
20260620,1,94,"204623_at"
20260620,1,95,"203222_s_at"
20260620,1,96,"220295_x_at"
20260620,1,97,"213564_x_at"
20260620,1,98,"213029_at"
20260620,1,99,"218755_at"
20260620,1,100,"206391_at"
20260620,2,1,"200718_s_at"
20260620,2,2,"204750_s_at"
20260620,2,3,"205225_at"
20260620,2,4,"212960_at"
20260620,2,5,"212956_at"
20260620,2,6,"204012_s_at"
20260620,2,7,"209204_at"
20260620,2,8,"204825_at"
20260620,2,9,"214440_at"
20260620,2,10,"221524_s_at"
20260620,2,11,"210084_x_at"
20260620,2,12,"204623_at"
20260620,2,13,"203693_s_at"
20260620,2,14,"209604_s_at"
20260620,2,15,"202589_at"
20260620,2,16,"208451_s_at"
20260620,2,17,"201231_s_at"
20260620,2,18,"202870_s_at"
20260620,2,19,"216237_s_at"
20260620,2,20,"203702_s_at"
20260620,2,21,"214428_x_at"
20260620,2,22,"216092_s_at"
20260620,2,23,"206391_at"
20260620,2,24,"204317_at"
20260620,2,25,"209122_at"
20260620,2,26,"206194_at"
20260620,2,27,"221872_at"
20260620,2,28,"206392_s_at"
20260620,2,29,"203999_at"
20260620,2,30,"208682_s_at"
20260620,2,31,"210052_s_at"
20260620,2,32,"214164_x_at"
20260620,2,33,"219752_at"
20260620,2,34,"212099_at"
20260620,2,35,"218211_s_at"
20260620,2,36,"209781_s_at"
20260620,2,37,"206754_s_at"
20260620,2,38,"214053_at"
20260620,2,39,"210096_at"
20260620,2,40,"215867_x_at"
20260620,2,41,"219197_s_at"
20260620,2,42,"206373_at"
20260620,2,43,"209173_at"
20260620,2,44,"209603_at"
20260620,2,45,"218009_s_at"
20260620,2,46,"200960_x_at"
20260620,2,47,"222275_at"
20260620,2,48,"205074_at"
20260620,2,49,"204822_at"
20260620,2,50,"213260_at"
20260620,2,51,"218902_at"
20260620,2,52,"213032_at"
20260620,2,53,"200670_at"
20260620,2,54,"201116_s_at"
20260620,2,55,"212638_s_at"
20260620,2,56,"210735_s_at"
20260620,2,57,"203963_at"
20260620,2,58,"202752_x_at"
20260620,2,59,"218259_at"
20260620,2,60,"221207_s_at"
20260620,2,61,"202263_at"
20260620,2,62,"204050_s_at"
20260620,2,63,"209644_x_at"
20260620,2,64,"212441_at"
20260620,2,65,"209623_at"
20260620,2,66,"209289_at"
20260620,2,67,"213134_x_at"
20260620,2,68,"204605_at"
20260620,2,69,"212022_s_at"
20260620,2,70,"213029_at"
20260620,2,71,"219051_x_at"
20260620,2,72,"209791_at"
20260620,2,73,"205201_at"
20260620,2,74,"204962_s_at"
20260620,2,75,"211712_s_at"
20260620,2,76,"209290_s_at"
20260620,2,77,"219874_at"
20260620,2,78,"205548_s_at"
20260620,2,79,"200711_s_at"
20260620,2,80,"219741_x_at"
20260620,2,81,"218755_at"
20260620,2,82,"200011_s_at"
20260620,2,83,"222125_s_at"
20260620,2,84,"218486_at"
20260620,2,85,"202088_at"
20260620,2,86,"205009_at"
20260620,2,87,"208711_s_at"
20260620,2,88,"203712_at"
20260620,2,89,"209114_at"
20260620,2,90,"218976_at"
20260620,2,91,"205186_at"
20260620,2,92,"203788_s_at"
20260620,2,93,"216603_at"
20260620,2,94,"212195_at"
20260620,2,95,"205696_s_at"
20260620,2,96,"201826_s_at"
20260620,2,97,"203929_s_at"
20260620,2,98,"203625_x_at"
20260620,2,99,"214552_s_at"
20260620,2,100,"210074_at"
20260620,3,1,"204750_s_at"
20260620,3,2,"205548_s_at"
20260620,3,3,"213134_x_at"
20260620,3,4,"212099_at"
20260620,3,5,"204825_at"
20260620,3,6,"221986_s_at"
20260620,3,7,"218236_s_at"
20260620,3,8,"203702_s_at"
20260620,3,9,"209623_at"
20260620,3,10,"203038_at"
20260620,3,11,"203693_s_at"
20260620,3,12,"200934_at"
20260620,3,13,"205225_at"
20260620,3,14,"209114_at"
20260620,3,15,"204061_at"
20260620,3,16,"213032_at"
20260620,3,17,"201407_s_at"
20260620,3,18,"210024_s_at"
20260620,3,19,"215034_s_at"
20260620,3,20,"200011_s_at"
20260620,3,21,"209204_at"
20260620,3,22,"218776_s_at"
20260620,3,23,"209644_x_at"
20260620,3,24,"209289_at"
20260620,3,25,"218211_s_at"
20260620,3,26,"218532_s_at"
20260620,3,27,"221934_s_at"
20260620,3,28,"210758_at"
20260620,3,29,"204400_at"
20260620,3,30,"209387_s_at"
20260620,3,31,"219498_s_at"
20260620,3,32,"209386_at"
20260620,3,33,"219051_x_at"
20260620,3,34,"209290_s_at"
20260620,3,35,"212492_s_at"
20260620,3,36,"216092_s_at"
20260620,3,37,"213029_at"
20260620,3,38,"202134_s_at"
20260620,3,39,"212956_at"
20260620,3,40,"208165_s_at"
20260620,3,41,"214745_at"
20260620,3,42,"208103_s_at"
20260620,3,43,"212265_at"
20260620,3,44,"210084_x_at"
20260620,3,45,"210052_s_at"
20260620,3,46,"204822_at"
20260620,3,47,"221505_at"
20260620,3,48,"218164_at"
20260620,3,49,"211931_s_at"
20260620,3,50,"1438_at"
20260620,3,51,"209211_at"
20260620,3,52,"202263_at"
20260620,3,53,"212960_at"
20260620,3,54,"206392_s_at"
20260620,3,55,"206194_at"
20260620,3,56,"218902_at"
20260620,3,57,"205074_at"
20260620,3,58,"203358_s_at"
20260620,3,59,"222275_at"
20260620,3,60,"202412_s_at"
20260620,3,61,"214440_at"
20260620,3,62,"202933_s_at"
20260620,3,63,"200052_s_at"
20260620,3,64,"203999_at"
20260620,3,65,"211466_at"
20260620,3,66,"200718_s_at"
20260620,3,67,"205044_at"
20260620,3,68,"201177_s_at"
20260620,3,69,"219752_at"
20260620,3,70,"204775_at"
20260620,3,71,"218886_at"
20260620,3,72,"204304_s_at"
20260620,3,73,"214496_x_at"
20260620,3,74,"201231_s_at"
20260620,3,75,"217744_s_at"
20260620,3,76,"206391_at"
20260620,3,77,"213249_at"
20260620,3,78,"201938_at"
20260620,3,79,"211084_x_at"
20260620,3,80,"209109_s_at"
20260620,3,81,"201663_s_at"
20260620,3,82,"203066_at"
20260620,3,83,"214431_at"
20260620,3,84,"212022_s_at"
20260620,3,85,"201563_at"
20260620,3,86,"203458_at"
20260620,3,87,"218726_at"
20260620,3,88,"208872_s_at"
20260620,3,89,"214428_x_at"
20260620,3,90,"207039_at"
20260620,3,91,"204240_s_at"
20260620,3,92,"209604_s_at"
20260620,3,93,"205696_s_at"
20260620,3,94,"206373_at"
20260620,3,95,"221872_at"
20260620,3,96,"214109_at"
20260620,3,97,"222039_at"
20260620,3,98,"210074_at"
20260620,3,99,"208451_s_at"
20260620,3,100,"218868_at"
20260620,4,1,"204825_at"
20260620,4,2,"203999_at"
20260620,4,3,"210084_x_at"
20260620,4,4,"204750_s_at"
20260620,4,5,"216237_s_at"
20260620,4,6,"213134_x_at"
20260620,4,7,"210052_s_at"
20260620,4,8,"219874_at"
20260620,4,9,"202483_s_at"
20260620,4,10,"205548_s_at"
20260620,4,11,"218726_at"
20260620,4,12,"205225_at"
20260620,4,13,"209832_s_at"
20260620,4,14,"201755_at"
20260620,4,15,"220238_s_at"
20260620,4,16,"215034_s_at"
20260620,4,17,"204822_at"
20260620,4,18,"204400_at"
20260620,4,19,"203038_at"
20260620,4,20,"203702_s_at"
20260620,4,21,"204203_at"
20260620,4,22,"209642_at"
20260620,4,23,"204315_s_at"
20260620,4,24,"218259_at"
20260620,4,25,"200052_s_at"
20260620,4,26,"204962_s_at"
20260620,4,27,"204775_at"
20260620,4,28,"217640_x_at"
20260620,4,29,"212330_at"
20260620,4,30,"209604_s_at"
20260620,4,31,"221864_at"
20260620,4,32,"221436_s_at"
20260620,4,33,"222275_at"
20260620,4,34,"214431_at"
20260620,4,35,"206392_s_at"
20260620,4,36,"214109_at"
20260620,4,37,"221520_s_at"
20260620,4,38,"214053_at"
20260620,4,39,"202870_s_at"
20260620,4,40,"212956_at"
20260620,4,41,"203693_s_at"
20260620,4,42,"220935_s_at"
20260620,4,43,"202134_s_at"
20260620,4,44,"204481_at"
20260620,4,45,"221524_s_at"
20260620,4,46,"209623_at"
20260620,4,47,"221986_s_at"
20260620,4,48,"213702_x_at"
20260620,4,49,"210074_at"
20260620,4,50,"209421_at"
20260620,4,51,"218542_at"
20260620,4,52,"218902_at"
20260620,4,53,"221203_s_at"
20260620,4,54,"201663_s_at"
20260620,4,55,"205339_at"
20260620,4,56,"206391_at"
20260620,4,57,"212022_s_at"
20260620,4,58,"202933_s_at"
20260620,4,59,"218211_s_at"
20260620,4,60,"222039_at"
20260620,4,61,"218755_at"
20260620,4,62,"200718_s_at"
20260620,4,63,"209464_at"
20260620,4,64,"208854_s_at"
20260620,4,65,"221872_at"
20260620,4,66,"203418_at"
20260620,4,67,"206194_at"
20260620,4,68,"212099_at"
20260620,4,69,"219990_at"
20260620,4,70,"222118_at"
20260620,4,71,"216685_s_at"
20260620,4,72,"209386_at"
20260620,4,73,"203929_s_at"
20260620,4,74,"219051_x_at"
20260620,4,75,"205296_at"
20260620,4,76,"200881_s_at"
20260620,4,77,"209204_at"
20260620,4,78,"219650_at"
20260620,4,79,"210024_s_at"
20260620,4,80,"217352_at"
20260620,4,81,"212960_at"
20260620,4,82,"214428_x_at"
20260620,4,83,"209387_s_at"
20260620,4,84,"202240_at"
20260620,4,85,"201970_s_at"
20260620,4,86,"218394_at"
20260620,4,87,"209747_at"
20260620,4,88,"40016_g_at"
20260620,4,89,"208961_s_at"
20260620,4,90,"217924_at"
20260620,4,91,"218009_s_at"
20260620,4,92,"205394_at"
20260620,4,93,"212441_at"
20260620,4,94,"214440_at"
20260620,4,95,"214746_s_at"
20260620,4,96,"201231_s_at"
20260620,4,97,"216092_s_at"
20260620,4,98,"221934_s_at"
20260620,4,99,"219197_s_at"
20260620,4,100,"213032_at"
20260620,5,1,"204750_s_at"
20260620,5,2,"213032_at"
20260620,5,3,"205225_at"
20260620,5,4,"209289_at"
20260620,5,5,"213029_at"
20260620,5,6,"209290_s_at"
20260620,5,7,"204825_at"
20260620,5,8,"203999_at"
20260620,5,9,"212099_at"
20260620,5,10,"212956_at"
20260620,5,11,"210084_x_at"
20260620,5,12,"205548_s_at"
20260620,5,13,"203693_s_at"
20260620,5,14,"206373_at"
20260620,5,15,"214440_at"
20260620,5,16,"212960_at"
20260620,5,17,"201970_s_at"
20260620,5,18,"222275_at"
20260620,5,19,"212638_s_at"
20260620,5,20,"218211_s_at"
20260620,5,21,"213134_x_at"
20260620,5,22,"214431_at"
20260620,5,23,"221677_s_at"
20260620,5,24,"218532_s_at"
20260620,5,25,"210052_s_at"
20260620,5,26,"203066_at"
20260620,5,27,"219051_x_at"
20260620,5,28,"200718_s_at"
20260620,5,29,"209644_x_at"
20260620,5,30,"205696_s_at"
20260620,5,31,"209604_s_at"
20260620,5,32,"204623_at"
20260620,5,33,"221872_at"
20260620,5,34,"211466_at"
20260620,5,35,"204304_s_at"
20260620,5,36,"203702_s_at"
20260620,5,37,"212492_s_at"
20260620,5,38,"202341_s_at"
20260620,5,39,"202134_s_at"
20260620,5,40,"211084_x_at"
20260620,5,41,"206754_s_at"
20260620,5,42,"209204_at"
20260620,5,43,"211467_s_at"
20260620,5,44,"206194_at"
20260620,5,45,"207039_at"
20260620,5,46,"220540_at"
20260620,5,47,"221524_s_at"
20260620,5,48,"206392_s_at"
20260620,5,49,"203963_at"
20260620,5,50,"205009_at"
20260620,5,51,"203712_at"
20260620,5,52,"208451_s_at"
20260620,5,53,"222039_at"
20260620,5,54,"206869_at"
20260620,5,55,"216685_s_at"
20260620,5,56,"214428_x_at"
20260620,5,57,"209386_at"
20260620,5,58,"211235_s_at"
20260620,5,59,"214164_x_at"
20260620,5,60,"211714_x_at"
20260620,5,61,"206391_at"
20260620,5,62,"209623_at"
20260620,5,63,"210735_s_at"
20260620,5,64,"215034_s_at"
20260620,5,65,"213523_at"
20260620,5,66,"216092_s_at"
20260620,5,67,"218259_at"
20260620,5,68,"204822_at"
20260620,5,69,"201231_s_at"
20260620,5,70,"203571_s_at"
20260620,5,71,"202870_s_at"
20260620,5,72,"201663_s_at"
20260620,5,73,"215867_x_at"
20260620,5,74,"205081_at"
20260620,5,75,"202589_at"
20260620,5,76,"202107_s_at"
20260620,5,77,"202263_at"
20260620,5,78,"221986_s_at"
20260620,5,79,"204962_s_at"
20260620,5,80,"204012_s_at"
20260620,5,81,"201938_at"
20260620,5,82,"218164_at"
20260620,5,83,"216381_x_at"
20260620,5,84,"218902_at"
20260620,5,85,"209603_at"
20260620,5,86,"210024_s_at"
20260620,5,87,"209408_at"
20260620,5,88,"212196_at"
20260620,5,89,"209421_at"
20260620,5,90,"209122_at"
20260620,5,91,"219874_at"
20260620,5,92,"209832_s_at"
20260620,5,93,"209781_s_at"
20260620,5,94,"200934_at"
20260620,5,95,"220295_x_at"
20260620,5,96,"209026_x_at"
20260620,5,97,"201555_at"
20260620,5,98,"221253_s_at"
20260620,5,99,"221012_s_at"
20260620,5,100,"202932_at"
20260621,1,1,"210084_x_at"
20260621,1,2,"204825_at"
20260621,1,3,"210052_s_at"
20260621,1,4,"218726_at"
20260621,1,5,"206373_at"
20260621,1,6,"204822_at"
20260621,1,7,"205548_s_at"
20260621,1,8,"205225_at"
20260621,1,9,"204962_s_at"
20260621,1,10,"213134_x_at"
20260621,1,11,"204750_s_at"
20260621,1,12,"219051_x_at"
20260621,1,13,"209832_s_at"
20260621,1,14,"208711_s_at"
20260621,1,15,"222039_at"
20260621,1,16,"202589_at"
20260621,1,17,"209408_at"
20260621,1,18,"209644_x_at"
20260621,1,19,"203999_at"
20260621,1,20,"209642_at"
20260621,1,21,"202107_s_at"
20260621,1,22,"203693_s_at"
20260621,1,23,"209781_s_at"
20260621,1,24,"203702_s_at"
20260621,1,25,"202240_at"
20260621,1,26,"212099_at"
20260621,1,27,"208712_at"
20260621,1,28,"201663_s_at"
20260621,1,29,"204240_s_at"
20260621,1,30,"218755_at"
20260621,1,31,"208451_s_at"
20260621,1,32,"214428_x_at"
20260621,1,33,"207039_at"
20260621,1,34,"209204_at"
20260621,1,35,"209623_at"
20260621,1,36,"212956_at"
20260621,1,37,"214431_at"
20260621,1,38,"202870_s_at"
20260621,1,39,"201664_at"
20260621,1,40,"210074_at"
20260621,1,41,"205347_s_at"
20260621,1,42,"218902_at"
20260621,1,43,"218350_s_at"
20260621,1,44,"200934_at"
20260621,1,45,"212960_at"
20260621,1,46,"221677_s_at"
20260621,1,47,"203929_s_at"
20260621,1,48,"214053_at"
20260621,1,49,"211519_s_at"
20260621,1,50,"209122_at"
20260621,1,51,"218355_at"
20260621,1,52,"204914_s_at"
20260621,1,53,"203418_at"
20260621,1,54,"221864_at"
20260621,1,55,"208022_s_at"
20260621,1,56,"222275_at"
20260621,1,57,"204400_at"
20260621,1,58,"216237_s_at"
20260621,1,59,"202263_at"
20260621,1,60,"221046_s_at"
20260621,1,61,"201930_at"
20260621,1,62,"204023_at"
20260621,1,63,"221922_at"
20260621,1,64,"201231_s_at"
20260621,1,65,"221258_s_at"
20260621,1,66,"220295_x_at"
20260621,1,67,"209604_s_at"
20260621,1,68,"204092_s_at"
20260621,1,69,"221524_s_at"
20260621,1,70,"203712_at"
20260621,1,71,"201555_at"
20260621,1,72,"200052_s_at"
20260621,1,73,"212330_at"
20260621,1,74,"216092_s_at"
20260621,1,75,"205296_at"
20260621,1,76,"206194_at"
20260621,1,77,"201970_s_at"
20260621,1,78,"222118_at"
20260621,1,79,"218542_at"
20260621,1,80,"212022_s_at"
20260621,1,81,"212492_s_at"
20260621,1,82,"215034_s_at"
20260621,1,83,"221872_at"
20260621,1,84,"218259_at"
20260621,1,85,"204767_s_at"
20260621,1,86,"205696_s_at"
20260621,1,87,"202134_s_at"
20260621,1,88,"219752_at"
20260621,1,89,"221934_s_at"
20260621,1,90,"213846_at"
20260621,1,91,"203571_s_at"
20260621,1,92,"207134_x_at"
20260621,1,93,"213032_at"
20260621,1,94,"203397_s_at"
20260621,1,95,"221986_s_at"
20260621,1,96,"212638_s_at"
20260621,1,97,"201291_s_at"
20260621,1,98,"204315_s_at"
20260621,1,99,"203928_x_at"
20260621,1,100,"206391_at"
20260621,2,1,"204750_s_at"
20260621,2,2,"203693_s_at"
20260621,2,3,"204825_at"
20260621,2,4,"205225_at"
20260621,2,5,"213134_x_at"
20260621,2,6,"218236_s_at"
20260621,2,7,"218211_s_at"
20260621,2,8,"212099_at"
20260621,2,9,"202933_s_at"
20260621,2,10,"222275_at"
20260621,2,11,"201938_at"
20260621,2,12,"214440_at"
20260621,2,13,"216092_s_at"
20260621,2,14,"202341_s_at"
20260621,2,15,"206194_at"
20260621,2,16,"205548_s_at"
20260621,2,17,"212960_at"
20260621,2,18,"218886_at"
20260621,2,19,"212956_at"
20260621,2,20,"213564_x_at"
20260621,2,21,"211084_x_at"
20260621,2,22,"210735_s_at"
20260621,2,23,"204775_at"
20260621,2,24,"220540_at"
20260621,2,25,"204623_at"
20260621,2,26,"219051_x_at"
20260621,2,27,"202134_s_at"
20260621,2,28,"219874_at"
20260621,2,29,"214164_x_at"
20260621,2,30,"202870_s_at"
20260621,2,31,"209204_at"
20260621,2,32,"201030_x_at"
20260621,2,33,"204822_at"
20260621,2,34,"201970_s_at"
20260621,2,35,"200755_s_at"
20260621,2,36,"209290_s_at"
20260621,2,37,"202932_at"
20260621,2,38,"213032_at"
20260621,2,39,"215867_x_at"
20260621,2,40,"203702_s_at"
20260621,2,41,"221203_s_at"
20260621,2,42,"214431_at"
20260621,2,43,"210052_s_at"
20260621,2,44,"209289_at"
20260621,2,45,"221986_s_at"
20260621,2,46,"200718_s_at"
20260621,2,47,"222039_at"
20260621,2,48,"205044_at"
20260621,2,49,"209623_at"
20260621,2,50,"205339_at"
20260621,2,51,"213523_at"
20260621,2,52,"203963_at"
20260621,2,53,"213029_at"
20260621,2,54,"209386_at"
20260621,2,55,"205696_s_at"
20260621,2,56,"210084_x_at"
20260621,2,57,"201663_s_at"
20260621,2,58,"215034_s_at"
20260621,2,59,"201231_s_at"
20260621,2,60,"209604_s_at"
20260621,2,61,"214053_at"
20260621,2,62,"206373_at"
20260621,2,63,"201579_at"
20260621,2,64,"214004_s_at"
20260621,2,65,"218394_at"
20260621,2,66,"210024_s_at"
20260621,2,67,"222158_s_at"
20260621,2,68,"203066_at"
20260621,2,69,"210074_at"
20260621,2,70,"203999_at"
20260621,2,71,"212492_s_at"
20260621,2,72,"209173_at"
20260621,2,73,"212022_s_at"
20260621,2,74,"203038_at"
20260621,2,75,"206392_s_at"
20260621,2,76,"207030_s_at"
20260621,2,77,"204667_at"
20260621,2,78,"202580_x_at"
20260621,2,79,"202035_s_at"
20260621,2,80,"221864_at"
20260621,2,81,"203256_at"
20260621,2,82,"209109_s_at"
20260621,2,83,"214109_at"
20260621,2,84,"200934_at"
20260621,2,85,"202589_at"
20260621,2,86,"203896_s_at"
20260621,2,87,"202107_s_at"
20260621,2,88,"200052_s_at"
20260621,2,89,"216603_at"
20260621,2,90,"210886_x_at"
20260621,2,91,"209644_x_at"
20260621,2,92,"206869_at"
20260621,2,93,"200670_at"
20260621,2,94,"205009_at"
20260621,2,95,"202342_s_at"
20260621,2,96,"214428_x_at"
20260621,2,97,"202412_s_at"
20260621,2,98,"1438_at"
20260621,2,99,"218902_at"
20260621,2,100,"202413_s_at"
20260621,3,1,"204750_s_at"
20260621,3,2,"218532_s_at"
20260621,3,3,"204825_at"
20260621,3,4,"210084_x_at"
20260621,3,5,"205548_s_at"
20260621,3,6,"213134_x_at"
20260621,3,7,"200718_s_at"
20260621,3,8,"205225_at"
20260621,3,9,"212099_at"
20260621,3,10,"214440_at"
20260621,3,11,"203999_at"
20260621,3,12,"212960_at"
20260621,3,13,"212956_at"
20260621,3,14,"219051_x_at"
20260621,3,15,"203693_s_at"
20260621,3,16,"219956_at"
20260621,3,17,"203038_at"
20260621,3,18,"204012_s_at"
20260621,3,19,"210052_s_at"
20260621,3,20,"218902_at"
20260621,3,21,"209832_s_at"
20260621,3,22,"209623_at"
20260621,3,23,"212638_s_at"
20260621,3,24,"222039_at"
20260621,3,25,"205696_s_at"
20260621,3,26,"204822_at"
20260621,3,27,"209604_s_at"
20260621,3,28,"201976_s_at"
20260621,3,29,"221872_at"
20260621,3,30,"217744_s_at"
20260621,3,31,"218211_s_at"
20260621,3,32,"221524_s_at"
20260621,3,33,"206391_at"
20260621,3,34,"213032_at"
20260621,3,35,"209386_at"
20260621,3,36,"203702_s_at"
20260621,3,37,"201231_s_at"
20260621,3,38,"203397_s_at"
20260621,3,39,"206194_at"
20260621,3,40,"204962_s_at"
20260621,3,41,"215034_s_at"
20260621,3,42,"213249_at"
20260621,3,43,"209204_at"
20260621,3,44,"206373_at"
20260621,3,45,"210074_at"
20260621,3,46,"204400_at"
20260621,3,47,"209114_at"
20260621,3,48,"206392_s_at"
20260621,3,49,"209289_at"
20260621,3,50,"214164_x_at"
20260621,3,51,"203712_at"
20260621,3,52,"214053_at"
20260621,3,53,"219874_at"
20260621,3,54,"206754_s_at"
20260621,3,55,"222275_at"
20260621,3,56,"202263_at"
20260621,3,57,"213029_at"
20260621,3,58,"200011_s_at"
20260621,3,59,"216092_s_at"
20260621,3,60,"210024_s_at"
20260621,3,61,"211712_s_at"
20260621,3,62,"204493_at"
20260621,3,63,"218259_at"
20260621,3,64,"215867_x_at"
20260621,3,65,"209644_x_at"
20260621,3,66,"45633_at"
20260621,3,67,"216237_s_at"
20260621,3,68,"203963_at"
20260621,3,69,"222256_s_at"
20260621,3,70,"201177_s_at"
20260621,3,71,"221203_s_at"
20260621,3,72,"209122_at"
20260621,3,73,"210735_s_at"
20260621,3,74,"202870_s_at"
20260621,3,75,"221253_s_at"
20260621,3,76,"206869_at"
20260621,3,77,"212265_at"
20260621,3,78,"213651_at"
20260621,3,79,"209173_at"
20260621,3,80,"209290_s_at"
20260621,3,81,"202933_s_at"
20260621,3,82,"209421_at"
20260621,3,83,"205597_at"
20260621,3,84,"209387_s_at"
20260621,3,85,"218726_at"
20260621,3,86,"203143_s_at"
20260621,3,87,"212022_s_at"
20260621,3,88,"214431_at"
20260621,3,89,"203692_s_at"
20260621,3,90,"203066_at"
20260621,3,91,"209822_s_at"
20260621,3,92,"209603_at"
20260621,3,93,"204315_s_at"
20260621,3,94,"218309_at"
20260621,3,95,"205201_at"
20260621,3,96,"220295_x_at"
20260621,3,97,"218236_s_at"
20260621,3,98,"221864_at"
20260621,3,99,"215043_s_at"
20260621,3,100,"201555_at"
20260621,4,1,"204750_s_at"
20260621,4,2,"205225_at"
20260621,4,3,"204825_at"
20260621,4,4,"203999_at"
20260621,4,5,"213032_at"
20260621,4,6,"209289_at"
20260621,4,7,"210084_x_at"
20260621,4,8,"203702_s_at"
20260621,4,9,"214440_at"
20260621,4,10,"205548_s_at"
20260621,4,11,"213134_x_at"
20260621,4,12,"204400_at"
20260621,4,13,"203397_s_at"
20260621,4,14,"202263_at"
20260621,4,15,"209290_s_at"
20260621,4,16,"212956_at"
20260621,4,17,"204304_s_at"
20260621,4,18,"221524_s_at"
20260621,4,19,"213029_at"
20260621,4,20,"215034_s_at"
20260621,4,21,"209644_x_at"
20260621,4,22,"209122_at"
20260621,4,23,"212492_s_at"
20260621,4,24,"209604_s_at"
20260621,4,25,"212638_s_at"
20260621,4,26,"214745_at"
20260621,4,27,"212960_at"
20260621,4,28,"218211_s_at"
20260621,4,29,"202870_s_at"
20260621,4,30,"202134_s_at"
20260621,4,31,"203693_s_at"
20260621,4,32,"210052_s_at"
20260621,4,33,"206754_s_at"
20260621,4,34,"203038_at"
20260621,4,35,"209204_at"
20260621,4,36,"221872_at"
20260621,4,37,"214431_at"
20260621,4,38,"214428_x_at"
20260621,4,39,"208451_s_at"
20260621,4,40,"212099_at"
20260621,4,41,"206391_at"
20260621,4,42,"206392_s_at"
20260621,4,43,"218259_at"
20260621,4,44,"218164_at"
20260621,4,45,"219874_at"
20260621,4,46,"210024_s_at"
20260621,4,47,"219752_at"
20260621,4,48,"205009_at"
20260621,4,49,"204623_at"
20260621,4,50,"200718_s_at"
20260621,4,51,"207011_s_at"
20260621,4,52,"209387_s_at"
20260621,4,53,"205696_s_at"
20260621,4,54,"219051_x_at"
20260621,4,55,"204822_at"
20260621,4,56,"216092_s_at"
20260621,4,57,"209114_at"
20260621,4,58,"209623_at"
20260621,4,59,"203066_at"
20260621,4,60,"222275_at"
20260621,4,61,"206869_at"
20260621,4,62,"209386_at"
20260621,4,63,"209781_s_at"
20260621,4,64,"203712_at"
20260621,4,65,"209421_at"
20260621,4,66,"211234_x_at"
20260621,4,67,"204493_at"
20260621,4,68,"205081_at"
20260621,4,69,"218532_s_at"
20260621,4,70,"204203_at"
20260621,4,71,"216685_s_at"
20260621,4,72,"203571_s_at"
20260621,4,73,"208941_s_at"
20260621,4,74,"206194_at"
20260621,4,75,"210246_s_at"
20260621,4,76,"204962_s_at"
20260621,4,77,"204315_s_at"
20260621,4,78,"210735_s_at"
20260621,4,79,"206373_at"
20260621,4,80,"207039_at"
20260621,4,81,"203418_at"
20260621,4,82,"221823_at"
20260621,4,83,"200052_s_at"
20260621,4,84,"202483_s_at"
20260621,4,85,"218486_at"
20260621,4,86,"202762_at"
20260621,4,87,"214164_x_at"
20260621,4,88,"217744_s_at"
20260621,4,89,"204317_at"
20260621,4,90,"215867_x_at"
20260621,4,91,"209603_at"
20260621,4,92,"221677_s_at"
20260621,4,93,"40016_g_at"
20260621,4,94,"203963_at"
20260621,4,95,"221986_s_at"
20260621,4,96,"219197_s_at"
20260621,4,97,"211714_x_at"
20260621,4,98,"218065_s_at"
20260621,4,99,"209464_at"
20260621,4,100,"201938_at"
20260621,5,1,"205225_at"
20260621,5,2,"204750_s_at"
20260621,5,3,"212956_at"
20260621,5,4,"212960_at"
20260621,5,5,"203999_at"
20260621,5,6,"211466_at"
20260621,5,7,"221986_s_at"
20260621,5,8,"209204_at"
20260621,5,9,"213032_at"
20260621,5,10,"216237_s_at"
20260621,5,11,"221524_s_at"
20260621,5,12,"200718_s_at"
20260621,5,13,"204825_at"
20260621,5,14,"209289_at"
20260621,5,15,"204822_at"
20260621,5,16,"203693_s_at"
20260621,5,17,"209604_s_at"
20260621,5,18,"218259_at"
20260621,5,19,"219197_s_at"
20260621,5,20,"214440_at"
20260621,5,21,"213029_at"
20260621,5,22,"203702_s_at"
20260621,5,23,"211467_s_at"
20260621,5,24,"222275_at"
20260621,5,25,"212441_at"
20260621,5,26,"216092_s_at"
20260621,5,27,"218211_s_at"
20260621,5,28,"209290_s_at"
20260621,5,29,"209114_at"
20260621,5,30,"205074_at"
20260621,5,31,"208451_s_at"
20260621,5,32,"208682_s_at"
20260621,5,33,"214428_x_at"
20260621,5,34,"209623_at"
20260621,5,35,"201755_at"
20260621,5,36,"210052_s_at"
20260621,5,37,"206392_s_at"
20260621,5,38,"212099_at"
20260621,5,39,"206391_at"
20260621,5,40,"200934_at"
20260621,5,41,"220239_at"
20260621,5,42,"210084_x_at"
20260621,5,43,"203788_s_at"
20260621,5,44,"219752_at"
20260621,5,45,"218009_s_at"
20260621,5,46,"203130_s_at"
20260621,5,47,"218902_at"
20260621,5,48,"206869_at"
20260621,5,49,"209603_at"
20260621,5,50,"202134_s_at"
20260621,5,51,"200011_s_at"
20260621,5,52,"221203_s_at"
20260621,5,53,"204315_s_at"
20260621,5,54,"203963_at"
20260621,5,55,"205548_s_at"
20260621,5,56,"204605_at"
20260621,5,57,"202870_s_at"
20260621,5,58,"218726_at"
20260621,5,59,"213134_x_at"
20260621,5,60,"210096_at"
20260621,5,61,"221872_at"
20260621,5,62,"209464_at"
20260621,5,63,"212492_s_at"
20260621,5,64,"212638_s_at"
20260621,5,65,"203038_at"
20260621,5,66,"214164_x_at"
20260621,5,67,"214109_at"
20260621,5,68,"201930_at"
20260621,5,69,"202263_at"
20260621,5,70,"214053_at"
20260621,5,71,"204623_at"
20260621,5,72,"214431_at"
20260621,5,73,"219051_x_at"
20260621,5,74,"200052_s_at"
20260621,5,75,"204400_at"
20260621,5,76,"210735_s_at"
20260621,5,77,"204775_at"
20260621,5,78,"212022_s_at"
20260621,5,79,"215867_x_at"
20260621,5,80,"202808_at"
20260621,5,81,"201231_s_at"
20260621,5,82,"213033_s_at"
20260621,5,83,"205597_at"
20260621,5,84,"202204_s_at"
20260621,5,85,"209173_at"
20260621,5,86,"204012_s_at"
20260621,5,87,"203929_s_at"
20260621,5,88,"220238_s_at"
20260621,5,89,"206194_at"
20260621,5,90,"221934_s_at"
20260621,5,91,"201663_s_at"
20260621,5,92,"215034_s_at"
20260621,5,93,"204962_s_at"
20260621,5,94,"219990_at"
20260621,5,95,"219874_at"
20260621,5,96,"202752_x_at"
20260621,5,97,"209122_at"
20260621,5,98,"212265_at"
20260621,5,99,"202589_at"
20260621,5,100,"209747_at"
20260622,1,1,"209644_x_at"
20260622,1,2,"206373_at"
20260622,1,3,"204750_s_at"
20260622,1,4,"203693_s_at"
20260622,1,5,"205225_at"
20260622,1,6,"210084_x_at"
20260622,1,7,"204825_at"
20260622,1,8,"209289_at"
20260622,1,9,"213032_at"
20260622,1,10,"210052_s_at"
20260622,1,11,"213029_at"
20260622,1,12,"214440_at"
20260622,1,13,"207039_at"
20260622,1,14,"209290_s_at"
20260622,1,15,"219051_x_at"
20260622,1,16,"220540_at"
20260622,1,17,"212099_at"
20260622,1,18,"212956_at"
20260622,1,19,"221524_s_at"
20260622,1,20,"220295_x_at"
20260622,1,21,"206194_at"
20260622,1,22,"208022_s_at"
20260622,1,23,"212638_s_at"
20260622,1,24,"202341_s_at"
20260622,1,25,"212960_at"
20260622,1,26,"208451_s_at"
20260622,1,27,"218211_s_at"
20260622,1,28,"222275_at"
20260622,1,29,"214428_x_at"
20260622,1,30,"205548_s_at"
20260622,1,31,"222039_at"
20260622,1,32,"202870_s_at"
20260622,1,33,"202263_at"
20260622,1,34,"214431_at"
20260622,1,35,"213134_x_at"
20260622,1,36,"216092_s_at"
20260622,1,37,"212330_at"
20260622,1,38,"204822_at"
20260622,1,39,"202107_s_at"
20260622,1,40,"209604_s_at"
20260622,1,41,"203963_at"
20260622,1,42,"200718_s_at"
20260622,1,43,"203999_at"
20260622,1,44,"209386_at"
20260622,1,45,"214164_x_at"
20260622,1,46,"210735_s_at"
20260622,1,47,"203702_s_at"
20260622,1,48,"216237_s_at"
20260622,1,49,"218236_s_at"
20260622,1,50,"202240_at"
20260622,1,51,"215034_s_at"
20260622,1,52,"208711_s_at"
20260622,1,53,"206754_s_at"
20260622,1,54,"212022_s_at"
20260622,1,55,"211467_s_at"
20260622,1,56,"205347_s_at"
20260622,1,57,"204962_s_at"
20260622,1,58,"215867_x_at"
20260622,1,59,"203038_at"
20260622,1,60,"218902_at"
20260622,1,61,"201938_at"
20260622,1,62,"214053_at"
20260622,1,63,"203712_at"
20260622,1,64,"219956_at"
20260622,1,65,"213523_at"
20260622,1,66,"209122_at"
20260622,1,67,"209832_s_at"
20260622,1,68,"203418_at"
20260622,1,69,"218532_s_at"
20260622,1,70,"204012_s_at"
20260622,1,71,"204400_at"
20260622,1,72,"204623_at"
20260622,1,73,"212492_s_at"
20260622,1,74,"209623_at"
20260622,1,75,"201970_s_at"
20260622,1,76,"205074_at"
20260622,1,77,"219631_at"
20260622,1,78,"209747_at"
20260622,1,79,"218542_at"
20260622,1,80,"201231_s_at"
20260622,1,81,"202134_s_at"
20260622,1,82,"209408_at"
20260622,1,83,"203066_at"
20260622,1,84,"209781_s_at"
20260622,1,85,"221986_s_at"
20260622,1,86,"205569_at"
20260622,1,87,"203143_s_at"
20260622,1,88,"208712_at"
20260622,1,89,"209204_at"
20260622,1,90,"205339_at"
20260622,1,91,"211466_at"
20260622,1,92,"218726_at"
20260622,1,93,"218394_at"
20260622,1,94,"203226_s_at"
20260622,1,95,"203692_s_at"
20260622,1,96,"210085_s_at"
20260622,1,97,"212020_s_at"
20260622,1,98,"214745_at"
20260622,1,99,"209173_at"
20260622,1,100,"203571_s_at"
20260622,2,1,"205225_at"
20260622,2,2,"204825_at"
20260622,2,3,"204750_s_at"
20260622,2,4,"203702_s_at"
20260622,2,5,"209122_at"
20260622,2,6,"218259_at"
20260622,2,7,"200052_s_at"
20260622,2,8,"205696_s_at"
20260622,2,9,"204400_at"
20260622,2,10,"214440_at"
20260622,2,11,"204822_at"
20260622,2,12,"219051_x_at"
20260622,2,13,"209604_s_at"
20260622,2,14,"206392_s_at"
20260622,2,15,"206391_at"
20260622,2,16,"215034_s_at"
20260622,2,17,"205548_s_at"
20260622,2,18,"203999_at"
20260622,2,19,"212956_at"
20260622,2,20,"204315_s_at"
20260622,2,21,"212492_s_at"
20260622,2,22,"204962_s_at"
20260622,2,23,"218726_at"
20260622,2,24,"216092_s_at"
20260622,2,25,"205201_at"
20260622,2,26,"217744_s_at"
20260622,2,27,"203929_s_at"
20260622,2,28,"221864_at"
20260622,2,29,"212960_at"
20260622,2,30,"218486_at"
20260622,2,31,"212638_s_at"
20260622,2,32,"218236_s_at"
20260622,2,33,"213032_at"
20260622,2,34,"221934_s_at"
20260622,2,35,"209387_s_at"
20260622,2,36,"221872_at"
20260622,2,37,"209204_at"
20260622,2,38,"221524_s_at"
20260622,2,39,"217924_at"
20260622,2,40,"209623_at"
20260622,2,41,"213134_x_at"
20260622,2,42,"203693_s_at"
20260622,2,43,"204623_at"
20260622,2,44,"218211_s_at"
20260622,2,45,"202483_s_at"
20260622,2,46,"217838_s_at"
20260622,2,47,"218164_at"
20260622,2,48,"219752_at"
20260622,2,49,"200890_s_at"
20260622,2,50,"214428_x_at"
20260622,2,51,"213033_s_at"
20260622,2,52,"214845_s_at"
20260622,2,53,"210084_x_at"
20260622,2,54,"205009_at"
20260622,2,55,"203397_s_at"
20260622,2,56,"210074_at"
20260622,2,57,"208451_s_at"
20260622,2,58,"202134_s_at"
20260622,2,59,"200881_s_at"
20260622,2,60,"209289_at"
20260622,2,61,"222275_at"
20260622,2,62,"214164_x_at"
20260622,2,63,"204767_s_at"
20260622,2,64,"210735_s_at"
20260622,2,65,"214745_at"
20260622,2,66,"203963_at"
20260622,2,67,"209464_at"
20260622,2,68,"212208_at"
20260622,2,69,"204775_at"
20260622,2,70,"210052_s_at"
20260622,2,71,"214431_at"
20260622,2,72,"208650_s_at"
20260622,2,73,"203126_at"
20260622,2,74,"215867_x_at"
20260622,2,75,"206869_at"
20260622,2,76,"218976_at"
20260622,2,77,"203038_at"
20260622,2,78,"211466_at"
20260622,2,79,"209642_at"
20260622,2,80,"214053_at"
20260622,2,81,"209747_at"
20260622,2,82,"219874_at"
20260622,2,83,"209386_at"
20260622,2,84,"201555_at"
20260622,2,85,"209603_at"
20260622,2,86,"217294_s_at"
20260622,2,87,"202870_s_at"
20260622,2,88,"209822_s_at"
20260622,2,89,"204568_at"
20260622,2,90,"218755_at"
20260622,2,91,"202263_at"
20260622,2,92,"218542_at"
20260622,2,93,"216381_x_at"
20260622,2,94,"40016_g_at"
20260622,2,95,"205074_at"
20260622,2,96,"200934_at"
20260622,2,97,"212265_at"
20260622,2,98,"204240_s_at"
20260622,2,99,"209421_at"
20260622,2,100,"216640_s_at"
20260622,3,1,"204750_s_at"
20260622,3,2,"204825_at"
20260622,3,3,"213134_x_at"
20260622,3,4,"205548_s_at"
20260622,3,5,"212960_at"
20260622,3,6,"205225_at"
20260622,3,7,"212956_at"
20260622,3,8,"209623_at"
20260622,3,9,"218211_s_at"
20260622,3,10,"200718_s_at"
20260622,3,11,"201231_s_at"
20260622,3,12,"214109_at"
20260622,3,13,"212099_at"
20260622,3,14,"203693_s_at"
20260622,3,15,"210052_s_at"
20260622,3,16,"219197_s_at"
20260622,3,17,"204822_at"
20260622,3,18,"201663_s_at"
20260622,3,19,"210084_x_at"
20260622,3,20,"202870_s_at"
20260622,3,21,"218886_at"
20260622,3,22,"209204_at"
20260622,3,23,"214164_x_at"
20260622,3,24,"218755_at"
20260622,3,25,"218663_at"
20260622,3,26,"216092_s_at"
20260622,3,27,"221203_s_at"
20260622,3,28,"210735_s_at"
20260622,3,29,"215867_x_at"
20260622,3,30,"214053_at"
20260622,3,31,"209114_at"
20260622,3,32,"221524_s_at"
20260622,3,33,"203702_s_at"
20260622,3,34,"202933_s_at"
20260622,3,35,"202589_at"
20260622,3,36,"212022_s_at"
20260622,3,37,"203066_at"
20260622,3,38,"200960_x_at"
20260622,3,39,"206392_s_at"
20260622,3,40,"201938_at"
20260622,3,41,"222275_at"
20260622,3,42,"202204_s_at"
20260622,3,43,"206391_at"
20260622,3,44,"214440_at"
20260622,3,45,"203963_at"
20260622,3,46,"214431_at"
20260622,3,47,"204623_at"
20260622,3,48,"209604_s_at"
20260622,3,49,"219051_x_at"
20260622,3,50,"210024_s_at"
20260622,3,51,"218483_s_at"
20260622,3,52,"209781_s_at"
20260622,3,53,"205074_at"
20260622,3,54,"206194_at"
20260622,3,55,"205509_at"
20260622,3,56,"203038_at"
20260622,3,57,"221872_at"
20260622,3,58,"204203_at"
20260622,3,59,"200052_s_at"
20260622,3,60,"222039_at"
20260622,3,61,"202240_at"
20260622,3,62,"218532_s_at"
20260622,3,63,"218259_at"
20260622,3,64,"203999_at"
20260622,3,65,"213476_x_at"
20260622,3,66,"200670_at"
20260622,3,67,"207030_s_at"
20260622,3,68,"202107_s_at"
20260622,3,69,"204962_s_at"
20260622,3,70,"209696_at"
20260622,3,71,"201407_s_at"
20260622,3,72,"218164_at"
20260622,3,73,"211714_x_at"
20260622,3,74,"202134_s_at"
20260622,3,75,"206869_at"
20260622,3,76,"210096_at"
20260622,3,77,"204023_at"
20260622,3,78,"216237_s_at"
20260622,3,79,"218542_at"
20260622,3,80,"203358_s_at"
20260622,3,81,"219752_at"
20260622,3,82,"208872_s_at"
20260622,3,83,"218868_at"
20260622,3,84,"209644_x_at"
20260622,3,85,"204400_at"
20260622,3,86,"218726_at"
20260622,3,87,"208873_s_at"
20260622,3,88,"212265_at"
20260622,3,89,"204012_s_at"
20260622,3,90,"202263_at"
20260622,3,91,"221934_s_at"
20260622,3,92,"221986_s_at"
20260622,3,93,"205122_at"
20260622,3,94,"206364_at"
20260622,3,95,"218009_s_at"
20260622,3,96,"202412_s_at"
20260622,3,97,"202088_at"
20260622,3,98,"202147_s_at"
20260622,3,99,"202932_at"
20260622,3,100,"209832_s_at"
20260622,4,1,"204750_s_at"
20260622,4,2,"204825_at"
20260622,4,3,"221986_s_at"
20260622,4,4,"203999_at"
20260622,4,5,"209832_s_at"
20260622,4,6,"205225_at"
20260622,4,7,"210084_x_at"
20260622,4,8,"222275_at"
20260622,4,9,"209204_at"
20260622,4,10,"213134_x_at"
20260622,4,11,"210052_s_at"
20260622,4,12,"213032_at"
20260622,4,13,"221872_at"
20260622,4,14,"221253_s_at"
20260622,4,15,"204822_at"
20260622,4,16,"203693_s_at"
20260622,4,17,"222039_at"
20260622,4,18,"218902_at"
20260622,4,19,"205548_s_at"
20260622,4,20,"203038_at"
20260622,4,21,"209289_at"
20260622,4,22,"201231_s_at"
20260622,4,23,"200718_s_at"
20260622,4,24,"206391_at"
20260622,4,25,"214440_at"
20260622,4,26,"212956_at"
20260622,4,27,"213029_at"
20260622,4,28,"206392_s_at"
20260622,4,29,"203702_s_at"
20260622,4,30,"218726_at"
20260622,4,31,"209290_s_at"
20260622,4,32,"209604_s_at"
20260622,4,33,"209623_at"
20260622,4,34,"206373_at"
20260622,4,35,"212099_at"
20260622,4,36,"212960_at"
20260622,4,37,"210074_at"
20260622,4,38,"206869_at"
20260622,4,39,"214431_at"
20260622,4,40,"219874_at"
20260622,4,41,"200934_at"
20260622,4,42,"219051_x_at"
20260622,4,43,"202035_s_at"
20260622,4,44,"221203_s_at"
20260622,4,45,"204400_at"
20260622,4,46,"209386_at"
20260622,4,47,"218350_s_at"
20260622,4,48,"216237_s_at"
20260622,4,49,"214428_x_at"
20260622,4,50,"200011_s_at"
20260622,4,51,"203418_at"
20260622,4,52,"204493_at"
20260622,4,53,"204315_s_at"
20260622,4,54,"221864_at"
20260622,4,55,"218532_s_at"
20260622,4,56,"206194_at"
20260622,4,57,"205696_s_at"
20260622,4,58,"208451_s_at"
20260622,4,59,"211466_at"
20260622,4,60,"202263_at"
20260622,4,61,"202134_s_at"
20260622,4,62,"201663_s_at"
20260622,4,63,"215034_s_at"
20260622,4,64,"202933_s_at"
20260622,4,65,"219686_at"
20260622,4,66,"202911_at"
20260622,4,67,"201970_s_at"
20260622,4,68,"209173_at"
20260622,4,69,"202107_s_at"
20260622,4,70,"202870_s_at"
20260622,4,71,"204962_s_at"
20260622,4,72,"218259_at"
20260622,4,73,"203066_at"
20260622,4,74,"212219_at"
20260622,4,75,"221524_s_at"
20260622,4,76,"221677_s_at"
20260622,4,77,"202341_s_at"
20260622,4,78,"220625_s_at"
20260622,4,79,"205339_at"
20260622,4,80,"216092_s_at"
20260622,4,81,"209114_at"
20260622,4,82,"209791_at"
20260622,4,83,"203712_at"
20260622,4,84,"219956_at"
20260622,4,85,"203397_s_at"
20260622,4,86,"210024_s_at"
20260622,4,87,"203786_s_at"
20260622,4,88,"218211_s_at"
20260622,4,89,"202589_at"
20260622,4,90,"216603_at"
20260622,4,91,"202240_at"
20260622,4,92,"201177_s_at"
20260622,4,93,"205597_at"
20260622,4,94,"201664_at"
20260622,4,95,"204304_s_at"
20260622,4,96,"212638_s_at"
20260622,4,97,"204023_at"
20260622,4,98,"209603_at"
20260622,4,99,"217744_s_at"
20260622,4,100,"209781_s_at"
20260622,5,1,"203999_at"
20260622,5,2,"210084_x_at"
20260622,5,3,"204750_s_at"
20260622,5,4,"205225_at"
20260622,5,5,"212099_at"
20260622,5,6,"213134_x_at"
20260622,5,7,"204825_at"
20260622,5,8,"205548_s_at"
20260622,5,9,"218902_at"
20260622,5,10,"212956_at"
20260622,5,11,"212960_at"
20260622,5,12,"209204_at"
20260622,5,13,"210052_s_at"
20260622,5,14,"209289_at"
20260622,5,15,"203702_s_at"
20260622,5,16,"214440_at"
20260622,5,17,"215034_s_at"
20260622,5,18,"200718_s_at"
20260622,5,19,"213032_at"
20260622,5,20,"209290_s_at"
20260622,5,21,"208451_s_at"
20260622,5,22,"202134_s_at"
20260622,5,23,"214428_x_at"
20260622,5,24,"203693_s_at"
20260622,5,25,"218211_s_at"
20260622,5,26,"202263_at"
20260622,5,27,"204012_s_at"
20260622,5,28,"213029_at"
20260622,5,29,"212492_s_at"
20260622,5,30,"220238_s_at"
20260622,5,31,"202870_s_at"
20260622,5,32,"219874_at"
20260622,5,33,"219051_x_at"
20260622,5,34,"216237_s_at"
20260622,5,35,"40093_at"
20260622,5,36,"203788_s_at"
20260622,5,37,"209604_s_at"
20260622,5,38,"209386_at"
20260622,5,39,"204822_at"
20260622,5,40,"204623_at"
20260622,5,41,"216092_s_at"
20260622,5,42,"209421_at"
20260622,5,43,"206194_at"
20260622,5,44,"209114_at"
20260622,5,45,"220239_at"
20260622,5,46,"210024_s_at"
20260622,5,47,"201231_s_at"
20260622,5,48,"208682_s_at"
20260622,5,49,"221872_at"
20260622,5,50,"209781_s_at"
20260622,5,51,"202752_x_at"
20260622,5,52,"221524_s_at"
20260622,5,53,"218259_at"
20260622,5,54,"200934_at"
20260622,5,55,"203143_s_at"
20260622,5,56,"222275_at"
20260622,5,57,"203397_s_at"
20260622,5,58,"206754_s_at"
20260622,5,59,"209122_at"
20260622,5,60,"203571_s_at"
20260622,5,61,"209408_at"
20260622,5,62,"209173_at"
20260622,5,63,"222039_at"
20260622,5,64,"206373_at"
20260622,5,65,"219197_s_at"
20260622,5,66,"209623_at"
20260622,5,67,"214431_at"
20260622,5,68,"201755_at"
20260622,5,69,"203712_at"
20260622,5,70,"218236_s_at"
20260622,5,71,"213249_at"
20260622,5,72,"212638_s_at"
20260622,5,73,"209832_s_at"
20260622,5,74,"209603_at"
20260622,5,75,"209644_x_at"
20260622,5,76,"221934_s_at"
20260622,5,77,"206392_s_at"
20260622,5,78,"202589_at"
20260622,5,79,"202035_s_at"
20260622,5,80,"200011_s_at"
20260622,5,81,"206391_at"
20260622,5,82,"218532_s_at"
20260622,5,83,"203038_at"
20260622,5,84,"222125_s_at"
20260622,5,85,"204667_at"
20260622,5,86,"213260_at"
20260622,5,87,"214053_at"
20260622,5,88,"211234_x_at"
20260622,5,89,"201754_at"
20260622,5,90,"202107_s_at"
20260622,5,91,"201563_at"
20260622,5,92,"212196_at"
20260622,5,93,"209387_s_at"
20260622,5,94,"203130_s_at"
20260622,5,95,"204962_s_at"
20260622,5,96,"211466_at"
20260622,5,97,"216603_at"
20260622,5,98,"207039_at"
20260622,5,99,"204775_at"
20260622,5,100,"220865_s_at"
20260623,1,1,"204750_s_at"
20260623,1,2,"210084_x_at"
20260623,1,3,"203999_at"
20260623,1,4,"205225_at"
20260623,1,5,"204400_at"
20260623,1,6,"209204_at"
20260623,1,7,"204825_at"
20260623,1,8,"212956_at"
20260623,1,9,"213032_at"
20260623,1,10,"213134_x_at"
20260623,1,11,"209289_at"
20260623,1,12,"202134_s_at"
20260623,1,13,"205548_s_at"
20260623,1,14,"222275_at"
20260623,1,15,"214431_at"
20260623,1,16,"209604_s_at"
20260623,1,17,"209290_s_at"
20260623,1,18,"206373_at"
20260623,1,19,"200718_s_at"
20260623,1,20,"212960_at"
20260623,1,21,"203397_s_at"
20260623,1,22,"213029_at"
20260623,1,23,"221524_s_at"
20260623,1,24,"214440_at"
20260623,1,25,"212099_at"
20260623,1,26,"203702_s_at"
20260623,1,27,"202870_s_at"
20260623,1,28,"203222_s_at"
20260623,1,29,"203693_s_at"
20260623,1,30,"209623_at"
20260623,1,31,"219051_x_at"
20260623,1,32,"208451_s_at"
20260623,1,33,"209122_at"
20260623,1,34,"200711_s_at"
20260623,1,35,"221986_s_at"
20260623,1,36,"212660_at"
20260623,1,37,"209781_s_at"
20260623,1,38,"212219_at"
20260623,1,39,"210052_s_at"
20260623,1,40,"214428_x_at"
20260623,1,41,"209603_at"
20260623,1,42,"212195_at"
20260623,1,43,"203038_at"
20260623,1,44,"214109_at"
20260623,1,45,"221203_s_at"
20260623,1,46,"220625_s_at"
20260623,1,47,"219752_at"
20260623,1,48,"209832_s_at"
20260623,1,49,"218532_s_at"
20260623,1,50,"210024_s_at"
20260623,1,51,"203256_at"
20260623,1,52,"214053_at"
20260623,1,53,"215034_s_at"
20260623,1,54,"201231_s_at"
20260623,1,55,"216092_s_at"
20260623,1,56,"204822_at"
20260623,1,57,"206391_at"
20260623,1,58,"219874_at"
20260623,1,59,"222039_at"
20260623,1,60,"206392_s_at"
20260623,1,61,"206194_at"
20260623,1,62,"221872_at"
20260623,1,63,"202762_at"
20260623,1,64,"205696_s_at"
20260623,1,65,"204881_s_at"
20260623,1,66,"217744_s_at"
20260623,1,67,"218976_at"
20260623,1,68,"209644_x_at"
20260623,1,69,"201938_at"
20260623,1,70,"204962_s_at"
20260623,1,71,"206754_s_at"
20260623,1,72,"218211_s_at"
20260623,1,73,"214164_x_at"
20260623,1,74,"212196_at"
20260623,1,75,"214004_s_at"
20260623,1,76,"204751_x_at"
20260623,1,77,"203712_at"
20260623,1,78,"213846_at"
20260623,1,79,"212638_s_at"
20260623,1,80,"203126_at"
20260623,1,81,"212492_s_at"
20260623,1,82,"204863_s_at"
20260623,1,83,"202263_at"
20260623,1,84,"221864_at"
20260623,1,85,"204315_s_at"
20260623,1,86,"203418_at"
20260623,1,87,"218902_at"
20260623,1,88,"220540_at"
20260623,1,89,"210735_s_at"
20260623,1,90,"202341_s_at"
20260623,1,91,"204012_s_at"
20260623,1,92,"202035_s_at"
20260623,1,93,"200052_s_at"
20260623,1,94,"203963_at"
20260623,1,95,"218259_at"
20260623,1,96,"204493_at"
20260623,1,97,"201754_at"
20260623,1,98,"210074_at"
20260623,1,99,"214745_at"
20260623,1,100,"208941_s_at"
20260623,2,1,"204750_s_at"
20260623,2,2,"204825_at"
20260623,2,3,"203999_at"
20260623,2,4,"219874_at"
20260623,2,5,"213134_x_at"
20260623,2,6,"215034_s_at"
20260623,2,7,"209204_at"
20260623,2,8,"205225_at"
20260623,2,9,"210084_x_at"
20260623,2,10,"209289_at"
20260623,2,11,"213029_at"
20260623,2,12,"202933_s_at"
20260623,2,13,"209644_x_at"
20260623,2,14,"213032_at"
20260623,2,15,"209386_at"
20260623,2,16,"205548_s_at"
20260623,2,17,"209290_s_at"
20260623,2,18,"203702_s_at"
20260623,2,19,"209781_s_at"
20260623,2,20,"206373_at"
20260623,2,21,"203693_s_at"
20260623,2,22,"209421_at"
20260623,2,23,"212099_at"
20260623,2,24,"216237_s_at"
20260623,2,25,"216685_s_at"
20260623,2,26,"203038_at"
20260623,2,27,"204775_at"
20260623,2,28,"209832_s_at"
20260623,2,29,"207039_at"
20260623,2,30,"206194_at"
20260623,2,31,"204822_at"
20260623,2,32,"221524_s_at"
20260623,2,33,"200718_s_at"
20260623,2,34,"210052_s_at"
20260623,2,35,"218902_at"
20260623,2,36,"213033_s_at"
20260623,2,37,"221872_at"
20260623,2,38,"218350_s_at"
20260623,2,39,"219051_x_at"
20260623,2,40,"209387_s_at"
20260623,2,41,"204400_at"
20260623,2,42,"221986_s_at"
20260623,2,43,"212960_at"
20260623,2,44,"210024_s_at"
20260623,2,45,"202762_at"
20260623,2,46,"218236_s_at"
20260623,2,47,"209604_s_at"
20260623,2,48,"214431_at"
20260623,2,49,"214440_at"
20260623,2,50,"217744_s_at"
20260623,2,51,"202932_at"
20260623,2,52,"204012_s_at"
20260623,2,53,"200960_x_at"
20260623,2,54,"206391_at"
20260623,2,55,"210740_s_at"
20260623,2,56,"216092_s_at"
20260623,2,57,"214746_s_at"
20260623,2,58,"202107_s_at"
20260623,2,59,"204050_s_at"
20260623,2,60,"209109_s_at"
20260623,2,61,"212956_at"
20260623,2,62,"209747_at"
20260623,2,63,"218211_s_at"
20260623,2,64,"209791_at"
20260623,2,65,"218532_s_at"
20260623,2,66,"202870_s_at"
20260623,2,67,"206392_s_at"
20260623,2,68,"201970_s_at"
20260623,2,69,"202134_s_at"
20260623,2,70,"219752_at"
20260623,2,71,"211466_at"
20260623,2,72,"221677_s_at"
20260623,2,73,"221207_s_at"
20260623,2,74,"205466_s_at"
20260623,2,75,"202035_s_at"
20260623,2,76,"218486_at"
20260623,2,77,"211467_s_at"
20260623,2,78,"214428_x_at"
20260623,2,79,"222039_at"
20260623,2,80,"205379_at"
20260623,2,81,"205696_s_at"
20260623,2,82,"40093_at"
20260623,2,83,"202589_at"
20260623,2,84,"210074_at"
20260623,2,85,"209122_at"
20260623,2,86,"208451_s_at"
20260623,2,87,"216295_s_at"
20260623,2,88,"208711_s_at"
20260623,2,89,"206023_at"
20260623,2,90,"204799_at"
20260623,2,91,"214106_s_at"
20260623,2,92,"204315_s_at"
20260623,2,93,"209623_at"
20260623,2,94,"203066_at"
20260623,2,95,"222275_at"
20260623,2,96,"221203_s_at"
20260623,2,97,"208616_s_at"
20260623,2,98,"203303_at"
20260623,2,99,"214053_at"
20260623,2,100,"207076_s_at"
20260623,3,1,"204825_at"
20260623,3,2,"209114_at"
20260623,3,3,"202263_at"
20260623,3,4,"200011_s_at"
20260623,3,5,"204750_s_at"
20260623,3,6,"200934_at"
20260623,3,7,"214440_at"
20260623,3,8,"209832_s_at"
20260623,3,9,"219051_x_at"
20260623,3,10,"203999_at"
20260623,3,11,"205225_at"
20260623,3,12,"219956_at"
20260623,3,13,"203693_s_at"
20260623,3,14,"210052_s_at"
20260623,3,15,"212099_at"
20260623,3,16,"221986_s_at"
20260623,3,17,"204822_at"
20260623,3,18,"205548_s_at"
20260623,3,19,"204315_s_at"
20260623,3,20,"218211_s_at"
20260623,3,21,"210084_x_at"
20260623,3,22,"213134_x_at"
20260623,3,23,"212638_s_at"
20260623,3,24,"214428_x_at"
20260623,3,25,"213032_at"
20260623,3,26,"216092_s_at"
20260623,3,27,"218902_at"
20260623,3,28,"212960_at"
20260623,3,29,"208451_s_at"
20260623,3,30,"218726_at"
20260623,3,31,"212330_at"
20260623,3,32,"212492_s_at"
20260623,3,33,"209644_x_at"
20260623,3,34,"211657_at"
20260623,3,35,"216237_s_at"
20260623,3,36,"212956_at"
20260623,3,37,"209289_at"
20260623,3,38,"219306_at"
20260623,3,39,"221864_at"
20260623,3,40,"204962_s_at"
20260623,3,41,"222275_at"
20260623,3,42,"205597_at"
20260623,3,43,"209122_at"
20260623,3,44,"203038_at"
20260623,3,45,"205201_at"
20260623,3,46,"221524_s_at"
20260623,3,47,"218394_at"
20260623,3,48,"211466_at"
20260623,3,49,"212265_at"
20260623,3,50,"212708_at"
20260623,3,51,"207039_at"
20260623,3,52,"213029_at"
20260623,3,53,"219268_at"
20260623,3,54,"202413_s_at"
20260623,3,55,"209290_s_at"
20260623,3,56,"201177_s_at"
20260623,3,57,"202107_s_at"
20260623,3,58,"206754_s_at"
20260623,3,59,"209623_at"
20260623,3,60,"214431_at"
20260623,3,61,"202911_at"
20260623,3,62,"202412_s_at"
20260623,3,63,"218755_at"
20260623,3,64,"211712_s_at"
20260623,3,65,"218259_at"
20260623,3,66,"202870_s_at"
20260623,3,67,"201930_at"
20260623,3,68,"221436_s_at"
20260623,3,69,"218542_at"
20260623,3,70,"212022_s_at"
20260623,3,71,"205347_s_at"
20260623,3,72,"214746_s_at"
20260623,3,73,"208022_s_at"
20260623,3,74,"212711_at"
20260623,3,75,"206194_at"
20260623,3,76,"200052_s_at"
20260623,3,77,"202589_at"
20260623,3,78,"218164_at"
20260623,3,79,"209604_s_at"
20260623,3,80,"222039_at"
20260623,3,81,"201884_at"
20260623,3,82,"209173_at"
20260623,3,83,"203126_at"
20260623,3,84,"203143_s_at"
20260623,3,85,"203788_s_at"
20260623,3,86,"210758_at"
20260623,3,87,"203615_x_at"
20260623,3,88,"218236_s_at"
20260623,3,89,"210085_s_at"
20260623,3,90,"204623_at"
20260623,3,91,"208682_s_at"
20260623,3,92,"204767_s_at"
20260623,3,93,"217725_x_at"
20260623,3,94,"202690_s_at"
20260623,3,95,"218009_s_at"
20260623,3,96,"206373_at"
20260623,3,97,"204400_at"
20260623,3,98,"207030_s_at"
20260623,3,99,"209408_at"
20260623,3,100,"205628_at"
20260623,4,1,"204750_s_at"
20260623,4,2,"205225_at"
20260623,4,3,"212960_at"
20260623,4,4,"204623_at"
20260623,4,5,"206392_s_at"
20260623,4,6,"212956_at"
20260623,4,7,"203693_s_at"
20260623,4,8,"218211_s_at"
20260623,4,9,"203702_s_at"
20260623,4,10,"210735_s_at"
20260623,4,11,"204825_at"
20260623,4,12,"214164_x_at"
20260623,4,13,"215867_x_at"
20260623,4,14,"206391_at"
20260623,4,15,"216092_s_at"
20260623,4,16,"200718_s_at"
20260623,4,17,"214440_at"
20260623,4,18,"219197_s_at"
20260623,4,19,"206194_at"
20260623,4,20,"221872_at"
20260623,4,21,"216381_x_at"
20260623,4,22,"205696_s_at"
20260623,4,23,"209623_at"
20260623,4,24,"205074_at"
20260623,4,25,"202341_s_at"
20260623,4,26,"209604_s_at"
20260623,4,27,"203963_at"
20260623,4,28,"218259_at"
20260623,4,29,"213134_x_at"
20260623,4,30,"212099_at"
20260623,4,31,"202088_at"
20260623,4,32,"201231_s_at"
20260623,4,33,"212638_s_at"
20260623,4,34,"202089_s_at"
20260623,4,35,"200052_s_at"
20260623,4,36,"212492_s_at"
20260623,4,37,"205548_s_at"
20260623,4,38,"210052_s_at"
20260623,4,39,"205009_at"
20260623,4,40,"204822_at"
20260623,4,41,"202870_s_at"
20260623,4,42,"209204_at"
20260623,4,43,"202134_s_at"
20260623,4,44,"212441_at"
20260623,4,45,"221203_s_at"
20260623,4,46,"221524_s_at"
20260623,4,47,"219051_x_at"
20260623,4,48,"222275_at"
20260623,4,49,"209173_at"
20260623,4,50,"205044_at"
20260623,4,51,"213032_at"
20260623,4,52,"216237_s_at"
20260623,4,53,"213523_at"
20260623,4,54,"204667_at"
20260623,4,55,"219752_at"
20260623,4,56,"221934_s_at"
20260623,4,57,"214428_x_at"
20260623,4,58,"209791_at"
20260623,4,59,"203358_s_at"
20260623,4,60,"202204_s_at"
20260623,4,61,"200670_at"
20260623,4,62,"218164_at"
20260623,4,63,"202342_s_at"
20260623,4,64,"202263_at"
20260623,4,65,"206469_x_at"
20260623,4,66,"206869_at"
20260623,4,67,"218236_s_at"
20260623,4,68,"201663_s_at"
20260623,4,69,"213564_x_at"
20260623,4,70,"214109_at"
20260623,4,71,"209289_at"
20260623,4,72,"201970_s_at"
20260623,4,73,"201938_at"
20260623,4,74,"202752_x_at"
20260623,4,75,"204508_s_at"
20260623,4,76,"208451_s_at"
20260623,4,77,"214053_at"
20260623,4,78,"213702_x_at"
20260623,4,79,"218976_at"
20260623,4,80,"208682_s_at"
20260623,4,81,"213029_at"
20260623,4,82,"218886_at"
20260623,4,83,"211466_at"
20260623,4,84,"203999_at"
20260623,4,85,"203066_at"
20260623,4,86,"201030_x_at"
20260623,4,87,"213260_at"
20260623,4,88,"202589_at"
20260623,4,89,"209191_at"
20260623,4,90,"221012_s_at"
20260623,4,91,"215034_s_at"
20260623,4,92,"210084_x_at"
20260623,4,93,"212022_s_at"
20260623,4,94,"200804_at"
20260623,4,95,"209290_s_at"
20260623,4,96,"219741_x_at"
20260623,4,97,"201795_at"
20260623,4,98,"210074_at"
20260623,4,99,"204304_s_at"
20260623,4,100,"219990_at"
20260623,5,1,"204750_s_at"
20260623,5,2,"204825_at"
20260623,5,3,"218532_s_at"
20260623,5,4,"210052_s_at"
20260623,5,5,"205548_s_at"
20260623,5,6,"210084_x_at"
20260623,5,7,"204822_at"
20260623,5,8,"205225_at"
20260623,5,9,"213134_x_at"
20260623,5,10,"201663_s_at"
20260623,5,11,"204962_s_at"
20260623,5,12,"218726_at"
20260623,5,13,"203702_s_at"
20260623,5,14,"214053_at"
20260623,5,15,"206869_at"
20260623,5,16,"212956_at"
20260623,5,17,"212099_at"
20260623,5,18,"203693_s_at"
20260623,5,19,"203418_at"
20260623,5,20,"206373_at"
20260623,5,21,"222039_at"
20260623,5,22,"214440_at"
20260623,5,23,"209623_at"
20260623,5,24,"203712_at"
20260623,5,25,"204914_s_at"
20260623,5,26,"209642_at"
20260623,5,27,"209408_at"
20260623,5,28,"222275_at"
20260623,5,29,"212960_at"
20260623,5,30,"200718_s_at"
20260623,5,31,"219051_x_at"
20260623,5,32,"220295_x_at"
20260623,5,33,"218259_at"
20260623,5,34,"220865_s_at"
20260623,5,35,"202589_at"
20260623,5,36,"221872_at"
20260623,5,37,"204012_s_at"
20260623,5,38,"218902_at"
20260623,5,39,"202870_s_at"
20260623,5,40,"209204_at"
20260623,5,41,"222118_at"
20260623,5,42,"220892_s_at"
20260623,5,43,"209604_s_at"
20260623,5,44,"202107_s_at"
20260623,5,45,"218211_s_at"
20260623,5,46,"203929_s_at"
20260623,5,47,"204203_at"
20260623,5,48,"221203_s_at"
20260623,5,49,"219197_s_at"
20260623,5,50,"201990_s_at"
20260623,5,51,"209832_s_at"
20260623,5,52,"214431_at"
20260623,5,53,"204493_at"
20260623,5,54,"206391_at"
20260623,5,55,"202240_at"
20260623,5,56,"209781_s_at"
20260623,5,57,"209114_at"
20260623,5,58,"201664_at"
20260623,5,59,"201231_s_at"
20260623,5,60,"212022_s_at"
20260623,5,61,"209289_at"
20260623,5,62,"218542_at"
20260623,5,63,"208517_x_at"
20260623,5,64,"206392_s_at"
20260623,5,65,"213032_at"
20260623,5,66,"214164_x_at"
20260623,5,67,"215034_s_at"
20260623,5,68,"200810_s_at"
20260623,5,69,"203066_at"
20260623,5,70,"203999_at"
20260623,5,71,"204767_s_at"
20260623,5,72,"201976_s_at"
20260623,5,73,"221677_s_at"
20260623,5,74,"221046_s_at"
20260623,5,75,"200783_s_at"
20260623,5,76,"221591_s_at"
20260623,5,77,"219983_at"
20260623,5,78,"204400_at"
20260623,5,79,"200811_at"
20260623,5,80,"205696_s_at"
20260623,5,81,"212638_s_at"
20260623,5,82,"216092_s_at"
20260623,5,83,"221864_at"
20260623,5,84,"212265_at"
20260623,5,85,"213226_at"
20260623,5,86,"215867_x_at"
20260623,5,87,"217839_at"
20260623,5,88,"209173_at"
20260623,5,89,"202134_s_at"
20260623,5,90,"203038_at"
20260623,5,91,"202933_s_at"
20260623,5,92,"221524_s_at"
20260623,5,93,"212020_s_at"
20260623,5,94,"219874_at"
20260623,5,95,"204023_at"
20260623,5,96,"212492_s_at"
20260623,5,97,"211901_s_at"
20260623,5,98,"222256_s_at"
20260623,5,99,"209644_x_at"
20260623,5,100,"203963_at"
20260624,1,1,"205225_at"
20260624,1,2,"203999_at"
20260624,1,3,"204750_s_at"
20260624,1,4,"204825_at"
20260624,1,5,"212960_at"
20260624,1,6,"218726_at"
20260624,1,7,"219197_s_at"
20260624,1,8,"218259_at"
20260624,1,9,"212956_at"
20260624,1,10,"220238_s_at"
20260624,1,11,"212099_at"
20260624,1,12,"210052_s_at"
20260624,1,13,"204822_at"
20260624,1,14,"200052_s_at"
20260624,1,15,"202263_at"
20260624,1,16,"212441_at"
20260624,1,17,"214428_x_at"
20260624,1,18,"200718_s_at"
20260624,1,19,"209604_s_at"
20260624,1,20,"208451_s_at"
20260624,1,21,"203702_s_at"
20260624,1,22,"204962_s_at"
20260624,1,23,"218211_s_at"
20260624,1,24,"209122_at"
20260624,1,25,"203693_s_at"
20260624,1,26,"202870_s_at"
20260624,1,27,"218755_at"
20260624,1,28,"216092_s_at"
20260624,1,29,"204623_at"
20260624,1,30,"209747_at"
20260624,1,31,"201755_at"
20260624,1,32,"213032_at"
20260624,1,33,"214109_at"
20260624,1,34,"205548_s_at"
20260624,1,35,"205201_at"
20260624,1,36,"203418_at"
20260624,1,37,"200934_at"
20260624,1,38,"218009_s_at"
20260624,1,39,"209623_at"
20260624,1,40,"209289_at"
20260624,1,41,"222118_at"
20260624,1,42,"213134_x_at"
20260624,1,43,"209114_at"
20260624,1,44,"210084_x_at"
20260624,1,45,"213029_at"
20260624,1,46,"205074_at"
20260624,1,47,"200881_s_at"
20260624,1,48,"219990_at"
20260624,1,49,"221864_at"
20260624,1,50,"212492_s_at"
20260624,1,51,"214164_x_at"
20260624,1,52,"212022_s_at"
20260624,1,53,"218902_at"
20260624,1,54,"209204_at"
20260624,1,55,"209290_s_at"
20260624,1,56,"201663_s_at"
20260624,1,57,"209644_x_at"
20260624,1,58,"214053_at"
20260624,1,59,"208682_s_at"
20260624,1,60,"206392_s_at"
20260624,1,61,"214440_at"
20260624,1,62,"204775_at"
20260624,1,63,"203963_at"
20260624,1,64,"219051_x_at"
20260624,1,65,"216237_s_at"
20260624,1,66,"202483_s_at"
20260624,1,67,"215867_x_at"
20260624,1,68,"214431_at"
20260624,1,69,"204203_at"
20260624,1,70,"209642_at"
20260624,1,71,"203126_at"
20260624,1,72,"202134_s_at"
20260624,1,73,"202589_at"
20260624,1,74,"202240_at"
20260624,1,75,"200711_s_at"
20260624,1,76,"203712_at"
20260624,1,77,"206373_at"
20260624,1,78,"211467_s_at"
20260624,1,79,"209464_at"
20260624,1,80,"202088_at"
20260624,1,81,"221872_at"
20260624,1,82,"210096_at"
20260624,1,83,"221524_s_at"
20260624,1,84,"204012_s_at"
20260624,1,85,"210735_s_at"
20260624,1,86,"218542_at"
20260624,1,87,"209603_at"
20260624,1,88,"206869_at"
20260624,1,89,"211235_s_at"
20260624,1,90,"201231_s_at"
20260624,1,91,"222275_at"
20260624,1,92,"209173_at"
20260624,1,93,"201930_at"
20260624,1,94,"204767_s_at"
20260624,1,95,"203143_s_at"
20260624,1,96,"40093_at"
20260624,1,97,"206391_at"
20260624,1,98,"202095_s_at"
20260624,1,99,"201563_at"
20260624,1,100,"221823_at"
20260624,2,1,"204750_s_at"
20260624,2,2,"210084_x_at"
20260624,2,3,"213134_x_at"
20260624,2,4,"203038_at"
20260624,2,5,"205548_s_at"
20260624,2,6,"205225_at"
20260624,2,7,"204825_at"
20260624,2,8,"215034_s_at"
20260624,2,9,"219874_at"
20260624,2,10,"203693_s_at"
20260624,2,11,"209386_at"
20260624,2,12,"203999_at"
20260624,2,13,"221524_s_at"
20260624,2,14,"219051_x_at"
20260624,2,15,"212099_at"
20260624,2,16,"204012_s_at"
20260624,2,17,"204400_at"
20260624,2,18,"222275_at"
20260624,2,19,"202035_s_at"
20260624,2,20,"221986_s_at"
20260624,2,21,"218902_at"
20260624,2,22,"212956_at"
20260624,2,23,"209204_at"
20260624,2,24,"218211_s_at"
20260624,2,25,"206194_at"
20260624,2,26,"203702_s_at"
20260624,2,27,"209387_s_at"
20260624,2,28,"213032_at"
20260624,2,29,"203263_s_at"
20260624,2,30,"200718_s_at"
20260624,2,31,"204623_at"
20260624,2,32,"212960_at"
20260624,2,33,"206869_at"
20260624,2,34,"205696_s_at"
20260624,2,35,"209114_at"
20260624,2,36,"214440_at"
20260624,2,37,"216092_s_at"
20260624,2,38,"209781_s_at"
20260624,2,39,"214431_at"
20260624,2,40,"209122_at"
20260624,2,41,"209289_at"
20260624,2,42,"209623_at"
20260624,2,43,"209173_at"
20260624,2,44,"221203_s_at"
20260624,2,45,"218394_at"
20260624,2,46,"213029_at"
20260624,2,47,"206754_s_at"
20260624,2,48,"205044_at"
20260624,2,49,"204775_at"
20260624,2,50,"209604_s_at"
20260624,2,51,"209290_s_at"
20260624,2,52,"201231_s_at"
20260624,2,53,"218259_at"
20260624,2,54,"222039_at"
20260624,2,55,"210074_at"
20260624,2,56,"213260_at"
20260624,2,57,"202134_s_at"
20260624,2,58,"210735_s_at"
20260624,2,59,"218532_s_at"
20260624,2,60,"210052_s_at"
20260624,2,61,"214109_at"
20260624,2,62,"204822_at"
20260624,2,63,"212492_s_at"
20260624,2,64,"214053_at"
20260624,2,65,"214164_x_at"
20260624,2,66,"204315_s_at"
20260624,2,67,"221872_at"
20260624,2,68,"207134_x_at"
20260624,2,69,"213033_s_at"
20260624,2,70,"202933_s_at"
20260624,2,71,"203397_s_at"
20260624,2,72,"221934_s_at"
20260624,2,73,"202263_at"
20260624,2,74,"222158_s_at"
20260624,2,75,"202762_at"
20260624,2,76,"204667_at"
20260624,2,77,"205597_at"
20260624,2,78,"209832_s_at"
20260624,2,79,"218236_s_at"
20260624,2,80,"204493_at"
20260624,2,81,"203571_s_at"
20260624,2,82,"217979_at"
20260624,2,83,"203226_s_at"
20260624,2,84,"215867_x_at"
20260624,2,85,"221864_at"
20260624,2,86,"209366_x_at"
20260624,2,87,"203963_at"
20260624,2,88,"212265_at"
20260624,2,89,"208022_s_at"
20260624,2,90,"202870_s_at"
20260624,2,91,"204914_s_at"
20260624,2,92,"207843_x_at"
20260624,2,93,"212638_s_at"
20260624,2,94,"204600_at"
20260624,2,95,"202341_s_at"
20260624,2,96,"200934_at"
20260624,2,97,"203712_at"
20260624,2,98,"219956_at"
20260624,2,99,"219741_x_at"
20260624,2,100,"210024_s_at"
20260624,3,1,"204825_at"
20260624,3,2,"214440_at"
20260624,3,3,"205225_at"
20260624,3,4,"205548_s_at"
20260624,3,5,"210084_x_at"
20260624,3,6,"210052_s_at"
20260624,3,7,"212099_at"
20260624,3,8,"213134_x_at"
20260624,3,9,"204750_s_at"
20260624,3,10,"204822_at"
20260624,3,11,"219051_x_at"
20260624,3,12,"212956_at"
20260624,3,13,"212960_at"
20260624,3,14,"202107_s_at"
20260624,3,15,"209289_at"
20260624,3,16,"203693_s_at"
20260624,3,17,"209623_at"
20260624,3,18,"210085_s_at"
20260624,3,19,"204315_s_at"
20260624,3,20,"209832_s_at"
20260624,3,21,"221524_s_at"
20260624,3,22,"201930_at"
20260624,3,23,"222039_at"
20260624,3,24,"213032_at"
20260624,3,25,"209290_s_at"
20260624,3,26,"209408_at"
20260624,3,27,"218902_at"
20260624,3,28,"209604_s_at"
20260624,3,29,"218532_s_at"
20260624,3,30,"213029_at"
20260624,3,31,"209114_at"
20260624,3,32,"203999_at"
20260624,3,33,"203702_s_at"
20260624,3,34,"206373_at"
20260624,3,35,"212638_s_at"
20260624,3,36,"216237_s_at"
20260624,3,37,"204962_s_at"
20260624,3,38,"218726_at"
20260624,3,39,"202911_at"
20260624,3,40,"208451_s_at"
20260624,3,41,"218211_s_at"
20260624,3,42,"221677_s_at"
20260624,3,43,"221436_s_at"
20260624,3,44,"214428_x_at"
20260624,3,45,"212265_at"
20260624,3,46,"202589_at"
20260624,3,47,"221864_at"
20260624,3,48,"212330_at"
20260624,3,49,"211466_at"
20260624,3,50,"200718_s_at"
20260624,3,51,"219752_at"
20260624,3,52,"212492_s_at"
20260624,3,53,"218542_at"
20260624,3,54,"209204_at"
20260624,3,55,"206754_s_at"
20260624,3,56,"202933_s_at"
20260624,3,57,"207039_at"
20260624,3,58,"45633_at"
20260624,3,59,"213523_at"
20260624,3,60,"220865_s_at"
20260624,3,61,"218355_at"
20260624,3,62,"209603_at"
20260624,3,63,"216092_s_at"
20260624,3,64,"203143_s_at"
20260624,3,65,"213226_at"
20260624,3,66,"202263_at"
20260624,3,67,"212196_at"
20260624,3,68,"200934_at"
20260624,3,69,"202240_at"
20260624,3,70,"201970_s_at"
20260624,3,71,"203963_at"
20260624,3,72,"203712_at"
20260624,3,73,"222275_at"
20260624,3,74,"219983_at"
20260624,3,75,"214164_x_at"
20260624,3,76,"212022_s_at"
20260624,3,77,"201555_at"
20260624,3,78,"202870_s_at"
20260624,3,79,"203418_at"
20260624,3,80,"210024_s_at"
20260624,3,81,"201177_s_at"
20260624,3,82,"218259_at"
20260624,3,83,"205347_s_at"
20260624,3,84,"212195_at"
20260624,3,85,"202088_at"
20260624,3,86,"219306_at"
20260624,3,87,"219874_at"
20260624,3,88,"214053_at"
20260624,3,89,"209644_x_at"
20260624,3,90,"213249_at"
20260624,3,91,"201938_at"
20260624,3,92,"204567_s_at"
20260624,3,93,"210735_s_at"
20260624,3,94,"209421_at"
20260624,3,95,"215867_x_at"
20260624,3,96,"201231_s_at"
20260624,3,97,"206391_at"
20260624,3,98,"209781_s_at"
20260624,3,99,"201976_s_at"
20260624,3,100,"218236_s_at"
20260624,4,1,"204750_s_at"
20260624,4,2,"221986_s_at"
20260624,4,3,"209204_at"
20260624,4,4,"204825_at"
20260624,4,5,"203693_s_at"
20260624,4,6,"206194_at"
20260624,4,7,"210084_x_at"
20260624,4,8,"206373_at"
20260624,4,9,"201407_s_at"
20260624,4,10,"215034_s_at"
20260624,4,11,"213134_x_at"
20260624,4,12,"222275_at"
20260624,4,13,"205225_at"
20260624,4,14,"204822_at"
20260624,4,15,"200718_s_at"
20260624,4,16,"209386_at"
20260624,4,17,"209421_at"
20260624,4,18,"218236_s_at"
20260624,4,19,"205548_s_at"
20260624,4,20,"203999_at"
20260624,4,21,"202870_s_at"
20260624,4,22,"216092_s_at"
20260624,4,23,"204400_at"
20260624,4,24,"203702_s_at"
20260624,4,25,"221258_s_at"
20260624,4,26,"218211_s_at"
20260624,4,27,"209623_at"
20260624,4,28,"218886_at"
20260624,4,29,"218486_at"
20260624,4,30,"201938_at"
20260624,4,31,"201663_s_at"
20260624,4,32,"206392_s_at"
20260624,4,33,"210052_s_at"
20260624,4,34,"203038_at"
20260624,4,35,"214428_x_at"
20260624,4,36,"202134_s_at"
20260624,4,37,"202933_s_at"
20260624,4,38,"210024_s_at"
20260624,4,39,"204962_s_at"
20260624,4,40,"219051_x_at"
20260624,4,41,"216237_s_at"
20260624,4,42,"212956_at"
20260624,4,43,"214440_at"
20260624,4,44,"201970_s_at"
20260624,4,45,"212099_at"
20260624,4,46,"214431_at"
20260624,4,47,"208451_s_at"
20260624,4,48,"202341_s_at"
20260624,4,49,"222039_at"
20260624,4,50,"200934_at"
20260624,4,51,"202762_at"
20260624,4,52,"206391_at"
20260624,4,53,"212960_at"
20260624,4,54,"202107_s_at"
20260624,4,55,"205696_s_at"
20260624,4,56,"221872_at"
20260624,4,57,"213032_at"
20260624,4,58,"204493_at"
20260624,4,59,"203397_s_at"
20260624,4,60,"215623_x_at"
20260624,4,61,"209289_at"
20260624,4,62,"221203_s_at"
20260624,4,63,"205074_at"
20260624,4,64,"202752_x_at"
20260624,4,65,"209781_s_at"
20260624,4,66,"214053_at"
20260624,4,67,"209387_s_at"
20260624,4,68,"204240_s_at"
20260624,4,69,"207134_x_at"
20260624,4,70,"209832_s_at"
20260624,4,71,"204775_at"
20260624,4,72,"201231_s_at"
20260624,4,73,"200052_s_at"
20260624,4,74,"218868_at"
20260624,4,75,"213523_at"
20260624,4,76,"209290_s_at"
20260624,4,77,"211450_s_at"
20260624,4,78,"202412_s_at"
20260624,4,79,"217744_s_at"
20260624,4,80,"209644_x_at"
20260624,4,81,"203066_at"
20260624,4,82,"221934_s_at"
20260624,4,83,"202932_at"
20260624,4,84,"221524_s_at"
20260624,4,85,"202589_at"
20260624,4,86,"209604_s_at"
20260624,4,87,"213029_at"
20260624,4,88,"210074_at"
20260624,4,89,"219874_at"
20260624,4,90,"215867_x_at"
20260624,4,91,"216603_at"
20260624,4,92,"40093_at"
20260624,4,93,"200011_s_at"
20260624,4,94,"213699_s_at"
20260624,4,95,"211467_s_at"
20260624,4,96,"214164_x_at"
20260624,4,97,"204315_s_at"
20260624,4,98,"212638_s_at"
20260624,4,99,"206869_at"
20260624,4,100,"211466_at"
20260624,5,1,"204750_s_at"
20260624,5,2,"205225_at"
20260624,5,3,"209644_x_at"
20260624,5,4,"204825_at"
20260624,5,5,"206392_s_at"
20260624,5,6,"206391_at"
20260624,5,7,"213032_at"
20260624,5,8,"204304_s_at"
20260624,5,9,"212956_at"
20260624,5,10,"221872_at"
20260624,5,11,"214440_at"
20260624,5,12,"212960_at"
20260624,5,13,"205696_s_at"
20260624,5,14,"209289_at"
20260624,5,15,"203702_s_at"
20260624,5,16,"204400_at"
20260624,5,17,"213134_x_at"
20260624,5,18,"212638_s_at"
20260624,5,19,"205548_s_at"
20260624,5,20,"207039_at"
20260624,5,21,"210084_x_at"
20260624,5,22,"210052_s_at"
20260624,5,23,"206373_at"
20260624,5,24,"214745_at"
20260624,5,25,"203999_at"
20260624,5,26,"213029_at"
20260624,5,27,"209290_s_at"
20260624,5,28,"222275_at"
20260624,5,29,"214431_at"
20260624,5,30,"209604_s_at"
20260624,5,31,"203038_at"
20260624,5,32,"203693_s_at"
20260624,5,33,"216381_x_at"
20260624,5,34,"202263_at"
20260624,5,35,"202134_s_at"
20260624,5,36,"207011_s_at"
20260624,5,37,"212492_s_at"
20260624,5,38,"203637_s_at"
20260624,5,39,"202870_s_at"
20260624,5,40,"201231_s_at"
20260624,5,41,"219051_x_at"
20260624,5,42,"204822_at"
20260624,5,43,"209832_s_at"
20260624,5,44,"218211_s_at"
20260624,5,45,"202035_s_at"
20260624,5,46,"209204_at"
20260624,5,47,"205009_at"
20260624,5,48,"215034_s_at"
20260624,5,49,"208941_s_at"
20260624,5,50,"221524_s_at"
20260624,5,51,"214109_at"
20260624,5,52,"209791_at"
20260624,5,53,"212330_at"
20260624,5,54,"208650_s_at"
20260624,5,55,"221203_s_at"
20260624,5,56,"212219_at"
20260624,5,57,"203066_at"
20260624,5,58,"200718_s_at"
20260624,5,59,"206869_at"
20260624,5,60,"204623_at"
20260624,5,61,"209781_s_at"
20260624,5,62,"208711_s_at"
20260624,5,63,"212099_at"
20260624,5,64,"209122_at"
20260624,5,65,"216092_s_at"
20260624,5,66,"205347_s_at"
20260624,5,67,"219752_at"
20260624,5,68,"218532_s_at"
20260624,5,69,"214164_x_at"
20260624,5,70,"210735_s_at"
20260624,5,71,"208712_at"
20260624,5,72,"209623_at"
20260624,5,73,"201970_s_at"
20260624,5,74,"203397_s_at"
20260624,5,75,"213260_at"
20260624,5,76,"209443_at"
20260624,5,77,"220625_s_at"
20260624,5,78,"221012_s_at"
20260624,5,79,"209603_at"
20260624,5,80,"200011_s_at"
20260624,5,81,"214053_at"
20260624,5,82,"218259_at"
20260624,5,83,"221986_s_at"
20260624,5,84,"209173_at"
20260624,5,85,"206754_s_at"
20260624,5,86,"218976_at"
20260624,5,87,"211466_at"
20260624,5,88,"216237_s_at"
20260624,5,89,"206469_x_at"
20260624,5,90,"218726_at"
20260624,5,91,"212022_s_at"
20260624,5,92,"215867_x_at"
20260624,5,93,"202240_at"
20260624,5,94,"203963_at"
20260624,5,95,"201754_at"
20260624,5,96,"203692_s_at"
20260624,5,97,"209386_at"
20260624,5,98,"202341_s_at"
20260624,5,99,"206194_at"
20260624,5,100,"208022_s_at"
20260625,1,1,"204825_at"
20260625,1,2,"210052_s_at"
20260625,1,3,"204750_s_at"
20260625,1,4,"210084_x_at"
20260625,1,5,"209204_at"
20260625,1,6,"209781_s_at"
20260625,1,7,"205225_at"
20260625,1,8,"202870_s_at"
20260625,1,9,"213134_x_at"
20260625,1,10,"202263_at"
20260625,1,11,"205548_s_at"
20260625,1,12,"203702_s_at"
20260625,1,13,"203397_s_at"
20260625,1,14,"209386_at"
20260625,1,15,"215034_s_at"
20260625,1,16,"202134_s_at"
20260625,1,17,"204822_at"
20260625,1,18,"209387_s_at"
20260625,1,19,"203999_at"
20260625,1,20,"200718_s_at"
20260625,1,21,"219752_at"
20260625,1,22,"216237_s_at"
20260625,1,23,"203693_s_at"
20260625,1,24,"204400_at"
20260625,1,25,"222275_at"
20260625,1,26,"203038_at"
20260625,1,27,"214428_x_at"
20260625,1,28,"208451_s_at"
20260625,1,29,"222039_at"
20260625,1,30,"202240_at"
20260625,1,31,"209604_s_at"
20260625,1,32,"204315_s_at"
20260625,1,33,"206194_at"
20260625,1,34,"203418_at"
20260625,1,35,"217714_x_at"
20260625,1,36,"216092_s_at"
20260625,1,37,"202589_at"
20260625,1,38,"212956_at"
20260625,1,39,"201231_s_at"
20260625,1,40,"218726_at"
20260625,1,41,"212099_at"
20260625,1,42,"209644_x_at"
20260625,1,43,"209832_s_at"
20260625,1,44,"214440_at"
20260625,1,45,"218902_at"
20260625,1,46,"217744_s_at"
20260625,1,47,"221203_s_at"
20260625,1,48,"204203_at"
20260625,1,49,"221864_at"
20260625,1,50,"219051_x_at"
20260625,1,51,"204962_s_at"
20260625,1,52,"208650_s_at"
20260625,1,53,"222118_at"
20260625,1,54,"212022_s_at"
20260625,1,55,"202107_s_at"
20260625,1,56,"200052_s_at"
20260625,1,57,"209408_at"
20260625,1,58,"209421_at"
20260625,1,59,"218259_at"
20260625,1,60,"212960_at"
20260625,1,61,"204240_s_at"
20260625,1,62,"214431_at"
20260625,1,63,"204493_at"
20260625,1,64,"209623_at"
20260625,1,65,"207134_x_at"
20260625,1,66,"218211_s_at"
20260625,1,67,"212330_at"
20260625,1,68,"203066_at"
20260625,1,69,"214109_at"
20260625,1,70,"221986_s_at"
20260625,1,71,"213032_at"
20260625,1,72,"219197_s_at"
20260625,1,73,"201177_s_at"
20260625,1,74,"209464_at"
20260625,1,75,"218542_at"
20260625,1,76,"214053_at"
20260625,1,77,"209122_at"
20260625,1,78,"205696_s_at"
20260625,1,79,"210024_s_at"
20260625,1,80,"201970_s_at"
20260625,1,81,"201291_s_at"
20260625,1,82,"204767_s_at"
20260625,1,83,"205339_at"
20260625,1,84,"219874_at"
20260625,1,85,"218486_at"
20260625,1,86,"209289_at"
20260625,1,87,"221922_at"
20260625,1,88,"203712_at"
20260625,1,89,"208711_s_at"
20260625,1,90,"202483_s_at"
20260625,1,91,"203126_at"
20260625,1,92,"201930_at"
20260625,1,93,"202752_x_at"
20260625,1,94,"212638_s_at"
20260625,1,95,"208941_s_at"
20260625,1,96,"213523_at"
20260625,1,97,"218755_at"
20260625,1,98,"204012_s_at"
20260625,1,99,"220892_s_at"
20260625,1,100,"218532_s_at"
20260625,2,1,"204750_s_at"
20260625,2,2,"205225_at"
20260625,2,3,"212960_at"
20260625,2,4,"209122_at"
20260625,2,5,"204825_at"
20260625,2,6,"205696_s_at"
20260625,2,7,"206392_s_at"
20260625,2,8,"221872_at"
20260625,2,9,"204623_at"
20260625,2,10,"204822_at"
20260625,2,11,"206391_at"
20260625,2,12,"221524_s_at"
20260625,2,13,"211235_s_at"
20260625,2,14,"206373_at"
20260625,2,15,"212956_at"
20260625,2,16,"209204_at"
20260625,2,17,"213032_at"
20260625,2,18,"203693_s_at"
20260625,2,19,"213029_at"
20260625,2,20,"210084_x_at"
20260625,2,21,"219051_x_at"
20260625,2,22,"200718_s_at"
20260625,2,23,"206869_at"
20260625,2,24,"212638_s_at"
20260625,2,25,"209289_at"
20260625,2,26,"210052_s_at"
20260625,2,27,"205548_s_at"
20260625,2,28,"204962_s_at"
20260625,2,29,"213134_x_at"
20260625,2,30,"209290_s_at"
20260625,2,31,"218259_at"
20260625,2,32,"218856_at"
20260625,2,33,"222275_at"
20260625,2,34,"214053_at"
20260625,2,35,"209604_s_at"
20260625,2,36,"216092_s_at"
20260625,2,37,"203999_at"
20260625,2,38,"202870_s_at"
20260625,2,39,"218211_s_at"
20260625,2,40,"218755_at"
20260625,2,41,"210735_s_at"
20260625,2,42,"202341_s_at"
20260625,2,43,"201231_s_at"
20260625,2,44,"214440_at"
20260625,2,45,"212099_at"
20260625,2,46,"200934_at"
20260625,2,47,"212492_s_at"
20260625,2,48,"205009_at"
20260625,2,49,"215867_x_at"
20260625,2,50,"202204_s_at"
20260625,2,51,"204751_x_at"
20260625,2,52,"203702_s_at"
20260625,2,53,"211714_x_at"
20260625,2,54,"214164_x_at"
20260625,2,55,"214109_at"
20260625,2,56,"214431_at"
20260625,2,57,"218902_at"
20260625,2,58,"209791_at"
20260625,2,59,"216381_x_at"
20260625,2,60,"221046_s_at"
20260625,2,61,"209832_s_at"
20260625,2,62,"203963_at"
20260625,2,63,"212265_at"
20260625,2,64,"204400_at"
20260625,2,65,"204304_s_at"
20260625,2,66,"210074_at"
20260625,2,67,"202134_s_at"
20260625,2,68,"202107_s_at"
20260625,2,69,"202589_at"
20260625,2,70,"202263_at"
20260625,2,71,"219197_s_at"
20260625,2,72,"205347_s_at"
20260625,2,73,"219874_at"
20260625,2,74,"204012_s_at"
20260625,2,75,"221203_s_at"
20260625,2,76,"203692_s_at"
20260625,2,77,"218164_at"
20260625,2,78,"50965_at"
20260625,2,79,"213476_x_at"
20260625,2,80,"202088_at"
20260625,2,81,"205186_at"
20260625,2,82,"203418_at"
20260625,2,83,"209623_at"
20260625,2,84,"209026_x_at"
20260625,2,85,"202089_s_at"
20260625,2,86,"221736_at"
20260625,2,87,"212692_s_at"
20260625,2,88,"202240_at"
20260625,2,89,"203066_at"
20260625,2,90,"216603_at"
20260625,2,91,"221986_s_at"
20260625,2,92,"212330_at"
20260625,2,93,"205044_at"
20260625,2,94,"219752_at"
20260625,2,95,"218394_at"
20260625,2,96,"210024_s_at"
20260625,2,97,"202412_s_at"
20260625,2,98,"211234_x_at"
20260625,2,99,"202035_s_at"
20260625,2,100,"210096_at"
20260625,3,1,"203999_at"
20260625,3,2,"210084_x_at"
20260625,3,3,"205225_at"
20260625,3,4,"204750_s_at"
20260625,3,5,"213134_x_at"
20260625,3,6,"205548_s_at"
20260625,3,7,"204825_at"
20260625,3,8,"221986_s_at"
20260625,3,9,"206373_at"
20260625,3,10,"209204_at"
20260625,3,11,"209289_at"
20260625,3,12,"203702_s_at"
20260625,3,13,"213032_at"
20260625,3,14,"209290_s_at"
20260625,3,15,"212956_at"
20260625,3,16,"212960_at"
20260625,3,17,"204775_at"
20260625,3,18,"212099_at"
20260625,3,19,"214440_at"
20260625,3,20,"213029_at"
20260625,3,21,"204400_at"
20260625,3,22,"214431_at"
20260625,3,23,"222275_at"
20260625,3,24,"206754_s_at"
20260625,3,25,"200718_s_at"
20260625,3,26,"202933_s_at"
20260625,3,27,"201231_s_at"
20260625,3,28,"221677_s_at"
20260625,3,29,"203038_at"
20260625,3,30,"212195_at"
20260625,3,31,"208022_s_at"
20260625,3,32,"219051_x_at"
20260625,3,33,"203397_s_at"
20260625,3,34,"210052_s_at"
20260625,3,35,"203693_s_at"
20260625,3,36,"221524_s_at"
20260625,3,37,"209781_s_at"
20260625,3,38,"212196_at"
20260625,3,39,"216685_s_at"
20260625,3,40,"202870_s_at"
20260625,3,41,"219686_at"
20260625,3,42,"206391_at"
20260625,3,43,"209604_s_at"
20260625,3,44,"204822_at"
20260625,3,45,"218211_s_at"
20260625,3,46,"204012_s_at"
20260625,3,47,"209644_x_at"
20260625,3,48,"221872_at"
20260625,3,49,"218350_s_at"
20260625,3,50,"203712_at"
20260625,3,51,"217744_s_at"
20260625,3,52,"209623_at"
20260625,3,53,"205379_at"
20260625,3,54,"219874_at"
20260625,3,55,"222039_at"
20260625,3,56,"212638_s_at"
20260625,3,57,"218532_s_at"
20260625,3,58,"212660_at"
20260625,3,59,"210024_s_at"
20260625,3,60,"202589_at"
20260625,3,61,"202263_at"
20260625,3,62,"206194_at"
20260625,3,63,"211466_at"
20260625,3,64,"206392_s_at"
20260625,3,65,"209832_s_at"
20260625,3,66,"218259_at"
20260625,3,67,"204799_at"
20260625,3,68,"216092_s_at"
20260625,3,69,"212492_s_at"
20260625,3,70,"218236_s_at"
20260625,3,71,"208451_s_at"
20260625,3,72,"214428_x_at"
20260625,3,73,"209603_at"
20260625,3,74,"203066_at"
20260625,3,75,"218034_at"
20260625,3,76,"202762_at"
20260625,3,77,"205201_at"
20260625,3,78,"218902_at"
20260625,3,79,"216237_s_at"
20260625,3,80,"202134_s_at"
20260625,3,81,"214109_at"
20260625,3,82,"219752_at"
20260625,3,83,"207039_at"
20260625,3,84,"220865_s_at"
20260625,3,85,"200934_at"
20260625,3,86,"203143_s_at"
20260625,3,87,"202107_s_at"
20260625,3,88,"202932_at"
20260625,3,89,"222125_s_at"
20260625,3,90,"209791_at"
20260625,3,91,"201754_at"
20260625,3,92,"211234_x_at"
20260625,3,93,"204962_s_at"
20260625,3,94,"206102_at"
20260625,3,95,"214053_at"
20260625,3,96,"221253_s_at"
20260625,3,97,"218726_at"
20260625,3,98,"218009_s_at"
20260625,3,99,"200011_s_at"
20260625,3,100,"205696_s_at"
20260625,4,1,"204750_s_at"
20260625,4,2,"204825_at"
20260625,4,3,"209623_at"
20260625,4,4,"205225_at"
20260625,4,5,"221524_s_at"
20260625,4,6,"214440_at"
20260625,4,7,"214428_x_at"
20260625,4,8,"204822_at"
20260625,4,9,"213134_x_at"
20260625,4,10,"208451_s_at"
20260625,4,11,"210052_s_at"
20260625,4,12,"218726_at"
20260625,4,13,"203999_at"
20260625,4,14,"210084_x_at"
20260625,4,15,"216603_at"
20260625,4,16,"219051_x_at"
20260625,4,17,"203693_s_at"
20260625,4,18,"216092_s_at"
20260625,4,19,"218211_s_at"
20260625,4,20,"205548_s_at"
20260625,4,21,"212099_at"
20260625,4,22,"209114_at"
20260625,4,23,"215034_s_at"
20260625,4,24,"204315_s_at"
20260625,4,25,"216237_s_at"
20260625,4,26,"203702_s_at"
20260625,4,27,"212956_at"
20260625,4,28,"221203_s_at"
20260625,4,29,"220238_s_at"
20260625,4,30,"209604_s_at"
20260625,4,31,"221934_s_at"
20260625,4,32,"203143_s_at"
20260625,4,33,"201938_at"
20260625,4,34,"204962_s_at"
20260625,4,35,"209642_at"
20260625,4,36,"206754_s_at"
20260625,4,37,"201755_at"
20260625,4,38,"218886_at"
20260625,4,39,"205074_at"
20260625,4,40,"203929_s_at"
20260625,4,41,"206391_at"
20260625,4,42,"209289_at"
20260625,4,43,"218236_s_at"
20260625,4,44,"212960_at"
20260625,4,45,"218542_at"
20260625,4,46,"206392_s_at"
20260625,4,47,"202483_s_at"
20260625,4,48,"209366_x_at"
20260625,4,49,"213032_at"
20260625,4,50,"214164_x_at"
20260625,4,51,"207843_x_at"
20260625,4,52,"213029_at"
20260625,4,53,"203038_at"
20260625,4,54,"219874_at"
20260625,4,55,"222039_at"
20260625,4,56,"222275_at"
20260625,4,57,"202870_s_at"
20260625,4,58,"209290_s_at"
20260625,4,59,"204203_at"
20260625,4,60,"200934_at"
20260625,4,61,"217640_x_at"
20260625,4,62,"203418_at"
20260625,4,63,"222118_at"
20260625,4,64,"202589_at"
20260625,4,65,"202134_s_at"
20260625,4,66,"215867_x_at"
20260625,4,67,"210758_at"
20260625,4,68,"212492_s_at"
20260625,4,69,"206194_at"
20260625,4,70,"210074_at"
20260625,4,71,"200718_s_at"
20260625,4,72,"219752_at"
20260625,4,73,"200052_s_at"
20260625,4,74,"212022_s_at"
20260625,4,75,"201663_s_at"
20260625,4,76,"203963_at"
20260625,4,77,"222158_s_at"
20260625,4,78,"208103_s_at"
20260625,4,79,"218259_at"
20260625,4,80,"210735_s_at"
20260625,4,81,"221872_at"
20260625,4,82,"209644_x_at"
20260625,4,83,"221258_s_at"
20260625,4,84,"212638_s_at"
20260625,4,85,"200755_s_at"
20260625,4,86,"209408_at"
20260625,4,87,"209122_at"
20260625,4,88,"215726_s_at"
20260625,4,89,"207039_at"
20260625,4,90,"204400_at"
20260625,4,91,"201231_s_at"
20260625,4,92,"205201_at"
20260625,4,93,"213226_at"
20260625,4,94,"212708_at"
20260625,4,95,"218483_s_at"
20260625,4,96,"214431_at"
20260625,4,97,"218902_at"
20260625,4,98,"204023_at"
20260625,4,99,"204493_at"
20260625,4,100,"40016_g_at"
20260625,5,1,"203693_s_at"
20260625,5,2,"205225_at"
20260625,5,3,"204750_s_at"
20260625,5,4,"212956_at"
20260625,5,5,"212099_at"
20260625,5,6,"205548_s_at"
20260625,5,7,"204825_at"
20260625,5,8,"220540_at"
20260625,5,9,"218211_s_at"
20260625,5,10,"214440_at"
20260625,5,11,"218532_s_at"
20260625,5,12,"206194_at"
20260625,5,13,"213032_at"
20260625,5,14,"209114_at"
20260625,5,15,"212960_at"
20260625,5,16,"209644_x_at"
20260625,5,17,"201563_at"
20260625,5,18,"205597_at"
20260625,5,19,"213134_x_at"
20260625,5,20,"215034_s_at"
20260625,5,21,"209173_at"
20260625,5,22,"213249_at"
20260625,5,23,"210084_x_at"
20260625,5,24,"203702_s_at"
20260625,5,25,"201970_s_at"
20260625,5,26,"219051_x_at"
20260625,5,27,"206869_at"
20260625,5,28,"209289_at"
20260625,5,29,"203999_at"
20260625,5,30,"212265_at"
20260625,5,31,"209386_at"
20260625,5,32,"218902_at"
20260625,5,33,"208682_s_at"
20260625,5,34,"213029_at"
20260625,5,35,"209604_s_at"
20260625,5,36,"222275_at"
20260625,5,37,"214164_x_at"
20260625,5,38,"209290_s_at"
20260625,5,39,"212492_s_at"
20260625,5,40,"214053_at"
20260625,5,41,"211466_at"
20260625,5,42,"204623_at"
20260625,5,43,"200718_s_at"
20260625,5,44,"207039_at"
20260625,5,45,"218236_s_at"
20260625,5,46,"210052_s_at"
20260625,5,47,"215867_x_at"
20260625,5,48,"209832_s_at"
20260625,5,49,"209443_at"
20260625,5,50,"203963_at"
20260625,5,51,"216092_s_at"
20260625,5,52,"214431_at"
20260625,5,53,"206373_at"
20260625,5,54,"221864_at"
20260625,5,55,"204822_at"
20260625,5,56,"209623_at"
20260625,5,57,"216237_s_at"
20260625,5,58,"214428_x_at"
20260625,5,59,"203712_at"
20260625,5,60,"202341_s_at"
20260625,5,61,"212638_s_at"
20260625,5,62,"219197_s_at"
20260625,5,63,"208451_s_at"
20260625,5,64,"210735_s_at"
20260625,5,65,"205696_s_at"
20260625,5,66,"218164_at"
20260625,5,67,"218259_at"
20260625,5,68,"204667_at"
20260625,5,69,"202263_at"
20260625,5,70,"222039_at"
20260625,5,71,"201663_s_at"
20260625,5,72,"40093_at"
20260625,5,73,"210758_at"
20260625,5,74,"205009_at"
20260625,5,75,"203038_at"
20260625,5,76,"200670_at"
20260625,5,77,"205044_at"
20260625,5,78,"209387_s_at"
20260625,5,79,"205074_at"
20260625,5,80,"202134_s_at"
20260625,5,81,"203130_s_at"
20260625,5,82,"219956_at"
20260625,5,83,"216685_s_at"
20260625,5,84,"209421_at"
20260625,5,85,"200052_s_at"
20260625,5,86,"200011_s_at"
20260625,5,87,"210024_s_at"
20260625,5,88,"221986_s_at"
20260625,5,89,"201923_at"
20260625,5,90,"204012_s_at"
20260625,5,91,"205296_at"
20260625,5,92,"220238_s_at"
20260625,5,93,"209204_at"
20260625,5,94,"221872_at"
20260625,5,95,"211712_s_at"
20260625,5,96,"206392_s_at"
20260625,5,97,"211084_x_at"
20260625,5,98,"205081_at"
20260625,5,99,"202870_s_at"
20260625,5,100,"221823_at"
20260626,1,1,"204825_at"
20260626,1,2,"210084_x_at"
20260626,1,3,"204750_s_at"
20260626,1,4,"205225_at"
20260626,1,5,"213134_x_at"
20260626,1,6,"208451_s_at"
20260626,1,7,"205548_s_at"
20260626,1,8,"215034_s_at"
20260626,1,9,"209781_s_at"
20260626,1,10,"204822_at"
20260626,1,11,"209204_at"
20260626,1,12,"214428_x_at"
20260626,1,13,"209386_at"
20260626,1,14,"214440_at"
20260626,1,15,"203999_at"
20260626,1,16,"219752_at"
20260626,1,17,"209387_s_at"
20260626,1,18,"212956_at"
20260626,1,19,"211466_at"
20260626,1,20,"210052_s_at"
20260626,1,21,"209623_at"
20260626,1,22,"204400_at"
20260626,1,23,"209832_s_at"
20260626,1,24,"203693_s_at"
20260626,1,25,"209408_at"
20260626,1,26,"213032_at"
20260626,1,27,"204315_s_at"
20260626,1,28,"204962_s_at"
20260626,1,29,"208650_s_at"
20260626,1,30,"218259_at"
20260626,1,31,"200718_s_at"
20260626,1,32,"203702_s_at"
20260626,1,33,"218211_s_at"
20260626,1,34,"209289_at"
20260626,1,35,"209604_s_at"
20260626,1,36,"202870_s_at"
20260626,1,37,"212960_at"
20260626,1,38,"222039_at"
20260626,1,39,"221864_at"
20260626,1,40,"219197_s_at"
20260626,1,41,"202134_s_at"
20260626,1,42,"219051_x_at"
20260626,1,43,"209122_at"
20260626,1,44,"221203_s_at"
20260626,1,45,"202263_at"
20260626,1,46,"218902_at"
20260626,1,47,"221524_s_at"
20260626,1,48,"218726_at"
20260626,1,49,"218236_s_at"
20260626,1,50,"216092_s_at"
20260626,1,51,"212099_at"
20260626,1,52,"203038_at"
20260626,1,53,"213029_at"
20260626,1,54,"221934_s_at"
20260626,1,55,"206391_at"
20260626,1,56,"203712_at"
20260626,1,57,"209421_at"
20260626,1,58,"217744_s_at"
20260626,1,59,"212492_s_at"
20260626,1,60,"209290_s_at"
20260626,1,61,"204493_at"
20260626,1,62,"214431_at"
20260626,1,63,"221986_s_at"
20260626,1,64,"218542_at"
20260626,1,65,"206373_at"
20260626,1,66,"200960_x_at"
20260626,1,67,"206869_at"
20260626,1,68,"206392_s_at"
20260626,1,69,"203788_s_at"
20260626,1,70,"218486_at"
20260626,1,71,"214053_at"
20260626,1,72,"209114_at"
20260626,1,73,"221872_at"
20260626,1,74,"202911_at"
20260626,1,75,"203929_s_at"
20260626,1,76,"212195_at"
20260626,1,77,"201177_s_at"
20260626,1,78,"219874_at"
20260626,1,79,"200934_at"
20260626,1,80,"203397_s_at"
20260626,1,81,"203418_at"
20260626,1,82,"202762_at"
20260626,1,83,"222275_at"
20260626,1,84,"212196_at"
20260626,1,85,"205201_at"
20260626,1,86,"204203_at"
20260626,1,87,"200011_s_at"
20260626,1,88,"266_s_at"
20260626,1,89,"202107_s_at"
20260626,1,90,"200052_s_at"
20260626,1,91,"202933_s_at"
20260626,1,92,"206754_s_at"
20260626,1,93,"202752_x_at"
20260626,1,94,"211084_x_at"
20260626,1,95,"207011_s_at"
20260626,1,96,"204012_s_at"
20260626,1,97,"203066_at"
20260626,1,98,"221677_s_at"
20260626,1,99,"209644_x_at"
20260626,1,100,"214164_x_at"
20260626,2,1,"205225_at"
20260626,2,2,"212960_at"
20260626,2,3,"210052_s_at"
20260626,2,4,"203999_at"
20260626,2,5,"204825_at"
20260626,2,6,"204623_at"
20260626,2,7,"212956_at"
20260626,2,8,"204750_s_at"
20260626,2,9,"216092_s_at"
20260626,2,10,"204822_at"
20260626,2,11,"209204_at"
20260626,2,12,"202870_s_at"
20260626,2,13,"212492_s_at"
20260626,2,14,"213032_at"
20260626,2,15,"218726_at"
20260626,2,16,"209642_at"
20260626,2,17,"211235_s_at"
20260626,2,18,"204962_s_at"
20260626,2,19,"218755_at"
20260626,2,20,"202263_at"
20260626,2,21,"219197_s_at"
20260626,2,22,"212099_at"
20260626,2,23,"203702_s_at"
20260626,2,24,"218211_s_at"
20260626,2,25,"206392_s_at"
20260626,2,26,"212638_s_at"
20260626,2,27,"219051_x_at"
20260626,2,28,"204767_s_at"
20260626,2,29,"205548_s_at"
20260626,2,30,"209289_at"
20260626,2,31,"214431_at"
20260626,2,32,"210084_x_at"
20260626,2,33,"213029_at"
20260626,2,34,"222118_at"
20260626,2,35,"203693_s_at"
20260626,2,36,"202589_at"
20260626,2,37,"209604_s_at"
20260626,2,38,"213134_x_at"
20260626,2,39,"209122_at"
20260626,2,40,"201663_s_at"
20260626,2,41,"209290_s_at"
20260626,2,42,"200934_at"
20260626,2,43,"214164_x_at"
20260626,2,44,"206391_at"
20260626,2,45,"220238_s_at"
20260626,2,46,"214109_at"
20260626,2,47,"205009_at"
20260626,2,48,"202240_at"
20260626,2,49,"214440_at"
20260626,2,50,"210735_s_at"
20260626,2,51,"202089_s_at"
20260626,2,52,"215867_x_at"
20260626,2,53,"221872_at"
20260626,2,54,"209623_at"
20260626,2,55,"204023_at"
20260626,2,56,"214053_at"
20260626,2,57,"202088_at"
20260626,2,58,"212022_s_at"
20260626,2,59,"201755_at"
20260626,2,60,"218902_at"
20260626,2,61,"218259_at"
20260626,2,62,"202752_x_at"
20260626,2,63,"200052_s_at"
20260626,2,64,"221864_at"
20260626,2,65,"209832_s_at"
20260626,2,66,"201923_at"
20260626,2,67,"209644_x_at"
20260626,2,68,"205696_s_at"
20260626,2,69,"201231_s_at"
20260626,2,70,"203963_at"
20260626,2,71,"202134_s_at"
20260626,2,72,"203126_at"
20260626,2,73,"212441_at"
20260626,2,74,"200718_s_at"
20260626,2,75,"216237_s_at"
20260626,2,76,"220651_s_at"
20260626,2,77,"200750_s_at"
20260626,2,78,"209408_at"
20260626,2,79,"209464_at"
20260626,2,80,"220865_s_at"
20260626,2,81,"218009_s_at"
20260626,2,82,"205201_at"
20260626,2,83,"209173_at"
20260626,2,84,"208941_s_at"
20260626,2,85,"209603_at"
20260626,2,86,"202107_s_at"
20260626,2,87,"221203_s_at"
20260626,2,88,"209443_at"
20260626,2,89,"205074_at"
20260626,2,90,"201970_s_at"
20260626,2,91,"219734_at"
20260626,2,92,"212692_s_at"
20260626,2,93,"204667_at"
20260626,2,94,"211466_at"
20260626,2,95,"203712_at"
20260626,2,96,"204203_at"
20260626,2,97,"218542_at"
20260626,2,98,"214428_x_at"
20260626,2,99,"201291_s_at"
20260626,2,100,"200670_at"
20260626,3,1,"204750_s_at"
20260626,3,2,"205225_at"
20260626,3,3,"204825_at"
20260626,3,4,"212956_at"
20260626,3,5,"203999_at"
20260626,3,6,"200718_s_at"
20260626,3,7,"212960_at"
20260626,3,8,"212099_at"
20260626,3,9,"212330_at"
20260626,3,10,"214440_at"
20260626,3,11,"213032_at"
20260626,3,12,"209289_at"
20260626,3,13,"209290_s_at"
20260626,3,14,"213134_x_at"
20260626,3,15,"205548_s_at"
20260626,3,16,"222275_at"
20260626,3,17,"221524_s_at"
20260626,3,18,"210084_x_at"
20260626,3,19,"212638_s_at"
20260626,3,20,"206869_at"
20260626,3,21,"209204_at"
20260626,3,22,"201754_at"
20260626,3,23,"216237_s_at"
20260626,3,24,"213029_at"
20260626,3,25,"210052_s_at"
20260626,3,26,"209604_s_at"
20260626,3,27,"202870_s_at"
20260626,3,28,"206373_at"
20260626,3,29,"219874_at"
20260626,3,30,"201231_s_at"
20260626,3,31,"203693_s_at"
20260626,3,32,"218902_at"
20260626,3,33,"206391_at"
20260626,3,34,"221203_s_at"
20260626,3,35,"209832_s_at"
20260626,3,36,"219051_x_at"
20260626,3,37,"221872_at"
20260626,3,38,"206754_s_at"
20260626,3,39,"204623_at"
20260626,3,40,"203929_s_at"
20260626,3,41,"209781_s_at"
20260626,3,42,"206392_s_at"
20260626,3,43,"209623_at"
20260626,3,44,"203038_at"
20260626,3,45,"203702_s_at"
20260626,3,46,"209603_at"
20260626,3,47,"203963_at"
20260626,3,48,"202088_at"
20260626,3,49,"218976_at"
20260626,3,50,"205009_at"
20260626,3,51,"219752_at"
20260626,3,52,"204822_at"
20260626,3,53,"207039_at"
20260626,3,54,"219956_at"
20260626,3,55,"204400_at"
20260626,3,56,"209173_at"
20260626,3,57,"218211_s_at"
20260626,3,58,"202107_s_at"
20260626,3,59,"209114_at"
20260626,3,60,"218726_at"
20260626,3,61,"204315_s_at"
20260626,3,62,"212441_at"
20260626,3,63,"209644_x_at"
20260626,3,64,"204605_at"
20260626,3,65,"214053_at"
20260626,3,66,"212195_at"
20260626,3,67,"206194_at"
20260626,3,68,"218259_at"
20260626,3,69,"214164_x_at"
20260626,3,70,"202089_s_at"
20260626,3,71,"200011_s_at"
20260626,3,72,"218640_s_at"
20260626,3,73,"202263_at"
20260626,3,74,"210074_at"
20260626,3,75,"204012_s_at"
20260626,3,76,"217191_x_at"
20260626,3,77,"200670_at"
20260626,3,78,"214431_at"
20260626,3,79,"208617_s_at"
20260626,3,80,"212265_at"
20260626,3,81,"212492_s_at"
20260626,3,82,"216092_s_at"
20260626,3,83,"201938_at"
20260626,3,84,"215867_x_at"
20260626,3,85,"210735_s_at"
20260626,3,86,"203130_s_at"
20260626,3,87,"221986_s_at"
20260626,3,88,"203397_s_at"
20260626,3,89,"219806_s_at"
20260626,3,90,"201970_s_at"
20260626,3,91,"205186_at"
20260626,3,92,"220540_at"
20260626,3,93,"219686_at"
20260626,3,94,"211233_x_at"
20260626,3,95,"200711_s_at"
20260626,3,96,"214109_at"
20260626,3,97,"203256_at"
20260626,3,98,"212219_at"
20260626,3,99,"205696_s_at"
20260626,3,100,"202134_s_at"
20260626,4,1,"208022_s_at"
20260626,4,2,"204750_s_at"
20260626,4,3,"202933_s_at"
20260626,4,4,"209644_x_at"
20260626,4,5,"204825_at"
20260626,4,6,"206194_at"
20260626,4,7,"203702_s_at"
20260626,4,8,"202293_at"
20260626,4,9,"203693_s_at"
20260626,4,10,"216685_s_at"
20260626,4,11,"204775_at"
20260626,4,12,"205548_s_at"
20260626,4,13,"205225_at"
20260626,4,14,"213134_x_at"
20260626,4,15,"222275_at"
20260626,4,16,"216092_s_at"
20260626,4,17,"202932_at"
20260626,4,18,"218211_s_at"
20260626,4,19,"207039_at"
20260626,4,20,"209623_at"
20260626,4,21,"221524_s_at"
20260626,4,22,"210084_x_at"
20260626,4,23,"218236_s_at"
20260626,4,24,"203038_at"
20260626,4,25,"200052_s_at"
20260626,4,26,"200755_s_at"
20260626,4,27,"210024_s_at"
20260626,4,28,"202134_s_at"
20260626,4,29,"212960_at"
20260626,4,30,"210052_s_at"
20260626,4,31,"212330_at"
20260626,4,32,"213523_at"
20260626,4,33,"210074_at"
20260626,4,34,"212099_at"
20260626,4,35,"222039_at"
20260626,4,36,"212956_at"
20260626,4,37,"201938_at"
20260626,4,38,"204061_at"
20260626,4,39,"204822_at"
20260626,4,40,"204012_s_at"
20260626,4,41,"205044_at"
20260626,4,42,"214431_at"
20260626,4,43,"203066_at"
20260626,4,44,"203999_at"
20260626,4,45,"201231_s_at"
20260626,4,46,"204493_at"
20260626,4,47,"216603_at"
20260626,4,48,"216237_s_at"
20260626,4,49,"209289_at"
20260626,4,50,"206392_s_at"
20260626,4,51,"209290_s_at"
20260626,4,52,"214440_at"
20260626,4,53,"209109_s_at"
20260626,4,54,"218868_at"
20260626,4,55,"205696_s_at"
20260626,4,56,"219051_x_at"
20260626,4,57,"218886_at"
20260626,4,58,"202483_s_at"
20260626,4,59,"213032_at"
20260626,4,60,"218532_s_at"
20260626,4,61,"213029_at"
20260626,4,62,"213260_at"
20260626,4,63,"202412_s_at"
20260626,4,64,"208854_s_at"
20260626,4,65,"219874_at"
20260626,4,66,"214428_x_at"
20260626,4,67,"200718_s_at"
20260626,4,68,"204400_at"
20260626,4,69,"206391_at"
20260626,4,70,"221872_at"
20260626,4,71,"209204_at"
20260626,4,72,"205466_s_at"
20260626,4,73,"202589_at"
20260626,4,74,"212638_s_at"
20260626,4,75,"209604_s_at"
20260626,4,76,"218259_at"
20260626,4,77,"206373_at"
20260626,4,78,"203126_at"
20260626,4,79,"209122_at"
20260626,4,80,"205347_s_at"
20260626,4,81,"209173_at"
20260626,4,82,"220625_s_at"
20260626,4,83,"218902_at"
20260626,4,84,"209114_at"
20260626,4,85,"202870_s_at"
20260626,4,86,"203712_at"
20260626,4,87,"214109_at"
20260626,4,88,"204315_s_at"
20260626,4,89,"201030_x_at"
20260626,4,90,"208451_s_at"
20260626,4,91,"218394_at"
20260626,4,92,"221986_s_at"
20260626,4,93,"218937_at"
20260626,4,94,"213564_x_at"
20260626,4,95,"222031_at"
20260626,4,96,"202341_s_at"
20260626,4,97,"217744_s_at"
20260626,4,98,"200881_s_at"
20260626,4,99,"203358_s_at"
20260626,4,100,"218486_at"
20260626,5,1,"204750_s_at"
20260626,5,2,"210084_x_at"
20260626,5,3,"221986_s_at"
20260626,5,4,"204825_at"
20260626,5,5,"212099_at"
20260626,5,6,"206373_at"
20260626,5,7,"203693_s_at"
20260626,5,8,"205225_at"
20260626,5,9,"218532_s_at"
20260626,5,10,"213134_x_at"
20260626,5,11,"214440_at"
20260626,5,12,"204400_at"
20260626,5,13,"219051_x_at"
20260626,5,14,"205548_s_at"
20260626,5,15,"204751_x_at"
20260626,5,16,"215034_s_at"
20260626,5,17,"222275_at"
20260626,5,18,"203702_s_at"
20260626,5,19,"200718_s_at"
20260626,5,20,"204822_at"
20260626,5,21,"209604_s_at"
20260626,5,22,"212956_at"
20260626,5,23,"206194_at"
20260626,5,24,"210052_s_at"
20260626,5,25,"203038_at"
20260626,5,26,"213032_at"
20260626,5,27,"209386_at"
20260626,5,28,"212960_at"
20260626,5,29,"219956_at"
20260626,5,30,"209289_at"
20260626,5,31,"218211_s_at"
20260626,5,32,"221524_s_at"
20260626,5,33,"205696_s_at"
20260626,5,34,"202341_s_at"
20260626,5,35,"214164_x_at"
20260626,5,36,"209832_s_at"
20260626,5,37,"222039_at"
20260626,5,38,"204962_s_at"
20260626,5,39,"203999_at"
20260626,5,40,"218236_s_at"
20260626,5,41,"218164_at"
20260626,5,42,"213249_at"
20260626,5,43,"215867_x_at"
20260626,5,44,"200934_at"
20260626,5,45,"214431_at"
20260626,5,46,"213029_at"
20260626,5,47,"209421_at"
20260626,5,48,"201663_s_at"
20260626,5,49,"209290_s_at"
20260626,5,50,"210024_s_at"
20260626,5,51,"202263_at"
20260626,5,52,"203418_at"
20260626,5,53,"201231_s_at"
20260626,5,54,"214428_x_at"
20260626,5,55,"214053_at"
20260626,5,56,"201407_s_at"
20260626,5,57,"209114_at"
20260626,5,58,"203963_at"
20260626,5,59,"202933_s_at"
20260626,5,60,"209387_s_at"
20260626,5,61,"202134_s_at"
20260626,5,62,"208451_s_at"
20260626,5,63,"220540_at"
20260626,5,64,"209623_at"
20260626,5,65,"210735_s_at"
20260626,5,66,"206023_at"
20260626,5,67,"212265_at"
20260626,5,68,"218350_s_at"
20260626,5,69,"218259_at"
20260626,5,70,"218902_at"
20260626,5,71,"202107_s_at"
20260626,5,72,"221872_at"
20260626,5,73,"221934_s_at"
20260626,5,74,"201970_s_at"
20260626,5,75,"204914_s_at"
20260626,5,76,"203571_s_at"
20260626,5,77,"217744_s_at"
20260626,5,78,"221591_s_at"
20260626,5,79,"209204_at"
20260626,5,80,"206869_at"
20260626,5,81,"216237_s_at"
20260626,5,82,"211712_s_at"
20260626,5,83,"212638_s_at"
20260626,5,84,"209791_at"
20260626,5,85,"214746_s_at"
20260626,5,86,"203397_s_at"
20260626,5,87,"211084_x_at"
20260626,5,88,"204240_s_at"
20260626,5,89,"202932_at"
20260626,5,90,"209122_at"
20260626,5,91,"204886_at"
20260626,5,92,"222125_s_at"
20260626,5,93,"205339_at"
20260626,5,94,"216092_s_at"
20260626,5,95,"203712_at"
20260626,5,96,"212492_s_at"
20260626,5,97,"218542_at"
20260626,5,98,"202589_at"
20260626,5,99,"215729_s_at"
20260626,5,100,"203226_s_at"
20260627,1,1,"210052_s_at"
20260627,1,2,"204825_at"
20260627,1,3,"205225_at"
20260627,1,4,"204750_s_at"
20260627,1,5,"202589_at"
20260627,1,6,"203999_at"
20260627,1,7,"204822_at"
20260627,1,8,"212960_at"
20260627,1,9,"210084_x_at"
20260627,1,10,"218726_at"
20260627,1,11,"201231_s_at"
20260627,1,12,"209204_at"
20260627,1,13,"213134_x_at"
20260627,1,14,"218755_at"
20260627,1,15,"222118_at"
20260627,1,16,"202870_s_at"
20260627,1,17,"212956_at"
20260627,1,18,"204318_s_at"
20260627,1,19,"203693_s_at"
20260627,1,20,"221677_s_at"
20260627,1,21,"204775_at"
20260627,1,22,"205548_s_at"
20260627,1,23,"219197_s_at"
20260627,1,24,"214431_at"
20260627,1,25,"218902_at"
20260627,1,26,"222039_at"
20260627,1,27,"209408_at"
20260627,1,28,"209642_at"
20260627,1,29,"209781_s_at"
20260627,1,30,"200718_s_at"
20260627,1,31,"203418_at"
20260627,1,32,"218009_s_at"
20260627,1,33,"204962_s_at"
20260627,1,34,"201663_s_at"
20260627,1,35,"204023_at"
20260627,1,36,"203702_s_at"
20260627,1,37,"202240_at"
20260627,1,38,"221524_s_at"
20260627,1,39,"212022_s_at"
20260627,1,40,"201755_at"
20260627,1,41,"204767_s_at"
20260627,1,42,"212099_at"
20260627,1,43,"202095_s_at"
20260627,1,44,"214053_at"
20260627,1,45,"219874_at"
20260627,1,46,"205339_at"
20260627,1,47,"202107_s_at"
20260627,1,48,"206102_at"
20260627,1,49,"200934_at"
20260627,1,50,"218355_at"
20260627,1,51,"201291_s_at"
20260627,1,52,"215034_s_at"
20260627,1,53,"200750_s_at"
20260627,1,54,"202263_at"
20260627,1,55,"209623_at"
20260627,1,56,"204203_at"
20260627,1,57,"203712_at"
20260627,1,58,"221986_s_at"
20260627,1,59,"216237_s_at"
20260627,1,60,"216092_s_at"
20260627,1,61,"219051_x_at"
20260627,1,62,"214109_at"
20260627,1,63,"209604_s_at"
20260627,1,64,"204146_at"
20260627,1,65,"218211_s_at"
20260627,1,66,"218542_at"
20260627,1,67,"209122_at"
20260627,1,68,"222275_at"
20260627,1,69,"202134_s_at"
20260627,1,70,"214440_at"
20260627,1,71,"208682_s_at"
20260627,1,72,"209173_at"
20260627,1,73,"206869_at"
20260627,1,74,"209421_at"
20260627,1,75,"209289_at"
20260627,1,76,"210074_at"
20260627,1,77,"201664_at"
20260627,1,78,"202752_x_at"
20260627,1,79,"221203_s_at"
20260627,1,80,"206364_at"
20260627,1,81,"213032_at"
20260627,1,82,"214164_x_at"
20260627,1,83,"212441_at"
20260627,1,84,"202911_at"
20260627,1,85,"221922_at"
20260627,1,86,"221641_s_at"
20260627,1,87,"221864_at"
20260627,1,88,"218259_at"
20260627,1,89,"209603_at"
20260627,1,90,"212692_s_at"
20260627,1,91,"210024_s_at"
20260627,1,92,"200811_at"
20260627,1,93,"220865_s_at"
20260627,1,94,"220239_at"
20260627,1,95,"201778_s_at"
20260627,1,96,"201292_at"
20260627,1,97,"202089_s_at"
20260627,1,98,"201795_at"
20260627,1,99,"202088_at"
20260627,1,100,"209290_s_at"
20260627,2,1,"205548_s_at"
20260627,2,2,"204750_s_at"
20260627,2,3,"206373_at"
20260627,2,4,"205225_at"
20260627,2,5,"204825_at"
20260627,2,6,"213134_x_at"
20260627,2,7,"204400_at"
20260627,2,8,"219051_x_at"
20260627,2,9,"203702_s_at"
20260627,2,10,"214440_at"
20260627,2,11,"203693_s_at"
20260627,2,12,"205696_s_at"
20260627,2,13,"212960_at"
20260627,2,14,"212099_at"
20260627,2,15,"218532_s_at"
20260627,2,16,"209289_at"
20260627,2,17,"218486_at"
20260627,2,18,"213032_at"
20260627,2,19,"217744_s_at"
20260627,2,20,"204822_at"
20260627,2,21,"219752_at"
20260627,2,22,"222275_at"
20260627,2,23,"212956_at"
20260627,2,24,"221872_at"
20260627,2,25,"206391_at"
20260627,2,26,"202933_s_at"
20260627,2,27,"213029_at"
20260627,2,28,"206392_s_at"
20260627,2,29,"209791_at"
20260627,2,30,"209623_at"
20260627,2,31,"210084_x_at"
20260627,2,32,"209204_at"
20260627,2,33,"221046_s_at"
20260627,2,34,"209290_s_at"
20260627,2,35,"203999_at"
20260627,2,36,"218236_s_at"
20260627,2,37,"200718_s_at"
20260627,2,38,"218164_at"
20260627,2,39,"209387_s_at"
20260627,2,40,"209604_s_at"
20260627,2,41,"209832_s_at"
20260627,2,42,"221934_s_at"
20260627,2,43,"215034_s_at"
20260627,2,44,"214053_at"
20260627,2,45,"210740_s_at"
20260627,2,46,"221986_s_at"
20260627,2,47,"200052_s_at"
20260627,2,48,"214164_x_at"
20260627,2,49,"220625_s_at"
20260627,2,50,"213249_at"
20260627,2,51,"216092_s_at"
20260627,2,52,"212265_at"
20260627,2,53,"203397_s_at"
20260627,2,54,"210052_s_at"
20260627,2,55,"201407_s_at"
20260627,2,56,"209122_at"
20260627,2,57,"219983_at"
20260627,2,58,"203963_at"
20260627,2,59,"203712_at"
20260627,2,60,"209109_s_at"
20260627,2,61,"204962_s_at"
20260627,2,62,"218211_s_at"
20260627,2,63,"202134_s_at"
20260627,2,64,"215867_x_at"
20260627,2,65,"219874_at"
20260627,2,66,"204751_x_at"
20260627,2,67,"202204_s_at"
20260627,2,68,"209747_at"
20260627,2,69,"221524_s_at"
20260627,2,70,"209644_x_at"
20260627,2,71,"218259_at"
20260627,2,72,"205347_s_at"
20260627,2,73,"209386_at"
20260627,2,74,"212638_s_at"
20260627,2,75,"201177_s_at"
20260627,2,76,"217839_at"
20260627,2,77,"219984_s_at"
20260627,2,78,"221864_at"
20260627,2,79,"203038_at"
20260627,2,80,"218726_at"
20260627,2,81,"202870_s_at"
20260627,2,82,"210735_s_at"
20260627,2,83,"221207_s_at"
20260627,2,84,"212492_s_at"
20260627,2,85,"222039_at"
20260627,2,86,"205008_s_at"
20260627,2,87,"203226_s_at"
20260627,2,88,"210024_s_at"
20260627,2,89,"214496_x_at"
20260627,2,90,"202107_s_at"
20260627,2,91,"202263_at"
20260627,2,92,"202932_at"
20260627,2,93,"202762_at"
20260627,2,94,"200934_at"
20260627,2,95,"209114_at"
20260627,2,96,"204304_s_at"
20260627,2,97,"40093_at"
20260627,2,98,"214431_at"
20260627,2,99,"201231_s_at"
20260627,2,100,"218902_at"
20260627,3,1,"204750_s_at"
20260627,3,2,"204825_at"
20260627,3,3,"206194_at"
20260627,3,4,"205225_at"
20260627,3,5,"210024_s_at"
20260627,3,6,"212638_s_at"
20260627,3,7,"218211_s_at"
20260627,3,8,"203702_s_at"
20260627,3,9,"209623_at"
20260627,3,10,"212956_at"
20260627,3,11,"204623_at"
20260627,3,12,"218164_at"
20260627,3,13,"216092_s_at"
20260627,3,14,"216237_s_at"
20260627,3,15,"204822_at"
20260627,3,16,"210052_s_at"
20260627,3,17,"216381_x_at"
20260627,3,18,"212099_at"
20260627,3,19,"212960_at"
20260627,3,20,"205548_s_at"
20260627,3,21,"203693_s_at"
20260627,3,22,"204012_s_at"
20260627,3,23,"213134_x_at"
20260627,3,24,"202263_at"
20260627,3,25,"200052_s_at"
20260627,3,26,"209122_at"
20260627,3,27,"221524_s_at"
20260627,3,28,"203999_at"
20260627,3,29,"210084_x_at"
20260627,3,30,"209204_at"
20260627,3,31,"213032_at"
20260627,3,32,"200718_s_at"
20260627,3,33,"214440_at"
20260627,3,34,"209604_s_at"
20260627,3,35,"219051_x_at"
20260627,3,36,"212492_s_at"
20260627,3,37,"204493_at"
20260627,3,38,"205074_at"
20260627,3,39,"216685_s_at"
20260627,3,40,"206392_s_at"
20260627,3,41,"214109_at"
20260627,3,42,"214428_x_at"
20260627,3,43,"208022_s_at"
20260627,3,44,"203038_at"
20260627,3,45,"201710_at"
20260627,3,46,"205696_s_at"
20260627,3,47,"222275_at"
20260627,3,48,"218259_at"
20260627,3,49,"212330_at"
20260627,3,50,"202933_s_at"
20260627,3,51,"200934_at"
20260627,3,52,"200755_s_at"
20260627,3,53,"202932_at"
20260627,3,54,"218394_at"
20260627,3,55,"202412_s_at"
20260627,3,56,"221872_at"
20260627,3,57,"210074_at"
20260627,3,58,"210735_s_at"
20260627,3,59,"221436_s_at"
20260627,3,60,"201177_s_at"
20260627,3,61,"200960_x_at"
20260627,3,62,"206391_at"
20260627,3,63,"216603_at"
20260627,3,64,"205009_at"
20260627,3,65,"209289_at"
20260627,3,66,"206754_s_at"
20260627,3,67,"218236_s_at"
20260627,3,68,"212441_at"
20260627,3,69,"208451_s_at"
20260627,3,70,"221986_s_at"
20260627,3,71,"202483_s_at"
20260627,3,72,"204775_at"
20260627,3,73,"209832_s_at"
20260627,3,74,"220935_s_at"
20260627,3,75,"201231_s_at"
20260627,3,76,"209644_x_at"
20260627,3,77,"213523_at"
20260627,3,78,"218886_at"
20260627,3,79,"213029_at"
20260627,3,80,"215867_x_at"
20260627,3,81,"221849_s_at"
20260627,3,82,"206469_x_at"
20260627,3,83,"218137_s_at"
20260627,3,84,"209290_s_at"
20260627,3,85,"204667_at"
20260627,3,86,"202134_s_at"
20260627,3,87,"218532_s_at"
20260627,3,88,"205296_at"
20260627,3,89,"208854_s_at"
20260627,3,90,"214164_x_at"
20260627,3,91,"207039_at"
20260627,3,92,"204400_at"
20260627,3,93,"204203_at"
20260627,3,94,"218902_at"
20260627,3,95,"201407_s_at"
20260627,3,96,"203126_at"
20260627,3,97,"204962_s_at"
20260627,3,98,"204061_at"
20260627,3,99,"203963_at"
20260627,3,100,"201980_s_at"
20260627,4,1,"204750_s_at"
20260627,4,2,"204825_at"
20260627,4,3,"209289_at"
20260627,4,4,"210084_x_at"
20260627,4,5,"213032_at"
20260627,4,6,"209290_s_at"
20260627,4,7,"205225_at"
20260627,4,8,"213029_at"
20260627,4,9,"211466_at"
20260627,4,10,"213134_x_at"
20260627,4,11,"203999_at"
20260627,4,12,"205548_s_at"
20260627,4,13,"209644_x_at"
20260627,4,14,"209604_s_at"
20260627,4,15,"212099_at"
20260627,4,16,"209204_at"
20260627,4,17,"218902_at"
20260627,4,18,"200718_s_at"
20260627,4,19,"220238_s_at"
20260627,4,20,"212956_at"
20260627,4,21,"203038_at"
20260627,4,22,"208451_s_at"
20260627,4,23,"214428_x_at"
20260627,4,24,"201563_at"
20260627,4,25,"214440_at"
20260627,4,26,"209386_at"
20260627,4,27,"210052_s_at"
20260627,4,28,"215034_s_at"
20260627,4,29,"202341_s_at"
20260627,4,30,"216237_s_at"
20260627,4,31,"206391_at"
20260627,4,32,"218532_s_at"
20260627,4,33,"200011_s_at"
20260627,4,34,"209114_at"
20260627,4,35,"216685_s_at"
20260627,4,36,"221872_at"
20260627,4,37,"203066_at"
20260627,4,38,"207039_at"
20260627,4,39,"218211_s_at"
20260627,4,40,"202134_s_at"
20260627,4,41,"204400_at"
20260627,4,42,"219874_at"
20260627,4,43,"206392_s_at"
20260627,4,44,"212960_at"
20260627,4,45,"202870_s_at"
20260627,4,46,"221203_s_at"
20260627,4,47,"202263_at"
20260627,4,48,"218259_at"
20260627,4,49,"214431_at"
20260627,4,50,"216092_s_at"
20260627,4,51,"212492_s_at"
20260627,4,52,"202035_s_at"
20260627,4,53,"212330_at"
20260627,4,54,"222275_at"
20260627,4,55,"201231_s_at"
20260627,4,56,"214745_at"
20260627,4,57,"203702_s_at"
20260627,4,58,"209832_s_at"
20260627,4,59,"209603_at"
20260627,4,60,"206373_at"
20260627,4,61,"220625_s_at"
20260627,4,62,"221253_s_at"
20260627,4,63,"215729_s_at"
20260627,4,64,"221012_s_at"
20260627,4,65,"212638_s_at"
20260627,4,66,"203693_s_at"
20260627,4,67,"204050_s_at"
20260627,4,68,"209623_at"
20260627,4,69,"204012_s_at"
20260627,4,70,"209791_at"
20260627,4,71,"206869_at"
20260627,4,72,"211467_s_at"
20260627,4,73,"204315_s_at"
20260627,4,74,"221823_at"
20260627,4,75,"209421_at"
20260627,4,76,"206194_at"
20260627,4,77,"205696_s_at"
20260627,4,78,"202752_x_at"
20260627,4,79,"204822_at"
20260627,4,80,"219051_x_at"
20260627,4,81,"210980_s_at"
20260627,4,82,"214053_at"
20260627,4,83,"212462_at"
20260627,4,84,"201555_at"
20260627,4,85,"204623_at"
20260627,4,86,"203126_at"
20260627,4,87,"203929_s_at"
20260627,4,88,"209173_at"
20260627,4,89,"202107_s_at"
20260627,4,90,"218726_at"
20260627,4,91,"221524_s_at"
20260627,4,92,"219956_at"
20260627,4,93,"200934_at"
20260627,4,94,"214109_at"
20260627,4,95,"205339_at"
20260627,4,96,"221986_s_at"
20260627,4,97,"203397_s_at"
20260627,4,98,"211712_s_at"
20260627,4,99,"203712_at"
20260627,4,100,"209212_s_at"
20260627,5,1,"203693_s_at"
20260627,5,2,"205225_at"
20260627,5,3,"210084_x_at"
20260627,5,4,"204750_s_at"
20260627,5,5,"214440_at"
20260627,5,6,"204825_at"
20260627,5,7,"206194_at"
20260627,5,8,"222275_at"
20260627,5,9,"208451_s_at"
20260627,5,10,"214428_x_at"
20260627,5,11,"203999_at"
20260627,5,12,"219051_x_at"
20260627,5,13,"204315_s_at"
20260627,5,14,"212956_at"
20260627,5,15,"221524_s_at"
20260627,5,16,"214431_at"
20260627,5,17,"212960_at"
20260627,5,18,"218211_s_at"
20260627,5,19,"218236_s_at"
20260627,5,20,"212099_at"
20260627,5,21,"206869_at"
20260627,5,22,"222039_at"
20260627,5,23,"202870_s_at"
20260627,5,24,"210735_s_at"
20260627,5,25,"204822_at"
20260627,5,26,"213032_at"
20260627,5,27,"203702_s_at"
20260627,5,28,"213134_x_at"
20260627,5,29,"203963_at"
20260627,5,30,"205548_s_at"
20260627,5,31,"210052_s_at"
20260627,5,32,"214164_x_at"
20260627,5,33,"215034_s_at"
20260627,5,34,"206373_at"
20260627,5,35,"216092_s_at"
20260627,5,36,"215867_x_at"
20260627,5,37,"201970_s_at"
20260627,5,38,"221864_at"
20260627,5,39,"205201_at"
20260627,5,40,"209832_s_at"
20260627,5,41,"218259_at"
20260627,5,42,"209644_x_at"
20260627,5,43,"209289_at"
20260627,5,44,"209386_at"
20260627,5,45,"204962_s_at"
20260627,5,46,"202134_s_at"
20260627,5,47,"202107_s_at"
20260627,5,48,"212492_s_at"
20260627,5,49,"209604_s_at"
20260627,5,50,"209623_at"
20260627,5,51,"214053_at"
20260627,5,52,"203038_at"
20260627,5,53,"221986_s_at"
20260627,5,54,"219197_s_at"
20260627,5,55,"221934_s_at"
20260627,5,56,"204623_at"
20260627,5,57,"205569_at"
20260627,5,58,"206754_s_at"
20260627,5,59,"211466_at"
20260627,5,60,"218542_at"
20260627,5,61,"219741_x_at"
20260627,5,62,"209290_s_at"
20260627,5,63,"213029_at"
20260627,5,64,"211084_x_at"
20260627,5,65,"209408_at"
20260627,5,66,"209114_at"
20260627,5,67,"213523_at"
20260627,5,68,"222125_s_at"
20260627,5,69,"204400_at"
20260627,5,70,"204767_s_at"
20260627,5,71,"202341_s_at"
20260627,5,72,"212638_s_at"
20260627,5,73,"203571_s_at"
20260627,5,74,"203263_s_at"
20260627,5,75,"200718_s_at"
20260627,5,76,"207134_x_at"
20260627,5,77,"221203_s_at"
20260627,5,78,"212022_s_at"
20260627,5,79,"211235_s_at"
20260627,5,80,"212195_at"
20260627,5,81,"220540_at"
20260627,5,82,"202762_at"
20260627,5,83,"203418_at"
20260627,5,84,"212196_at"
20260627,5,85,"202580_x_at"
20260627,5,86,"216237_s_at"
20260627,5,87,"203788_s_at"
20260627,5,88,"201037_at"
20260627,5,89,"218726_at"
20260627,5,90,"205696_s_at"
20260627,5,91,"202263_at"
20260627,5,92,"208682_s_at"
20260627,5,93,"218755_at"
20260627,5,94,"209421_at"
20260627,5,95,"206023_at"
20260627,5,96,"205009_at"
20260627,5,97,"201938_at"
20260627,5,98,"206392_s_at"
20260627,5,99,"203143_s_at"
20260627,5,100,"206391_at"
20260628,1,1,"205225_at"
20260628,1,2,"212960_at"
20260628,1,3,"204750_s_at"
20260628,1,4,"221872_at"
20260628,1,5,"206392_s_at"
20260628,1,6,"204825_at"
20260628,1,7,"204623_at"
20260628,1,8,"213032_at"
20260628,1,9,"209204_at"
20260628,1,10,"209289_at"
20260628,1,11,"206391_at"
20260628,1,12,"212956_at"
20260628,1,13,"213029_at"
20260628,1,14,"205696_s_at"
20260628,1,15,"209290_s_at"
20260628,1,16,"206869_at"
20260628,1,17,"204822_at"
20260628,1,18,"203702_s_at"
20260628,1,19,"203693_s_at"
20260628,1,20,"205009_at"
20260628,1,21,"213134_x_at"
20260628,1,22,"205548_s_at"
20260628,1,23,"219051_x_at"
20260628,1,24,"209832_s_at"
20260628,1,25,"221203_s_at"
20260628,1,26,"219874_at"
20260628,1,27,"221524_s_at"
20260628,1,28,"200718_s_at"
20260628,1,29,"204400_at"
20260628,1,30,"219752_at"
20260628,1,31,"219990_at"
20260628,1,32,"209791_at"
20260628,1,33,"214440_at"
20260628,1,34,"210735_s_at"
20260628,1,35,"202089_s_at"
20260628,1,36,"214053_at"
20260628,1,37,"216381_x_at"
20260628,1,38,"218211_s_at"
20260628,1,39,"218164_at"
20260628,1,40,"211466_at"
20260628,1,41,"204304_s_at"
20260628,1,42,"202088_at"
20260628,1,43,"203963_at"
20260628,1,44,"214164_x_at"
20260628,1,45,"203038_at"
20260628,1,46,"212265_at"
20260628,1,47,"212263_at"
20260628,1,48,"209604_s_at"
20260628,1,49,"210052_s_at"
20260628,1,50,"209623_at"
20260628,1,51,"215867_x_at"
20260628,1,52,"210084_x_at"
20260628,1,53,"211467_s_at"
20260628,1,54,"203999_at"
20260628,1,55,"209122_at"
20260628,1,56,"222275_at"
20260628,1,57,"206373_at"
20260628,1,58,"214109_at"
20260628,1,59,"200011_s_at"
20260628,1,60,"208305_at"
20260628,1,61,"212492_s_at"
20260628,1,62,"203066_at"
20260628,1,63,"202341_s_at"
20260628,1,64,"202134_s_at"
20260628,1,65,"219197_s_at"
20260628,1,66,"205008_s_at"
20260628,1,67,"209173_at"
20260628,1,68,"212638_s_at"
20260628,1,69,"202870_s_at"
20260628,1,70,"221046_s_at"
20260628,1,71,"218976_at"
20260628,1,72,"202204_s_at"
20260628,1,73,"218259_at"
20260628,1,74,"217744_s_at"
20260628,1,75,"202035_s_at"
20260628,1,76,"212099_at"
20260628,1,77,"200960_x_at"
20260628,1,78,"205347_s_at"
20260628,1,79,"201231_s_at"
20260628,1,80,"214431_at"
20260628,1,81,"212441_at"
20260628,1,82,"202933_s_at"
20260628,1,83,"221986_s_at"
20260628,1,84,"201663_s_at"
20260628,1,85,"205044_at"
20260628,1,86,"201970_s_at"
20260628,1,87,"206469_x_at"
20260628,1,88,"202240_at"
20260628,1,89,"218726_at"
20260628,1,90,"219686_at"
20260628,1,91,"203226_s_at"
20260628,1,92,"218755_at"
20260628,1,93,"209443_at"
20260628,1,94,"218009_s_at"
20260628,1,95,"222158_s_at"
20260628,1,96,"214745_at"
20260628,1,97,"206194_at"
20260628,1,98,"216092_s_at"
20260628,1,99,"209669_s_at"
20260628,1,100,"200052_s_at"
20260628,2,1,"204750_s_at"
20260628,2,2,"204825_at"
20260628,2,3,"203693_s_at"
20260628,2,4,"222275_at"
20260628,2,5,"218211_s_at"
20260628,2,6,"208103_s_at"
20260628,2,7,"216092_s_at"
20260628,2,8,"202107_s_at"
20260628,2,9,"210052_s_at"
20260628,2,10,"206194_at"
20260628,2,11,"205225_at"
20260628,2,12,"212099_at"
20260628,2,13,"209644_x_at"
20260628,2,14,"213134_x_at"
20260628,2,15,"201563_at"
20260628,2,16,"209386_at"
20260628,2,17,"200718_s_at"
20260628,2,18,"209623_at"
20260628,2,19,"215034_s_at"
20260628,2,20,"222039_at"
20260628,2,21,"207039_at"
20260628,2,22,"214428_x_at"
20260628,2,23,"200934_at"
20260628,2,24,"204822_at"
20260628,2,25,"205548_s_at"
20260628,2,26,"213032_at"
20260628,2,27,"201970_s_at"
20260628,2,28,"203702_s_at"
20260628,2,29,"210758_at"
20260628,2,30,"206373_at"
20260628,2,31,"212492_s_at"
20260628,2,32,"204962_s_at"
20260628,2,33,"214440_at"
20260628,2,34,"218902_at"
20260628,2,35,"212956_at"
20260628,2,36,"202752_x_at"
20260628,2,37,"209204_at"
20260628,2,38,"209421_at"
20260628,2,39,"206392_s_at"
20260628,2,40,"208451_s_at"
20260628,2,41,"201663_s_at"
20260628,2,42,"203712_at"
20260628,2,43,"221505_at"
20260628,2,44,"214053_at"
20260628,2,45,"205074_at"
20260628,2,46,"206869_at"
20260628,2,47,"203999_at"
20260628,2,48,"209114_at"
20260628,2,49,"219051_x_at"
20260628,2,50,"218886_at"
20260628,2,51,"213523_at"
20260628,2,52,"218236_s_at"
20260628,2,53,"216237_s_at"
20260628,2,54,"202412_s_at"
20260628,2,55,"202589_at"
20260628,2,56,"202341_s_at"
20260628,2,57,"213029_at"
20260628,2,58,"202870_s_at"
20260628,2,59,"214431_at"
20260628,2,60,"209289_at"
20260628,2,61,"202263_at"
20260628,2,62,"216685_s_at"
20260628,2,63,"203038_at"
20260628,2,64,"204623_at"
20260628,2,65,"204012_s_at"
20260628,2,66,"202240_at"
20260628,2,67,"210084_x_at"
20260628,2,68,"212638_s_at"
20260628,2,69,"221872_at"
20260628,2,70,"210886_x_at"
20260628,2,71,"209290_s_at"
20260628,2,72,"218726_at"
20260628,2,73,"209832_s_at"
20260628,2,74,"206391_at"
20260628,2,75,"208682_s_at"
20260628,2,76,"212960_at"
20260628,2,77,"205569_at"
20260628,2,78,"202762_at"
20260628,2,79,"201664_at"
20260628,2,80,"212330_at"
20260628,2,81,"205044_at"
20260628,2,82,"214164_x_at"
20260628,2,83,"205696_s_at"
20260628,2,84,"202413_s_at"
20260628,2,85,"209387_s_at"
20260628,2,86,"211467_s_at"
20260628,2,87,"201555_at"
20260628,2,88,"201231_s_at"
20260628,2,89,"218532_s_at"
20260628,2,90,"204914_s_at"
20260628,2,91,"215867_x_at"
20260628,2,92,"201930_at"
20260628,2,93,"209604_s_at"
20260628,2,94,"211466_at"
20260628,2,95,"218692_at"
20260628,2,96,"215623_x_at"
20260628,2,97,"213846_at"
20260628,2,98,"221203_s_at"
20260628,2,99,"200052_s_at"
20260628,2,100,"218394_at"
20260628,3,1,"210084_x_at"
20260628,3,2,"204825_at"
20260628,3,3,"210052_s_at"
20260628,3,4,"205225_at"
20260628,3,5,"203999_at"
20260628,3,6,"204750_s_at"
20260628,3,7,"214431_at"
20260628,3,8,"205548_s_at"
20260628,3,9,"200783_s_at"
20260628,3,10,"209408_at"
20260628,3,11,"202263_at"
20260628,3,12,"209289_at"
20260628,3,13,"212099_at"
20260628,3,14,"203693_s_at"
20260628,3,15,"204962_s_at"
20260628,3,16,"202870_s_at"
20260628,3,17,"212956_at"
20260628,3,18,"204822_at"
20260628,3,19,"209290_s_at"
20260628,3,20,"213134_x_at"
20260628,3,21,"203418_at"
20260628,3,22,"218726_at"
20260628,3,23,"213032_at"
20260628,3,24,"222039_at"
20260628,3,25,"213029_at"
20260628,3,26,"220295_x_at"
20260628,3,27,"212960_at"
20260628,3,28,"212022_s_at"
20260628,3,29,"218355_at"
20260628,3,30,"211235_s_at"
20260628,3,31,"209642_at"
20260628,3,32,"218902_at"
20260628,3,33,"217714_x_at"
20260628,3,34,"219051_x_at"
20260628,3,35,"209443_at"
20260628,3,36,"202589_at"
20260628,3,37,"214428_x_at"
20260628,3,38,"209604_s_at"
20260628,3,39,"208451_s_at"
20260628,3,40,"206102_at"
20260628,3,41,"209122_at"
20260628,3,42,"220238_s_at"
20260628,3,43,"214440_at"
20260628,3,44,"218259_at"
20260628,3,45,"203571_s_at"
20260628,3,46,"209204_at"
20260628,3,47,"203702_s_at"
20260628,3,48,"207134_x_at"
20260628,3,49,"204203_at"
20260628,3,50,"216092_s_at"
20260628,3,51,"200052_s_at"
20260628,3,52,"218211_s_at"
20260628,3,53,"205201_at"
20260628,3,54,"206373_at"
20260628,3,55,"204767_s_at"
20260628,3,56,"203397_s_at"
20260628,3,57,"219197_s_at"
20260628,3,58,"201231_s_at"
20260628,3,59,"209781_s_at"
20260628,3,60,"205339_at"
20260628,3,61,"209623_at"
20260628,3,62,"209644_x_at"
20260628,3,63,"201663_s_at"
20260628,3,64,"212638_s_at"
20260628,3,65,"221864_at"
20260628,3,66,"210024_s_at"
20260628,3,67,"205696_s_at"
20260628,3,68,"209832_s_at"
20260628,3,69,"218532_s_at"
20260628,3,70,"201938_at"
20260628,3,71,"203712_at"
20260628,3,72,"204092_s_at"
20260628,3,73,"212196_at"
20260628,3,74,"212195_at"
20260628,3,75,"202705_at"
20260628,3,76,"202483_s_at"
20260628,3,77,"212492_s_at"
20260628,3,78,"202240_at"
20260628,3,79,"222125_s_at"
20260628,3,80,"221524_s_at"
20260628,3,81,"209603_at"
20260628,3,82,"218542_at"
20260628,3,83,"204914_s_at"
20260628,3,84,"209464_at"
20260628,3,85,"220540_at"
20260628,3,86,"204400_at"
20260628,3,87,"214164_x_at"
20260628,3,88,"203038_at"
20260628,3,89,"221677_s_at"
20260628,3,90,"221203_s_at"
20260628,3,91,"218755_at"
20260628,3,92,"206754_s_at"
20260628,3,93,"222118_at"
20260628,3,94,"207030_s_at"
20260628,3,95,"203066_at"
20260628,3,96,"218009_s_at"
20260628,3,97,"202134_s_at"
20260628,3,98,"203963_at"
20260628,3,99,"210735_s_at"
20260628,3,100,"200718_s_at"
20260628,4,1,"210084_x_at"
20260628,4,2,"204825_at"
20260628,4,3,"203999_at"
20260628,4,4,"205225_at"
20260628,4,5,"214440_at"
20260628,4,6,"204750_s_at"
20260628,4,7,"221524_s_at"
20260628,4,8,"206754_s_at"
20260628,4,9,"219051_x_at"
20260628,4,10,"204315_s_at"
20260628,4,11,"212956_at"
20260628,4,12,"213134_x_at"
20260628,4,13,"204822_at"
20260628,4,14,"209604_s_at"
20260628,4,15,"216237_s_at"
20260628,4,16,"208022_s_at"
20260628,4,17,"212099_at"
20260628,4,18,"214428_x_at"
20260628,4,19,"205201_at"
20260628,4,20,"206373_at"
20260628,4,21,"208451_s_at"
20260628,4,22,"203130_s_at"
20260628,4,23,"209623_at"
20260628,4,24,"212638_s_at"
20260628,4,25,"216092_s_at"
20260628,4,26,"219752_at"
20260628,4,27,"222275_at"
20260628,4,28,"212960_at"
20260628,4,29,"215034_s_at"
20260628,4,30,"210052_s_at"
20260628,4,31,"219874_at"
20260628,4,32,"204400_at"
20260628,4,33,"219806_s_at"
20260628,4,34,"209204_at"
20260628,4,35,"205548_s_at"
20260628,4,36,"203038_at"
20260628,4,37,"209644_x_at"
20260628,4,38,"203693_s_at"
20260628,4,39,"200718_s_at"
20260628,4,40,"206194_at"
20260628,4,41,"203143_s_at"
20260628,4,42,"218211_s_at"
20260628,4,43,"214109_at"
20260628,4,44,"202263_at"
20260628,4,45,"202134_s_at"
20260628,4,46,"203702_s_at"
20260628,4,47,"218726_at"
20260628,4,48,"206391_at"
20260628,4,49,"201755_at"
20260628,4,50,"212492_s_at"
20260628,4,51,"218259_at"
20260628,4,52,"202870_s_at"
20260628,4,53,"212195_at"
20260628,4,54,"209832_s_at"
20260628,4,55,"204863_s_at"
20260628,4,56,"209603_at"
20260628,4,57,"221986_s_at"
20260628,4,58,"210735_s_at"
20260628,4,59,"205296_at"
20260628,4,60,"218542_at"
20260628,4,61,"205074_at"
20260628,4,62,"207039_at"
20260628,4,63,"214164_x_at"
20260628,4,64,"214746_s_at"
20260628,4,65,"201231_s_at"
20260628,4,66,"203963_at"
20260628,4,67,"203929_s_at"
20260628,4,68,"221934_s_at"
20260628,4,69,"215867_x_at"
20260628,4,70,"219268_at"
20260628,4,71,"204775_at"
20260628,4,72,"209781_s_at"
20260628,4,73,"201754_at"
20260628,4,74,"201826_s_at"
20260628,4,75,"221872_at"
20260628,4,76,"204962_s_at"
20260628,4,77,"218902_at"
20260628,4,78,"214053_at"
20260628,4,79,"221864_at"
20260628,4,80,"203256_at"
20260628,4,81,"206392_s_at"
20260628,4,82,"204050_s_at"
20260628,4,83,"209122_at"
20260628,4,84,"214431_at"
20260628,4,85,"203418_at"
20260628,4,86,"216685_s_at"
20260628,4,87,"203222_s_at"
20260628,4,88,"213032_at"
20260628,4,89,"200960_x_at"
20260628,4,90,"219956_at"
20260628,4,91,"204623_at"
20260628,4,92,"200934_at"
20260628,4,93,"221436_s_at"
20260628,4,94,"212022_s_at"
20260628,4,95,"202035_s_at"
20260628,4,96,"212196_at"
20260628,4,97,"200052_s_at"
20260628,4,98,"216603_at"
20260628,4,99,"221207_s_at"
20260628,4,100,"210074_at"
20260628,5,1,"204750_s_at"
20260628,5,2,"205548_s_at"
20260628,5,3,"213134_x_at"
20260628,5,4,"205225_at"
20260628,5,5,"203702_s_at"
20260628,5,6,"221986_s_at"
20260628,5,7,"212099_at"
20260628,5,8,"217744_s_at"
20260628,5,9,"203693_s_at"
20260628,5,10,"214440_at"
20260628,5,11,"204775_at"
20260628,5,12,"204825_at"
20260628,5,13,"212956_at"
20260628,5,14,"200718_s_at"
20260628,5,15,"212960_at"
20260628,5,16,"210084_x_at"
20260628,5,17,"204012_s_at"
20260628,5,18,"202134_s_at"
20260628,5,19,"209604_s_at"
20260628,5,20,"202933_s_at"
20260628,5,21,"218532_s_at"
20260628,5,22,"222275_at"
20260628,5,23,"204493_at"
20260628,5,24,"209781_s_at"
20260628,5,25,"213032_at"
20260628,5,26,"218236_s_at"
20260628,5,27,"204400_at"
20260628,5,28,"218259_at"
20260628,5,29,"203999_at"
20260628,5,30,"209289_at"
20260628,5,31,"210024_s_at"
20260628,5,32,"209114_at"
20260628,5,33,"218902_at"
20260628,5,34,"218211_s_at"
20260628,5,35,"210074_at"
20260628,5,36,"210052_s_at"
20260628,5,37,"214428_x_at"
20260628,5,38,"202870_s_at"
20260628,5,39,"216237_s_at"
20260628,5,40,"209204_at"
20260628,5,41,"209623_at"
20260628,5,42,"208451_s_at"
20260628,5,43,"219654_at"
20260628,5,44,"201976_s_at"
20260628,5,45,"221524_s_at"
20260628,5,46,"218486_at"
20260628,5,47,"219051_x_at"
20260628,5,48,"209109_s_at"
20260628,5,49,"220625_s_at"
20260628,5,50,"202035_s_at"
20260628,5,51,"213260_at"
20260628,5,52,"213029_at"
20260628,5,53,"207011_s_at"
20260628,5,54,"215034_s_at"
20260628,5,55,"209173_at"
20260628,5,56,"204822_at"
20260628,5,57,"209290_s_at"
20260628,5,58,"201231_s_at"
20260628,5,59,"209791_at"
20260628,5,60,"204799_at"
20260628,5,61,"216603_at"
20260628,5,62,"206373_at"
20260628,5,63,"215945_s_at"
20260628,5,64,"219956_at"
20260628,5,65,"209386_at"
20260628,5,66,"216092_s_at"
20260628,5,67,"203397_s_at"
20260628,5,68,"206194_at"
20260628,5,69,"202341_s_at"
20260628,5,70,"222039_at"
20260628,5,71,"209421_at"
20260628,5,72,"219874_at"
20260628,5,73,"200934_at"
20260628,5,74,"202263_at"
20260628,5,75,"205044_at"
20260628,5,76,"204568_at"
20260628,5,77,"203038_at"
20260628,5,78,"217294_s_at"
20260628,5,79,"212208_at"
20260628,5,80,"209644_x_at"
20260628,5,81,"220425_x_at"
20260628,5,82,"204437_s_at"
20260628,5,83,"209603_at"
20260628,5,84,"202589_at"
20260628,5,85,"218164_at"
20260628,5,86,"214431_at"
20260628,5,87,"221864_at"
20260628,5,88,"201177_s_at"
20260628,5,89,"212638_s_at"
20260628,5,90,"200011_s_at"
20260628,5,91,"209122_at"
20260628,5,92,"222125_s_at"
20260628,5,93,"206391_at"
20260628,5,94,"206869_at"
20260628,5,95,"214109_at"
20260628,5,96,"203126_at"
20260628,5,97,"204623_at"
20260628,5,98,"213249_at"
20260628,5,99,"200052_s_at"
20260628,5,100,"206392_s_at"
20260629,1,1,"204750_s_at"
20260629,1,2,"209623_at"
20260629,1,3,"204825_at"
20260629,1,4,"213134_x_at"
20260629,1,5,"205225_at"
20260629,1,6,"208103_s_at"
20260629,1,7,"203038_at"
20260629,1,8,"215034_s_at"
20260629,1,9,"209114_at"
20260629,1,10,"219752_at"
20260629,1,11,"218236_s_at"
20260629,1,12,"213032_at"
20260629,1,13,"201407_s_at"
20260629,1,14,"214428_x_at"
20260629,1,15,"203702_s_at"
20260629,1,16,"203999_at"
20260629,1,17,"214440_at"
20260629,1,18,"216092_s_at"
20260629,1,19,"209289_at"
20260629,1,20,"208451_s_at"
20260629,1,21,"203693_s_at"
20260629,1,22,"204822_at"
20260629,1,23,"222275_at"
20260629,1,24,"221505_at"
20260629,1,25,"218211_s_at"
20260629,1,26,"209387_s_at"
20260629,1,27,"221524_s_at"
20260629,1,28,"202134_s_at"
20260629,1,29,"205548_s_at"
20260629,1,30,"212099_at"
20260629,1,31,"201563_at"
20260629,1,32,"221934_s_at"
20260629,1,33,"211466_at"
20260629,1,34,"204400_at"
20260629,1,35,"210084_x_at"
20260629,1,36,"213029_at"
20260629,1,37,"200934_at"
20260629,1,38,"209290_s_at"
20260629,1,39,"212492_s_at"
20260629,1,40,"209386_at"
20260629,1,41,"202263_at"
20260629,1,42,"206373_at"
20260629,1,43,"202752_x_at"
20260629,1,44,"210758_at"
20260629,1,45,"218902_at"
20260629,1,46,"202933_s_at"
20260629,1,47,"210024_s_at"
20260629,1,48,"210886_x_at"
20260629,1,49,"209644_x_at"
20260629,1,50,"212956_at"
20260629,1,51,"206391_at"
20260629,1,52,"206392_s_at"
20260629,1,53,"218259_at"
20260629,1,54,"219051_x_at"
20260629,1,55,"206194_at"
20260629,1,56,"219874_at"
20260629,1,57,"205074_at"
20260629,1,58,"221986_s_at"
20260629,1,59,"204623_at"
20260629,1,60,"221872_at"
20260629,1,61,"211467_s_at"
20260629,1,62,"209604_s_at"
20260629,1,63,"204493_at"
20260629,1,64,"215729_s_at"
20260629,1,65,"204315_s_at"
20260629,1,66,"212638_s_at"
20260629,1,67,"207039_at"
20260629,1,68,"221203_s_at"
20260629,1,69,"216603_at"
20260629,1,70,"204061_at"
20260629,1,71,"218886_at"
20260629,1,72,"209191_at"
20260629,1,73,"212265_at"
20260629,1,74,"212960_at"
20260629,1,75,"200718_s_at"
20260629,1,76,"209122_at"
20260629,1,77,"206754_s_at"
20260629,1,78,"210735_s_at"
20260629,1,79,"221523_s_at"
20260629,1,80,"203963_at"
20260629,1,81,"208650_s_at"
20260629,1,82,"200011_s_at"
20260629,1,83,"202932_at"
20260629,1,84,"209204_at"
20260629,1,85,"205201_at"
20260629,1,86,"201938_at"
20260629,1,87,"202341_s_at"
20260629,1,88,"213523_at"
20260629,1,89,"200052_s_at"
20260629,1,90,"220238_s_at"
20260629,1,91,"208872_s_at"
20260629,1,92,"210074_at"
20260629,1,93,"205480_s_at"
20260629,1,94,"209211_at"
20260629,1,95,"215867_x_at"
20260629,1,96,"218394_at"
20260629,1,97,"202762_at"
20260629,1,98,"204304_s_at"
20260629,1,99,"214164_x_at"
20260629,1,100,"205044_at"
20260629,2,1,"205225_at"
20260629,2,2,"212960_at"
20260629,2,3,"212956_at"
20260629,2,4,"214053_at"
20260629,2,5,"204750_s_at"
20260629,2,6,"203702_s_at"
20260629,2,7,"204825_at"
20260629,2,8,"203693_s_at"
20260629,2,9,"204623_at"
20260629,2,10,"221986_s_at"
20260629,2,11,"210052_s_at"
20260629,2,12,"204962_s_at"
20260629,2,13,"200718_s_at"
20260629,2,14,"204822_at"
20260629,2,15,"218211_s_at"
20260629,2,16,"222275_at"
20260629,2,17,"214431_at"
20260629,2,18,"219197_s_at"
20260629,2,19,"202589_at"
20260629,2,20,"218726_at"
20260629,2,21,"206392_s_at"
20260629,2,22,"218755_at"
20260629,2,23,"209604_s_at"
20260629,2,24,"213032_at"
20260629,2,25,"201663_s_at"
20260629,2,26,"205009_at"
20260629,2,27,"209173_at"
20260629,2,28,"222125_s_at"
20260629,2,29,"206373_at"
20260629,2,30,"202580_x_at"
20260629,2,31,"209642_at"
20260629,2,32,"202870_s_at"
20260629,2,33,"215867_x_at"
20260629,2,34,"206194_at"
20260629,2,35,"206869_at"
20260629,2,36,"214164_x_at"
20260629,2,37,"209204_at"
20260629,2,38,"202134_s_at"
20260629,2,39,"202240_at"
20260629,2,40,"212022_s_at"
20260629,2,41,"218009_s_at"
20260629,2,42,"213029_at"
20260629,2,43,"209289_at"
20260629,2,44,"212638_s_at"
20260629,2,45,"205696_s_at"
20260629,2,46,"209290_s_at"
20260629,2,47,"201970_s_at"
20260629,2,48,"214440_at"
20260629,2,49,"210096_at"
20260629,2,50,"205548_s_at"
20260629,2,51,"218164_at"
20260629,2,52,"206391_at"
20260629,2,53,"221872_at"
20260629,2,54,"204767_s_at"
20260629,2,55,"200052_s_at"
20260629,2,56,"221524_s_at"
20260629,2,57,"211466_at"
20260629,2,58,"222118_at"
20260629,2,59,"210735_s_at"
20260629,2,60,"212492_s_at"
20260629,2,61,"204400_at"
20260629,2,62,"203963_at"
20260629,2,63,"222039_at"
20260629,2,64,"216092_s_at"
20260629,2,65,"221934_s_at"
20260629,2,66,"204775_at"
20260629,2,67,"202095_s_at"
20260629,2,68,"203999_at"
20260629,2,69,"213134_x_at"
20260629,2,70,"209122_at"
20260629,2,71,"203066_at"
20260629,2,72,"211714_x_at"
20260629,2,73,"202341_s_at"
20260629,2,74,"214552_s_at"
20260629,2,75,"204203_at"
20260629,2,76,"220540_at"
20260629,2,77,"219051_x_at"
20260629,2,78,"205074_at"
20260629,2,79,"201890_at"
20260629,2,80,"209603_at"
20260629,2,81,"204667_at"
20260629,2,82,"216381_x_at"
20260629,2,83,"201291_s_at"
20260629,2,84,"210084_x_at"
20260629,2,85,"204146_at"
20260629,2,86,"203712_at"
20260629,2,87,"204914_s_at"
20260629,2,88,"200934_at"
20260629,2,89,"214428_x_at"
20260629,2,90,"200711_s_at"
20260629,2,91,"202263_at"
20260629,2,92,"212099_at"
20260629,2,93,"202204_s_at"
20260629,2,94,"208616_s_at"
20260629,2,95,"215034_s_at"
20260629,2,96,"209773_s_at"
20260629,2,97,"208617_s_at"
20260629,2,98,"214109_at"
20260629,2,99,"203476_at"
20260629,2,100,"212441_at"
20260629,3,1,"204750_s_at"
20260629,3,2,"205225_at"
20260629,3,3,"212099_at"
20260629,3,4,"205548_s_at"
20260629,3,5,"210084_x_at"
20260629,3,6,"213134_x_at"
20260629,3,7,"204825_at"
20260629,3,8,"203999_at"
20260629,3,9,"212956_at"
20260629,3,10,"209781_s_at"
20260629,3,11,"209289_at"
20260629,3,12,"218532_s_at"
20260629,3,13,"210052_s_at"
20260629,3,14,"214440_at"
20260629,3,15,"212960_at"
20260629,3,16,"203702_s_at"
20260629,3,17,"209290_s_at"
20260629,3,18,"213029_at"
20260629,3,19,"202870_s_at"
20260629,3,20,"209644_x_at"
20260629,3,21,"219983_at"
20260629,3,22,"213032_at"
20260629,3,23,"206373_at"
20260629,3,24,"204881_s_at"
20260629,3,25,"210085_s_at"
20260629,3,26,"209623_at"
20260629,3,27,"210024_s_at"
20260629,3,28,"200718_s_at"
20260629,3,29,"201976_s_at"
20260629,3,30,"219051_x_at"
20260629,3,31,"209204_at"
20260629,3,32,"220295_x_at"
20260629,3,33,"218211_s_at"
20260629,3,34,"209604_s_at"
20260629,3,35,"215034_s_at"
20260629,3,36,"218902_at"
20260629,3,37,"208022_s_at"
20260629,3,38,"207039_at"
20260629,3,39,"203693_s_at"
20260629,3,40,"201231_s_at"
20260629,3,41,"207030_s_at"
20260629,3,42,"202263_at"
20260629,3,43,"212330_at"
20260629,3,44,"203571_s_at"
20260629,3,45,"202762_at"
20260629,3,46,"214431_at"
20260629,3,47,"212638_s_at"
20260629,3,48,"221677_s_at"
20260629,3,49,"206869_at"
20260629,3,50,"209386_at"
20260629,3,51,"222039_at"
20260629,3,52,"208451_s_at"
20260629,3,53,"214109_at"
20260629,3,54,"203143_s_at"
20260629,3,55,"209832_s_at"
20260629,3,56,"214428_x_at"
20260629,3,57,"206754_s_at"
20260629,3,58,"203066_at"
20260629,3,59,"203692_s_at"
20260629,3,60,"200783_s_at"
20260629,3,61,"218259_at"
20260629,3,62,"204012_s_at"
20260629,3,63,"210735_s_at"
20260629,3,64,"219874_at"
20260629,3,65,"208711_s_at"
20260629,3,66,"204822_at"
20260629,3,67,"209109_s_at"
20260629,3,68,"203963_at"
20260629,3,69,"202240_at"
20260629,3,70,"209114_at"
20260629,3,71,"202107_s_at"
20260629,3,72,"212195_at"
20260629,3,73,"201990_s_at"
20260629,3,74,"204400_at"
20260629,3,75,"209122_at"
20260629,3,76,"214164_x_at"
20260629,3,77,"209603_at"
20260629,3,78,"219498_s_at"
20260629,3,79,"205696_s_at"
20260629,3,80,"203397_s_at"
20260629,3,81,"221203_s_at"
20260629,3,82,"216237_s_at"
20260629,3,83,"221872_at"
20260629,3,84,"213249_at"
20260629,3,85,"216092_s_at"
20260629,3,86,"212692_s_at"
20260629,3,87,"212492_s_at"
20260629,3,88,"201938_at"
20260629,3,89,"205296_at"
20260629,3,90,"201397_at"
20260629,3,91,"220625_s_at"
20260629,3,92,"204315_s_at"
20260629,3,93,"204962_s_at"
20260629,3,94,"205081_at"
20260629,3,95,"202341_s_at"
20260629,3,96,"211233_x_at"
20260629,3,97,"204751_x_at"
20260629,3,98,"202134_s_at"
20260629,3,99,"218236_s_at"
20260629,3,100,"218726_at"
20260629,4,1,"204750_s_at"
20260629,4,2,"204825_at"
20260629,4,3,"205548_s_at"
20260629,4,4,"213134_x_at"
20260629,4,5,"203999_at"
20260629,4,6,"205225_at"
20260629,4,7,"214440_at"
20260629,4,8,"212099_at"
20260629,4,9,"218259_at"
20260629,4,10,"209204_at"
20260629,4,11,"219051_x_at"
20260629,4,12,"212960_at"
20260629,4,13,"209832_s_at"
20260629,4,14,"204822_at"
20260629,4,15,"205696_s_at"
20260629,4,16,"210052_s_at"
20260629,4,17,"216237_s_at"
20260629,4,18,"213032_at"
20260629,4,19,"210084_x_at"
20260629,4,20,"206391_at"
20260629,4,21,"216092_s_at"
20260629,4,22,"221253_s_at"
20260629,4,23,"203693_s_at"
20260629,4,24,"206392_s_at"
20260629,4,25,"212956_at"
20260629,4,26,"209604_s_at"
20260629,4,27,"204493_at"
20260629,4,28,"204012_s_at"
20260629,4,29,"221864_at"
20260629,4,30,"221872_at"
20260629,4,31,"218211_s_at"
20260629,4,32,"203038_at"
20260629,4,33,"214431_at"
20260629,4,34,"218902_at"
20260629,4,35,"201231_s_at"
20260629,4,36,"206869_at"
20260629,4,37,"209623_at"
20260629,4,38,"202870_s_at"
20260629,4,39,"206194_at"
20260629,4,40,"202263_at"
20260629,4,41,"203712_at"
20260629,4,42,"200718_s_at"
20260629,4,43,"50965_at"
20260629,4,44,"209289_at"
20260629,4,45,"200052_s_at"
20260629,4,46,"222275_at"
20260629,4,47,"210074_at"
20260629,4,48,"213564_x_at"
20260629,4,49,"221736_at"
20260629,4,50,"209386_at"
20260629,4,51,"213029_at"
20260629,4,52,"209290_s_at"
20260629,4,53,"209421_at"
20260629,4,54,"209747_at"
20260629,4,55,"204315_s_at"
20260629,4,56,"212492_s_at"
20260629,4,57,"203788_s_at"
20260629,4,58,"203702_s_at"
20260629,4,59,"203066_at"
20260629,4,60,"215034_s_at"
20260629,4,61,"202035_s_at"
20260629,4,62,"218394_at"
20260629,4,63,"209791_at"
20260629,4,64,"218532_s_at"
20260629,4,65,"213702_x_at"
20260629,4,66,"206754_s_at"
20260629,4,67,"205358_at"
20260629,4,68,"209644_x_at"
20260629,4,69,"203418_at"
20260629,4,70,"204775_at"
20260629,4,71,"201970_s_at"
20260629,4,72,"201030_x_at"
20260629,4,73,"218937_at"
20260629,4,74,"209173_at"
20260629,4,75,"219874_at"
20260629,4,76,"203929_s_at"
20260629,4,77,"214164_x_at"
20260629,4,78,"200750_s_at"
20260629,4,79,"217744_s_at"
20260629,4,80,"213249_at"
20260629,4,81,"216685_s_at"
20260629,4,82,"202134_s_at"
20260629,4,83,"214428_x_at"
20260629,4,84,"209464_at"
20260629,4,85,"219741_x_at"
20260629,4,86,"211466_at"
20260629,4,87,"212265_at"
20260629,4,88,"218726_at"
20260629,4,89,"200011_s_at"
20260629,4,90,"220865_s_at"
20260629,4,91,"214109_at"
20260629,4,92,"221934_s_at"
20260629,4,93,"204400_at"
20260629,4,94,"219197_s_at"
20260629,4,95,"221203_s_at"
20260629,4,96,"204962_s_at"
20260629,4,97,"215867_x_at"
20260629,4,98,"221524_s_at"
20260629,4,99,"204605_at"
20260629,4,100,"202341_s_at"
20260629,5,1,"210084_x_at"
20260629,5,2,"204825_at"
20260629,5,3,"210052_s_at"
20260629,5,4,"221524_s_at"
20260629,5,5,"222039_at"
20260629,5,6,"204750_s_at"
20260629,5,7,"203693_s_at"
20260629,5,8,"219051_x_at"
20260629,5,9,"205548_s_at"
20260629,5,10,"209204_at"
20260629,5,11,"205225_at"
20260629,5,12,"203999_at"
20260629,5,13,"204822_at"
20260629,5,14,"213134_x_at"
20260629,5,15,"200934_at"
20260629,5,16,"222275_at"
20260629,5,17,"212099_at"
20260629,5,18,"202107_s_at"
20260629,5,19,"202589_at"
20260629,5,20,"201231_s_at"
20260629,5,21,"212956_at"
20260629,5,22,"200718_s_at"
20260629,5,23,"214440_at"
20260629,5,24,"209408_at"
20260629,5,25,"216237_s_at"
20260629,5,26,"212960_at"
20260629,5,27,"202870_s_at"
20260629,5,28,"209832_s_at"
20260629,5,29,"204400_at"
20260629,5,30,"200011_s_at"
20260629,5,31,"218726_at"
20260629,5,32,"218902_at"
20260629,5,33,"216092_s_at"
20260629,5,34,"203418_at"
20260629,5,35,"212638_s_at"
20260629,5,36,"209604_s_at"
20260629,5,37,"221986_s_at"
20260629,5,38,"201663_s_at"
20260629,5,39,"214431_at"
20260629,5,40,"209644_x_at"
20260629,5,41,"209122_at"
20260629,5,42,"203397_s_at"
20260629,5,43,"220295_x_at"
20260629,5,44,"212022_s_at"
20260629,5,45,"218542_at"
20260629,5,46,"218532_s_at"
20260629,5,47,"201930_at"
20260629,5,48,"206373_at"
20260629,5,49,"206194_at"
20260629,5,50,"208451_s_at"
20260629,5,51,"205339_at"
20260629,5,52,"221203_s_at"
20260629,5,53,"214428_x_at"
20260629,5,54,"204962_s_at"
20260629,5,55,"205683_x_at"
20260629,5,56,"204767_s_at"
20260629,5,57,"219956_at"
20260629,5,58,"203038_at"
20260629,5,59,"213032_at"
20260629,5,60,"221207_s_at"
20260629,5,61,"204493_at"
20260629,5,62,"221864_at"
20260629,5,63,"209289_at"
20260629,5,64,"201970_s_at"
20260629,5,65,"203702_s_at"
20260629,5,66,"218211_s_at"
20260629,5,67,"202134_s_at"
20260629,5,68,"212330_at"
20260629,5,69,"222068_s_at"
20260629,5,70,"216603_at"
20260629,5,71,"221677_s_at"
20260629,5,72,"203226_s_at"
20260629,5,73,"209623_at"
20260629,5,74,"214164_x_at"
20260629,5,75,"201664_at"
20260629,5,76,"201177_s_at"
20260629,5,77,"210074_at"
20260629,5,78,"218350_s_at"
20260629,5,79,"218755_at"
20260629,5,80,"221253_s_at"
20260629,5,81,"221872_at"
20260629,5,82,"217744_s_at"
20260629,5,83,"204023_at"
20260629,5,84,"209290_s_at"
20260629,5,85,"202263_at"
20260629,5,86,"204240_s_at"
20260629,5,87,"214053_at"
20260629,5,88,"203929_s_at"
20260629,5,89,"221046_s_at"
20260629,5,90,"219874_at"
20260629,5,91,"206391_at"
20260629,5,92,"203712_at"
20260629,5,93,"203571_s_at"
20260629,5,94,"218034_at"
20260629,5,95,"210024_s_at"
20260629,5,96,"201555_at"
20260629,5,97,"218355_at"
20260629,5,98,"213029_at"
20260629,5,99,"208549_x_at"
20260629,5,100,"218236_s_at"
20260630,1,1,"205225_at"
20260630,1,2,"204750_s_at"
20260630,1,3,"214440_at"
20260630,1,4,"204825_at"
20260630,1,5,"210084_x_at"
20260630,1,6,"212956_at"
20260630,1,7,"205548_s_at"
20260630,1,8,"213134_x_at"
20260630,1,9,"212960_at"
20260630,1,10,"202870_s_at"
20260630,1,11,"203999_at"
20260630,1,12,"203788_s_at"
20260630,1,13,"204822_at"
20260630,1,14,"210052_s_at"
20260630,1,15,"219051_x_at"
20260630,1,16,"212099_at"
20260630,1,17,"209408_at"
20260630,1,18,"209604_s_at"
20260630,1,19,"214431_at"
20260630,1,20,"203929_s_at"
20260630,1,21,"203693_s_at"
20260630,1,22,"208451_s_at"
20260630,1,23,"209623_at"
20260630,1,24,"204962_s_at"
20260630,1,25,"202035_s_at"
20260630,1,26,"206391_at"
20260630,1,27,"214428_x_at"
20260630,1,28,"222275_at"
20260630,1,29,"204315_s_at"
20260630,1,30,"209781_s_at"
20260630,1,31,"219197_s_at"
20260630,1,32,"209204_at"
20260630,1,33,"214053_at"
20260630,1,34,"212196_at"
20260630,1,35,"214109_at"
20260630,1,36,"216092_s_at"
20260630,1,37,"209603_at"
20260630,1,38,"203418_at"
20260630,1,39,"202134_s_at"
20260630,1,40,"222039_at"
20260630,1,41,"212492_s_at"
20260630,1,42,"218355_at"
20260630,1,43,"213032_at"
20260630,1,44,"220625_s_at"
20260630,1,45,"209290_s_at"
20260630,1,46,"202589_at"
20260630,1,47,"218211_s_at"
20260630,1,48,"218976_at"
20260630,1,49,"200718_s_at"
20260630,1,50,"206754_s_at"
20260630,1,51,"214164_x_at"
20260630,1,52,"203963_at"
20260630,1,53,"212022_s_at"
20260630,1,54,"206392_s_at"
20260630,1,55,"218236_s_at"
20260630,1,56,"207134_x_at"
20260630,1,57,"221986_s_at"
20260630,1,58,"212195_at"
20260630,1,59,"210735_s_at"
20260630,1,60,"209289_at"
20260630,1,61,"206373_at"
20260630,1,62,"218726_at"
20260630,1,63,"221872_at"
20260630,1,64,"215867_x_at"
20260630,1,65,"221864_at"
20260630,1,66,"204767_s_at"
20260630,1,67,"212638_s_at"
20260630,1,68,"209173_at"
20260630,1,69,"213029_at"
20260630,1,70,"203702_s_at"
20260630,1,71,"210074_at"
20260630,1,72,"218259_at"
20260630,1,73,"205201_at"
20260630,1,74,"209122_at"
20260630,1,75,"221046_s_at"
20260630,1,76,"201938_at"
20260630,1,77,"222125_s_at"
20260630,1,78,"204600_at"
20260630,1,79,"201231_s_at"
20260630,1,80,"221203_s_at"
20260630,1,81,"219752_at"
20260630,1,82,"221436_s_at"
20260630,1,83,"209644_x_at"
20260630,1,84,"203066_at"
20260630,1,85,"216603_at"
20260630,1,86,"208305_at"
20260630,1,87,"218009_s_at"
20260630,1,88,"221253_s_at"
20260630,1,89,"206194_at"
20260630,1,90,"218542_at"
20260630,1,91,"203130_s_at"
20260630,1,92,"204623_at"
20260630,1,93,"202107_s_at"
20260630,1,94,"201663_s_at"
20260630,1,95,"212660_at"
20260630,1,96,"212219_at"
20260630,1,97,"211235_s_at"
20260630,1,98,"220239_at"
20260630,1,99,"218755_at"
20260630,1,100,"209791_at"
20260630,2,1,"204750_s_at"
20260630,2,2,"204825_at"
20260630,2,3,"210084_x_at"
20260630,2,4,"219874_at"
20260630,2,5,"206373_at"
20260630,2,6,"205225_at"
20260630,2,7,"203038_at"
20260630,2,8,"209644_x_at"
20260630,2,9,"203999_at"
20260630,2,10,"213134_x_at"
20260630,2,11,"209122_at"
20260630,2,12,"218902_at"
20260630,2,13,"219051_x_at"
20260630,2,14,"205548_s_at"
20260630,2,15,"221872_at"
20260630,2,16,"203693_s_at"
20260630,2,17,"213032_at"
20260630,2,18,"204822_at"
20260630,2,19,"216237_s_at"
20260630,2,20,"216685_s_at"
20260630,2,21,"222275_at"
20260630,2,22,"207039_at"
20260630,2,23,"204400_at"
20260630,2,24,"209832_s_at"
20260630,2,25,"206391_at"
20260630,2,26,"221524_s_at"
20260630,2,27,"200718_s_at"
20260630,2,28,"210052_s_at"
20260630,2,29,"203702_s_at"
20260630,2,30,"202263_at"
20260630,2,31,"212099_at"
20260630,2,32,"204315_s_at"
20260630,2,33,"209289_at"
20260630,2,34,"202134_s_at"
20260630,2,35,"215034_s_at"
20260630,2,36,"209204_at"
20260630,2,37,"201231_s_at"
20260630,2,38,"209604_s_at"
20260630,2,39,"206869_at"
20260630,2,40,"208711_s_at"
20260630,2,41,"209781_s_at"
20260630,2,42,"213029_at"
20260630,2,43,"206392_s_at"
20260630,2,44,"212956_at"
20260630,2,45,"221203_s_at"
20260630,2,46,"202870_s_at"
20260630,2,47,"212330_at"
20260630,2,48,"214431_at"
20260630,2,49,"212960_at"
20260630,2,50,"218259_at"
20260630,2,51,"205696_s_at"
20260630,2,52,"219752_at"
20260630,2,53,"205357_s_at"
20260630,2,54,"203397_s_at"
20260630,2,55,"214109_at"
20260630,2,56,"209290_s_at"
20260630,2,57,"218532_s_at"
20260630,2,58,"200052_s_at"
20260630,2,59,"214053_at"
20260630,2,60,"218726_at"
20260630,2,61,"218856_at"
20260630,2,62,"209747_at"
20260630,2,63,"214440_at"
20260630,2,64,"210074_at"
20260630,2,65,"208616_s_at"
20260630,2,66,"204775_at"
20260630,2,67,"212638_s_at"
20260630,2,68,"207076_s_at"
20260630,2,69,"205201_at"
20260630,2,70,"204493_at"
20260630,2,71,"204751_x_at"
20260630,2,72,"218236_s_at"
20260630,2,73,"210024_s_at"
20260630,2,74,"203418_at"
20260630,2,75,"203256_at"
20260630,2,76,"222039_at"
20260630,2,77,"218755_at"
20260630,2,78,"218211_s_at"
20260630,2,79,"209623_at"
20260630,2,80,"219686_at"
20260630,2,81,"216092_s_at"
20260630,2,82,"204962_s_at"
20260630,2,83,"221986_s_at"
20260630,2,84,"214428_x_at"
20260630,2,85,"202483_s_at"
20260630,2,86,"201990_s_at"
20260630,2,87,"204304_s_at"
20260630,2,88,"206194_at"
20260630,2,89,"221207_s_at"
20260630,2,90,"202107_s_at"
20260630,2,91,"208712_at"
20260630,2,92,"222118_at"
20260630,2,93,"213523_at"
20260630,2,94,"206023_at"
20260630,2,95,"201755_at"
20260630,2,96,"205107_s_at"
20260630,2,97,"209341_s_at"
20260630,2,98,"201754_at"
20260630,2,99,"207011_s_at"
20260630,2,100,"212492_s_at"
20260630,3,1,"204750_s_at"
20260630,3,2,"204825_at"
20260630,3,3,"210052_s_at"
20260630,3,4,"209204_at"
20260630,3,5,"205225_at"
20260630,3,6,"221986_s_at"
20260630,3,7,"209623_at"
20260630,3,8,"212960_at"
20260630,3,9,"203358_s_at"
20260630,3,10,"203693_s_at"
20260630,3,11,"218211_s_at"
20260630,3,12,"212956_at"
20260630,3,13,"201938_at"
20260630,3,14,"212022_s_at"
20260630,3,15,"216092_s_at"
20260630,3,16,"221524_s_at"
20260630,3,17,"204822_at"
20260630,3,18,"201231_s_at"
20260630,3,19,"205074_at"
20260630,3,20,"200011_s_at"
20260630,3,21,"200718_s_at"
20260630,3,22,"202589_at"
20260630,3,23,"208022_s_at"
20260630,3,24,"213134_x_at"
20260630,3,25,"214164_x_at"
20260630,3,26,"210735_s_at"
20260630,3,27,"202870_s_at"
20260630,3,28,"204623_at"
20260630,3,29,"202933_s_at"
20260630,3,30,"215867_x_at"
20260630,3,31,"203038_at"
20260630,3,32,"218726_at"
20260630,3,33,"206194_at"
20260630,3,34,"205548_s_at"
20260630,3,35,"214440_at"
20260630,3,36,"222118_at"
20260630,3,37,"203702_s_at"
20260630,3,38,"219197_s_at"
20260630,3,39,"202412_s_at"
20260630,3,40,"218009_s_at"
20260630,3,41,"200670_at"
20260630,3,42,"209644_x_at"
20260630,3,43,"212099_at"
20260630,3,44,"212638_s_at"
20260630,3,45,"202263_at"
20260630,3,46,"200934_at"
20260630,3,47,"219874_at"
20260630,3,48,"201663_s_at"
20260630,3,49,"219051_x_at"
20260630,3,50,"218886_at"
20260630,3,51,"216237_s_at"
20260630,3,52,"214431_at"
20260630,3,53,"218902_at"
20260630,3,54,"200960_x_at"
20260630,3,55,"218542_at"
20260630,3,56,"222039_at"
20260630,3,57,"222275_at"
20260630,3,58,"203963_at"
20260630,3,59,"211714_x_at"
20260630,3,60,"214428_x_at"
20260630,3,61,"209289_at"
20260630,3,62,"210084_x_at"
20260630,3,63,"221203_s_at"
20260630,3,64,"204012_s_at"
20260630,3,65,"201584_s_at"
20260630,3,66,"204023_at"
20260630,3,67,"203999_at"
20260630,3,68,"201407_s_at"
20260630,3,69,"213029_at"
20260630,3,70,"213523_at"
20260630,3,71,"213032_at"
20260630,3,72,"209290_s_at"
20260630,3,73,"200755_s_at"
20260630,3,74,"209781_s_at"
20260630,3,75,"208451_s_at"
20260630,3,76,"213476_x_at"
20260630,3,77,"219956_at"
20260630,3,78,"201560_at"
20260630,3,79,"200783_s_at"
20260630,3,80,"203929_s_at"
20260630,3,81,"208872_s_at"
20260630,3,82,"204962_s_at"
20260630,3,83,"201930_at"
20260630,3,84,"208682_s_at"
20260630,3,85,"210074_at"
20260630,3,86,"218755_at"
20260630,3,87,"209604_s_at"
20260630,3,88,"206392_s_at"
20260630,3,89,"204605_at"
20260630,3,90,"203418_at"
20260630,3,91,"202911_at"
20260630,3,92,"215034_s_at"
20260630,3,93,"203476_at"
20260630,3,94,"209832_s_at"
20260630,3,95,"204203_at"
20260630,3,96,"202107_s_at"
20260630,3,97,"216603_at"
20260630,3,98,"218259_at"
20260630,3,99,"206869_at"
20260630,3,100,"204315_s_at"
20260630,4,1,"204400_at"
20260630,4,2,"204825_at"
20260630,4,3,"204750_s_at"
20260630,4,4,"203702_s_at"
20260630,4,5,"203999_at"
20260630,4,6,"210052_s_at"
20260630,4,7,"205225_at"
20260630,4,8,"203712_at"
20260630,4,9,"212099_at"
20260630,4,10,"221864_at"
20260630,4,11,"202263_at"
20260630,4,12,"204822_at"
20260630,4,13,"203693_s_at"
20260630,4,14,"213032_at"
20260630,4,15,"208451_s_at"
20260630,4,16,"214428_x_at"
20260630,4,17,"204962_s_at"
20260630,4,18,"209289_at"
20260630,4,19,"205548_s_at"
20260630,4,20,"200052_s_at"
20260630,4,21,"222039_at"
20260630,4,22,"215034_s_at"
20260630,4,23,"203397_s_at"
20260630,4,24,"212956_at"
20260630,4,25,"214440_at"
20260630,4,26,"209114_at"
20260630,4,27,"218726_at"
20260630,4,28,"200934_at"
20260630,4,29,"213134_x_at"
20260630,4,30,"210084_x_at"
20260630,4,31,"220238_s_at"
20260630,4,32,"218211_s_at"
20260630,4,33,"209290_s_at"
20260630,4,34,"202134_s_at"
20260630,4,35,"212960_at"
20260630,4,36,"202107_s_at"
20260630,4,37,"40093_at"
20260630,4,38,"209387_s_at"
20260630,4,39,"209204_at"
20260630,4,40,"213029_at"
20260630,4,41,"209604_s_at"
20260630,4,42,"218902_at"
20260630,4,43,"212330_at"
20260630,4,44,"209642_at"
20260630,4,45,"216237_s_at"
20260630,4,46,"209464_at"
20260630,4,47,"219051_x_at"
20260630,4,48,"209122_at"
20260630,4,49,"216092_s_at"
20260630,4,50,"218259_at"
20260630,4,51,"201755_at"
20260630,4,52,"209832_s_at"
20260630,4,53,"206373_at"
20260630,4,54,"220935_s_at"
20260630,4,55,"212441_at"
20260630,4,56,"209173_at"
20260630,4,57,"218755_at"
20260630,4,58,"201663_s_at"
20260630,4,59,"209644_x_at"
20260630,4,60,"214431_at"
20260630,4,61,"203571_s_at"
20260630,4,62,"209623_at"
20260630,4,63,"209421_at"
20260630,4,64,"221934_s_at"
20260630,4,65,"202240_at"
20260630,4,66,"202870_s_at"
20260630,4,67,"202483_s_at"
20260630,4,68,"211466_at"
20260630,4,69,"204493_at"
20260630,4,70,"209386_at"
20260630,4,71,"212492_s_at"
20260630,4,72,"203418_at"
20260630,4,73,"206194_at"
20260630,4,74,"202413_s_at"
20260630,4,75,"204203_at"
20260630,4,76,"214745_at"
20260630,4,77,"201555_at"
20260630,4,78,"219956_at"
20260630,4,79,"204767_s_at"
20260630,4,80,"210024_s_at"
20260630,4,81,"200718_s_at"
20260630,4,82,"222275_at"
20260630,4,83,"201664_at"
20260630,4,84,"209747_at"
20260630,4,85,"206754_s_at"
20260630,4,86,"206869_at"
20260630,4,87,"202589_at"
20260630,4,88,"212638_s_at"
20260630,4,89,"202412_s_at"
20260630,4,90,"213260_at"
20260630,4,91,"218350_s_at"
20260630,4,92,"214746_s_at"
20260630,4,93,"218164_at"
20260630,4,94,"205201_at"
20260630,4,95,"214053_at"
20260630,4,96,"208682_s_at"
20260630,4,97,"203066_at"
20260630,4,98,"214164_x_at"
20260630,4,99,"204623_at"
20260630,4,100,"217892_s_at"
20260630,5,1,"204750_s_at"
20260630,5,2,"205225_at"
20260630,5,3,"210084_x_at"
20260630,5,4,"205548_s_at"
20260630,5,5,"217744_s_at"
20260630,5,6,"213032_at"
20260630,5,7,"213134_x_at"
20260630,5,8,"218532_s_at"
20260630,5,9,"212956_at"
20260630,5,10,"221524_s_at"
20260630,5,11,"212960_at"
20260630,5,12,"206392_s_at"
20260630,5,13,"209289_at"
20260630,5,14,"203999_at"
20260630,5,15,"203702_s_at"
20260630,5,16,"222275_at"
20260630,5,17,"204825_at"
20260630,5,18,"212492_s_at"
20260630,5,19,"203693_s_at"
20260630,5,20,"200718_s_at"
20260630,5,21,"214440_at"
20260630,5,22,"221872_at"
20260630,5,23,"213029_at"
20260630,5,24,"212099_at"
20260630,5,25,"209604_s_at"
20260630,5,26,"218211_s_at"
20260630,5,27,"206391_at"
20260630,5,28,"209290_s_at"
20260630,5,29,"205696_s_at"
20260630,5,30,"218236_s_at"
20260630,5,31,"210024_s_at"
20260630,5,32,"206194_at"
20260630,5,33,"219051_x_at"
20260630,5,34,"212638_s_at"
20260630,5,35,"213249_at"
20260630,5,36,"218164_at"
20260630,5,37,"203038_at"
20260630,5,38,"211084_x_at"
20260630,5,39,"202341_s_at"
20260630,5,40,"204623_at"
20260630,5,41,"201970_s_at"
20260630,5,42,"211466_at"
20260630,5,43,"216092_s_at"
20260630,5,44,"205379_at"
20260630,5,45,"210740_s_at"
20260630,5,46,"218259_at"
20260630,5,47,"202932_at"
20260630,5,48,"202134_s_at"
20260630,5,49,"209204_at"
20260630,5,50,"215867_x_at"
20260630,5,51,"209822_s_at"
20260630,5,52,"214164_x_at"
20260630,5,53,"215034_s_at"
20260630,5,54,"204304_s_at"
20260630,5,55,"209386_at"
20260630,5,56,"210735_s_at"
20260630,5,57,"203963_at"
20260630,5,58,"202933_s_at"
20260630,5,59,"204822_at"
20260630,5,60,"204012_s_at"
20260630,5,61,"206373_at"
20260630,5,62,"201976_s_at"
20260630,5,63,"209114_at"
20260630,5,64,"218902_at"
20260630,5,65,"209623_at"
20260630,5,66,"218486_at"
20260630,5,67,"219956_at"
20260630,5,68,"209603_at"
20260630,5,69,"206869_at"
20260630,5,70,"209832_s_at"
20260630,5,71,"214053_at"
20260630,5,72,"216381_x_at"
20260630,5,73,"203066_at"
20260630,5,74,"210052_s_at"
20260630,5,75,"203705_s_at"
20260630,5,76,"221986_s_at"
20260630,5,77,"204751_x_at"
20260630,5,78,"209791_at"
20260630,5,79,"209421_at"
20260630,5,80,"205081_at"
20260630,5,81,"219741_x_at"
20260630,5,82,"202762_at"
20260630,5,83,"212265_at"
20260630,5,84,"221203_s_at"
20260630,5,85,"204667_at"
20260630,5,86,"220892_s_at"
20260630,5,87,"202752_x_at"
20260630,5,88,"204540_at"
20260630,5,89,"203256_at"
20260630,5,90,"205009_at"
20260630,5,91,"219874_at"
20260630,5,92,"204493_at"
20260630,5,93,"214431_at"
20260630,5,94,"207011_s_at"
20260630,5,95,"207134_x_at"
20260630,5,96,"201754_at"
20260630,5,97,"209173_at"
20260630,5,98,"203712_at"
20260630,5,99,"211712_s_at"
20260630,5,100,"201930_at"
20260631,1,1,"210084_x_at"
20260631,1,2,"204750_s_at"
20260631,1,3,"204825_at"
20260631,1,4,"206373_at"
20260631,1,5,"204962_s_at"
20260631,1,6,"210052_s_at"
20260631,1,7,"204822_at"
20260631,1,8,"204400_at"
20260631,1,9,"218726_at"
20260631,1,10,"213134_x_at"
20260631,1,11,"205548_s_at"
20260631,1,12,"215034_s_at"
20260631,1,13,"205225_at"
20260631,1,14,"209408_at"
20260631,1,15,"222039_at"
20260631,1,16,"203418_at"
20260631,1,17,"218755_at"
20260631,1,18,"221258_s_at"
20260631,1,19,"212099_at"
20260631,1,20,"203702_s_at"
20260631,1,21,"219051_x_at"
20260631,1,22,"209642_at"
20260631,1,23,"211519_s_at"
20260631,1,24,"203999_at"
20260631,1,25,"202589_at"
20260631,1,26,"203693_s_at"
20260631,1,27,"218542_at"
20260631,1,28,"209204_at"
20260631,1,29,"203038_at"
20260631,1,30,"202870_s_at"
20260631,1,31,"209832_s_at"
20260631,1,32,"222118_at"
20260631,1,33,"212956_at"
20260631,1,34,"204751_x_at"
20260631,1,35,"201555_at"
20260631,1,36,"218355_at"
20260631,1,37,"201663_s_at"
20260631,1,38,"218902_at"
20260631,1,39,"218532_s_at"
20260631,1,40,"202107_s_at"
20260631,1,41,"218259_at"
20260631,1,42,"209421_at"
20260631,1,43,"209644_x_at"
20260631,1,44,"200052_s_at"
20260631,1,45,"209604_s_at"
20260631,1,46,"204315_s_at"
20260631,1,47,"200783_s_at"
20260631,1,48,"208864_s_at"
20260631,1,49,"221524_s_at"
20260631,1,50,"214428_x_at"
20260631,1,51,"205339_at"
20260631,1,52,"214431_at"
20260631,1,53,"214440_at"
20260631,1,54,"200934_at"
20260631,1,55,"218350_s_at"
20260631,1,56,"220295_x_at"
20260631,1,57,"219874_at"
20260631,1,58,"204240_s_at"
20260631,1,59,"208451_s_at"
20260631,1,60,"212960_at"
20260631,1,61,"208711_s_at"
20260631,1,62,"209623_at"
20260631,1,63,"216603_at"
20260631,1,64,"221203_s_at"
20260631,1,65,"209122_at"
20260631,1,66,"209386_at"
20260631,1,67,"40093_at"
20260631,1,68,"212419_at"
20260631,1,69,"219197_s_at"
20260631,1,70,"213226_at"
20260631,1,71,"216092_s_at"
20260631,1,72,"218394_at"
20260631,1,73,"201231_s_at"
20260631,1,74,"206023_at"
20260631,1,75,"222275_at"
20260631,1,76,"200718_s_at"
20260631,1,77,"205394_at"
20260631,1,78,"209387_s_at"
20260631,1,79,"221934_s_at"
20260631,1,80,"212195_at"
20260631,1,81,"203712_at"
20260631,1,82,"216237_s_at"
20260631,1,83,"217924_at"
20260631,1,84,"209781_s_at"
20260631,1,85,"221864_at"
20260631,1,86,"221207_s_at"
20260631,1,87,"212022_s_at"
20260631,1,88,"218236_s_at"
20260631,1,89,"210074_at"
20260631,1,90,"201088_at"
20260631,1,91,"204023_at"
20260631,1,92,"204203_at"
20260631,1,93,"220238_s_at"
20260631,1,94,"218211_s_at"
20260631,1,95,"209747_at"
20260631,1,96,"202200_s_at"
20260631,1,97,"217640_x_at"
20260631,1,98,"221872_at"
20260631,1,99,"202705_at"
20260631,1,100,"203066_at"
20260631,2,1,"205225_at"
20260631,2,2,"213032_at"
20260631,2,3,"213029_at"
20260631,2,4,"204825_at"
20260631,2,5,"209289_at"
20260631,2,6,"204750_s_at"
20260631,2,7,"210084_x_at"
20260631,2,8,"209290_s_at"
20260631,2,9,"221986_s_at"
20260631,2,10,"205696_s_at"
20260631,2,11,"214440_at"
20260631,2,12,"219051_x_at"
20260631,2,13,"209604_s_at"
20260631,2,14,"203999_at"
20260631,2,15,"209832_s_at"
20260631,2,16,"205548_s_at"
20260631,2,17,"212960_at"
20260631,2,18,"212956_at"
20260631,2,19,"213134_x_at"
20260631,2,20,"206392_s_at"
20260631,2,21,"218259_at"
20260631,2,22,"200052_s_at"
20260631,2,23,"209204_at"
20260631,2,24,"206391_at"
20260631,2,25,"222275_at"
20260631,2,26,"206373_at"
20260631,2,27,"213033_s_at"
20260631,2,28,"202263_at"
20260631,2,29,"212492_s_at"
20260631,2,30,"221872_at"
20260631,2,31,"205009_at"
20260631,2,32,"204400_at"
20260631,2,33,"212099_at"
20260631,2,34,"216685_s_at"
20260631,2,35,"209122_at"
20260631,2,36,"203038_at"
20260631,2,37,"218211_s_at"
20260631,2,38,"214431_at"
20260631,2,39,"202035_s_at"
20260631,2,40,"204623_at"
20260631,2,41,"212638_s_at"
20260631,2,42,"209603_at"
20260631,2,43,"210052_s_at"
20260631,2,44,"219956_at"
20260631,2,45,"200718_s_at"
20260631,2,46,"209644_x_at"
20260631,2,47,"204304_s_at"
20260631,2,48,"221524_s_at"
20260631,2,49,"212811_x_at"
20260631,2,50,"203963_at"
20260631,2,51,"203702_s_at"
20260631,2,52,"204822_at"
20260631,2,53,"207039_at"
20260631,2,54,"211467_s_at"
20260631,2,55,"204605_at"
20260631,2,56,"202134_s_at"
20260631,2,57,"210735_s_at"
20260631,2,58,"214745_at"
20260631,2,59,"209791_at"
20260631,2,60,"221864_at"
20260631,2,61,"202341_s_at"
20260631,2,62,"214428_x_at"
20260631,2,63,"218164_at"
20260631,2,64,"211466_at"
20260631,2,65,"205074_at"
20260631,2,66,"216092_s_at"
20260631,2,67,"215867_x_at"
20260631,2,68,"202483_s_at"
20260631,2,69,"202342_s_at"
20260631,2,70,"214164_x_at"
20260631,2,71,"210024_s_at"
20260631,2,72,"209623_at"
20260631,2,73,"201231_s_at"
20260631,2,74,"202870_s_at"
20260631,2,75,"207134_x_at"
20260631,2,76,"209747_at"
20260631,2,77,"205201_at"
20260631,2,78,"214109_at"
20260631,2,79,"211235_s_at"
20260631,2,80,"212330_at"
20260631,2,81,"203693_s_at"
20260631,2,82,"209173_at"
20260631,2,83,"203256_at"
20260631,2,84,"212925_at"
20260631,2,85,"202204_s_at"
20260631,2,86,"216237_s_at"
20260631,2,87,"208451_s_at"
20260631,2,88,"203126_at"
20260631,2,89,"50965_at"
20260631,2,90,"212441_at"
20260631,2,91,"206869_at"
20260631,2,92,"201970_s_at"
20260631,2,93,"203773_x_at"
20260631,2,94,"219874_at"
20260631,2,95,"200960_x_at"
20260631,2,96,"202088_at"
20260631,2,97,"206194_at"
20260631,2,98,"209114_at"
20260631,2,99,"211712_s_at"
20260631,2,100,"203066_at"
20260631,3,1,"204750_s_at"
20260631,3,2,"204825_at"
20260631,3,3,"203693_s_at"
20260631,3,4,"210052_s_at"
20260631,3,5,"205225_at"
20260631,3,6,"204822_at"
20260631,3,7,"218211_s_at"
20260631,3,8,"222275_at"
20260631,3,9,"213134_x_at"
20260631,3,10,"201663_s_at"
20260631,3,11,"209623_at"
20260631,3,12,"200718_s_at"
20260631,3,13,"212960_at"
20260631,3,14,"202870_s_at"
20260631,3,15,"201970_s_at"
20260631,3,16,"216092_s_at"
20260631,3,17,"212022_s_at"
20260631,3,18,"206194_at"
20260631,3,19,"205548_s_at"
20260631,3,20,"218886_at"
20260631,3,21,"212956_at"
20260631,3,22,"215623_x_at"
20260631,3,23,"202589_at"
20260631,3,24,"205074_at"
20260631,3,25,"214440_at"
20260631,3,26,"221203_s_at"
20260631,3,27,"202911_at"
20260631,3,28,"216237_s_at"
20260631,3,29,"203999_at"
20260631,3,30,"206392_s_at"
20260631,3,31,"213523_at"
20260631,3,32,"214164_x_at"
20260631,3,33,"202240_at"
20260631,3,34,"210735_s_at"
20260631,3,35,"202107_s_at"
20260631,3,36,"203418_at"
20260631,3,37,"206391_at"
20260631,3,38,"214126_at"
20260631,3,39,"201231_s_at"
20260631,3,40,"200960_x_at"
20260631,3,41,"215867_x_at"
20260631,3,42,"218542_at"
20260631,3,43,"214053_at"
20260631,3,44,"201664_at"
20260631,3,45,"205339_at"
20260631,3,46,"218726_at"
20260631,3,47,"202134_s_at"
20260631,3,48,"209408_at"
20260631,3,49,"214431_at"
20260631,3,50,"222039_at"
20260631,3,51,"209386_at"
20260631,3,52,"209204_at"
20260631,3,53,"209781_s_at"
20260631,3,54,"218009_s_at"
20260631,3,55,"206364_at"
20260631,3,56,"209604_s_at"
20260631,3,57,"203963_at"
20260631,3,58,"201291_s_at"
20260631,3,59,"221524_s_at"
20260631,3,60,"201930_at"
20260631,3,61,"220239_at"
20260631,3,62,"209289_at"
20260631,3,63,"213032_at"
20260631,3,64,"215034_s_at"
20260631,3,65,"203702_s_at"
20260631,3,66,"211466_at"
20260631,3,67,"203358_s_at"
20260631,3,68,"204767_s_at"
20260631,3,69,"204962_s_at"
20260631,3,70,"219197_s_at"
20260631,3,71,"205569_at"
20260631,3,72,"201938_at"
20260631,3,73,"201795_at"
20260631,3,74,"202263_at"
20260631,3,75,"221864_at"
20260631,3,76,"201755_at"
20260631,3,77,"221934_s_at"
20260631,3,78,"202095_s_at"
20260631,3,79,"209290_s_at"
20260631,3,80,"212099_at"
20260631,3,81,"209464_at"
20260631,3,82,"202752_x_at"
20260631,3,83,"221872_at"
20260631,3,84,"218355_at"
20260631,3,85,"211467_s_at"
20260631,3,86,"202412_s_at"
20260631,3,87,"219752_at"
20260631,3,88,"201407_s_at"
20260631,3,89,"213029_at"
20260631,3,90,"210084_x_at"
20260631,3,91,"203764_at"
20260631,3,92,"204623_at"
20260631,3,93,"204023_at"
20260631,3,94,"210074_at"
20260631,3,95,"209421_at"
20260631,3,96,"222118_at"
20260631,3,97,"204914_s_at"
20260631,3,98,"208103_s_at"
20260631,3,99,"206869_at"
20260631,3,100,"218236_s_at"
20260631,4,1,"204750_s_at"
20260631,4,2,"205225_at"
20260631,4,3,"219874_at"
20260631,4,4,"203693_s_at"
20260631,4,5,"203038_at"
20260631,4,6,"209644_x_at"
20260631,4,7,"204825_at"
20260631,4,8,"218236_s_at"
20260631,4,9,"218902_at"
20260631,4,10,"203702_s_at"
20260631,4,11,"213032_at"
20260631,4,12,"210084_x_at"
20260631,4,13,"201563_at"
20260631,4,14,"212099_at"
20260631,4,15,"221524_s_at"
20260631,4,16,"209204_at"
20260631,4,17,"206194_at"
20260631,4,18,"204623_at"
20260631,4,19,"204012_s_at"
20260631,4,20,"212492_s_at"
20260631,4,21,"208022_s_at"
20260631,4,22,"212956_at"
20260631,4,23,"203999_at"
20260631,4,24,"212960_at"
20260631,4,25,"209114_at"
20260631,4,26,"206869_at"
20260631,4,27,"216092_s_at"
20260631,4,28,"204493_at"
20260631,4,29,"209289_at"
20260631,4,30,"221986_s_at"
20260631,4,31,"222275_at"
20260631,4,32,"210052_s_at"
20260631,4,33,"202933_s_at"
20260631,4,34,"214440_at"
20260631,4,35,"202762_at"
20260631,4,36,"209290_s_at"
20260631,4,37,"206392_s_at"
20260631,4,38,"214428_x_at"
20260631,4,39,"200718_s_at"
20260631,4,40,"205548_s_at"
20260631,4,41,"221872_at"
20260631,4,42,"204822_at"
20260631,4,43,"213134_x_at"
20260631,4,44,"214431_at"
20260631,4,45,"202134_s_at"
20260631,4,46,"218211_s_at"
20260631,4,47,"213029_at"
20260631,4,48,"221823_at"
20260631,4,49,"209122_at"
20260631,4,50,"206391_at"
20260631,4,51,"208451_s_at"
20260631,4,52,"218726_at"
20260631,4,53,"202263_at"
20260631,4,54,"212638_s_at"
20260631,4,55,"210074_at"
20260631,4,56,"203397_s_at"
20260631,4,57,"214053_at"
20260631,4,58,"219051_x_at"
20260631,4,59,"204315_s_at"
20260631,4,60,"207039_at"
20260631,4,61,"214109_at"
20260631,4,62,"216237_s_at"
20260631,4,63,"203712_at"
20260631,4,64,"209604_s_at"
20260631,4,65,"204962_s_at"
20260631,4,66,"200011_s_at"
20260631,4,67,"220238_s_at"
20260631,4,68,"205696_s_at"
20260631,4,69,"202870_s_at"
20260631,4,70,"202752_x_at"
20260631,4,71,"209623_at"
20260631,4,72,"211466_at"
20260631,4,73,"204400_at"
20260631,4,74,"202107_s_at"
20260631,4,75,"222039_at"
20260631,4,76,"201562_s_at"
20260631,4,77,"216381_x_at"
20260631,4,78,"213846_at"
20260631,4,79,"203030_s_at"
20260631,4,80,"221934_s_at"
20260631,4,81,"212022_s_at"
20260631,4,82,"200934_at"
20260631,4,83,"203126_at"
20260631,4,84,"218532_s_at"
20260631,4,85,"219197_s_at"
20260631,4,86,"221864_at"
20260631,4,87,"209173_at"
20260631,4,88,"222125_s_at"
20260631,4,89,"209832_s_at"
20260631,4,90,"206373_at"
20260631,4,91,"213260_at"
20260631,4,92,"203406_at"
20260631,4,93,"202554_s_at"
20260631,4,94,"203692_s_at"
20260631,4,95,"220540_at"
20260631,4,96,"218259_at"
20260631,4,97,"206754_s_at"
20260631,4,98,"204775_at"
20260631,4,99,"209384_at"
20260631,4,100,"214496_x_at"
20260631,5,1,"205225_at"
20260631,5,2,"203999_at"
20260631,5,3,"212956_at"
20260631,5,4,"205548_s_at"
20260631,5,5,"212099_at"
20260631,5,6,"204750_s_at"
20260631,5,7,"212960_at"
20260631,5,8,"214440_at"
20260631,5,9,"213134_x_at"
20260631,5,10,"203702_s_at"
20260631,5,11,"204825_at"
20260631,5,12,"209623_at"
20260631,5,13,"209387_s_at"
20260631,5,14,"210085_s_at"
20260631,5,15,"203693_s_at"
20260631,5,16,"218532_s_at"
20260631,5,17,"206754_s_at"
20260631,5,18,"219051_x_at"
20260631,5,19,"209386_at"
20260631,5,20,"205597_at"
20260631,5,21,"215034_s_at"
20260631,5,22,"209114_at"
20260631,5,23,"210024_s_at"
20260631,5,24,"200718_s_at"
20260631,5,25,"209289_at"
20260631,5,26,"203397_s_at"
20260631,5,27,"213651_at"
20260631,5,28,"218211_s_at"
20260631,5,29,"209204_at"
20260631,5,30,"208451_s_at"
20260631,5,31,"209604_s_at"
20260631,5,32,"212638_s_at"
20260631,5,33,"201231_s_at"
20260631,5,34,"202134_s_at"
20260631,5,35,"209173_at"
20260631,5,36,"214164_x_at"
20260631,5,37,"209781_s_at"
20260631,5,38,"203143_s_at"
20260631,5,39,"214428_x_at"
20260631,5,40,"218902_at"
20260631,5,41,"218259_at"
20260631,5,42,"213032_at"
20260631,5,43,"219752_at"
20260631,5,44,"209290_s_at"
20260631,5,45,"203963_at"
20260631,5,46,"210084_x_at"
20260631,5,47,"216092_s_at"
20260631,5,48,"213249_at"
20260631,5,49,"210735_s_at"
20260631,5,50,"204012_s_at"
20260631,5,51,"213260_at"
20260631,5,52,"219956_at"
20260631,5,53,"204881_s_at"
20260631,5,54,"202263_at"
20260631,5,55,"213029_at"
20260631,5,56,"215867_x_at"
20260631,5,57,"221524_s_at"
20260631,5,58,"210052_s_at"
20260631,5,59,"212265_at"
20260631,5,60,"202088_at"
20260631,5,61,"200934_at"
20260631,5,62,"204400_at"
20260631,5,63,"205734_s_at"
20260631,5,64,"208165_s_at"
20260631,5,65,"206373_at"
20260631,5,66,"203712_at"
20260631,5,67,"208682_s_at"
20260631,5,68,"217744_s_at"
20260631,5,69,"204667_at"
20260631,5,70,"219806_s_at"
20260631,5,71,"209603_at"
20260631,5,72,"220625_s_at"
20260631,5,73,"202089_s_at"
20260631,5,74,"222125_s_at"
20260631,5,75,"212492_s_at"
20260631,5,76,"211234_x_at"
20260631,5,77,"204605_at"
20260631,5,78,"214053_at"
20260631,5,79,"204822_at"
20260631,5,80,"220295_x_at"
20260631,5,81,"214109_at"
20260631,5,82,"211712_s_at"
20260631,5,83,"200670_at"
20260631,5,84,"202870_s_at"
20260631,5,85,"222039_at"
20260631,5,86,"200011_s_at"
20260631,5,87,"209791_at"
20260631,5,88,"221823_at"
20260631,5,89,"206194_at"
20260631,5,90,"203571_s_at"
20260631,5,91,"205081_at"
20260631,5,92,"203066_at"
20260631,5,93,"209832_s_at"
20260631,5,94,"203692_s_at"
20260631,5,95,"216237_s_at"
20260631,5,96,"209443_at"
20260631,5,97,"205186_at"
20260631,5,98,"202035_s_at"
20260631,5,99,"212195_at"
20260631,5,100,"218164_at"
20260632,1,1,"204750_s_at"
20260632,1,2,"205225_at"
20260632,1,3,"204825_at"
20260632,1,4,"204775_at"
20260632,1,5,"204822_at"
20260632,1,6,"210084_x_at"
20260632,1,7,"221524_s_at"
20260632,1,8,"212960_at"
20260632,1,9,"218755_at"
20260632,1,10,"213134_x_at"
20260632,1,11,"203999_at"
20260632,1,12,"203693_s_at"
20260632,1,13,"202870_s_at"
20260632,1,14,"212956_at"
20260632,1,15,"219197_s_at"
20260632,1,16,"210052_s_at"
20260632,1,17,"209204_at"
20260632,1,18,"216092_s_at"
20260632,1,19,"218259_at"
20260632,1,20,"205548_s_at"
20260632,1,21,"215034_s_at"
20260632,1,22,"205696_s_at"
20260632,1,23,"214440_at"
20260632,1,24,"209122_at"
20260632,1,25,"202263_at"
20260632,1,26,"212099_at"
20260632,1,27,"206869_at"
20260632,1,28,"209421_at"
20260632,1,29,"201231_s_at"
20260632,1,30,"218902_at"
20260632,1,31,"219051_x_at"
20260632,1,32,"219874_at"
20260632,1,33,"217294_s_at"
20260632,1,34,"209604_s_at"
20260632,1,35,"218211_s_at"
20260632,1,36,"200052_s_at"
20260632,1,37,"204623_at"
20260632,1,38,"200718_s_at"
20260632,1,39,"214053_at"
20260632,1,40,"214431_at"
20260632,1,41,"222275_at"
20260632,1,42,"209832_s_at"
20260632,1,43,"204962_s_at"
20260632,1,44,"218009_s_at"
20260632,1,45,"210735_s_at"
20260632,1,46,"205201_at"
20260632,1,47,"214164_x_at"
20260632,1,48,"219741_x_at"
20260632,1,49,"202808_at"
20260632,1,50,"208682_s_at"
20260632,1,51,"215867_x_at"
20260632,1,52,"212638_s_at"
20260632,1,53,"203038_at"
20260632,1,54,"222039_at"
20260632,1,55,"221864_at"
20260632,1,56,"204400_at"
20260632,1,57,"200934_at"
20260632,1,58,"201177_s_at"
20260632,1,59,"203963_at"
20260632,1,60,"212195_at"
20260632,1,61,"203702_s_at"
20260632,1,62,"222158_s_at"
20260632,1,63,"209623_at"
20260632,1,64,"209173_at"
20260632,1,65,"216237_s_at"
20260632,1,66,"209386_at"
20260632,1,67,"213032_at"
20260632,1,68,"202752_x_at"
20260632,1,69,"218726_at"
20260632,1,70,"206373_at"
20260632,1,71,"208616_s_at"
20260632,1,72,"214109_at"
20260632,1,73,"202589_at"
20260632,1,74,"202204_s_at"
20260632,1,75,"219956_at"
20260632,1,76,"204605_at"
20260632,1,77,"221986_s_at"
20260632,1,78,"218236_s_at"
20260632,1,79,"204493_at"
20260632,1,80,"202088_at"
20260632,1,81,"201778_s_at"
20260632,1,82,"204146_at"
20260632,1,83,"211714_x_at"
20260632,1,84,"215729_s_at"
20260632,1,85,"221872_at"
20260632,1,86,"212196_at"
20260632,1,87,"209114_at"
20260632,1,88,"209387_s_at"
20260632,1,89,"212219_at"
20260632,1,90,"205347_s_at"
20260632,1,91,"209289_at"
20260632,1,92,"218532_s_at"
20260632,1,93,"206392_s_at"
20260632,1,94,"214428_x_at"
20260632,1,95,"216603_at"
20260632,1,96,"209366_x_at"
20260632,1,97,"50965_at"
20260632,1,98,"202933_s_at"
20260632,1,99,"218486_at"
20260632,1,100,"200810_s_at"
20260632,2,1,"204750_s_at"
20260632,2,2,"209623_at"
20260632,2,3,"203702_s_at"
20260632,2,4,"205548_s_at"
20260632,2,5,"205225_at"
20260632,2,6,"213134_x_at"
20260632,2,7,"214440_at"
20260632,2,8,"222275_at"
20260632,2,9,"204825_at"
20260632,2,10,"1438_at"
20260632,2,11,"206391_at"
20260632,2,12,"203693_s_at"
20260632,2,13,"219752_at"
20260632,2,14,"206373_at"
20260632,2,15,"218236_s_at"
20260632,2,16,"218211_s_at"
20260632,2,17,"221934_s_at"
20260632,2,18,"206392_s_at"
20260632,2,19,"212960_at"
20260632,2,20,"204400_at"
20260632,2,21,"212956_at"
20260632,2,22,"202134_s_at"
20260632,2,23,"206194_at"
20260632,2,24,"212099_at"
20260632,2,25,"201407_s_at"
20260632,2,26,"216092_s_at"
20260632,2,27,"214053_at"
20260632,2,28,"221872_at"
20260632,2,29,"204822_at"
20260632,2,30,"219498_s_at"
20260632,2,31,"222125_s_at"
20260632,2,32,"209109_s_at"
20260632,2,33,"218238_at"
20260632,2,34,"210024_s_at"
20260632,2,35,"219983_at"
20260632,2,36,"220625_s_at"
20260632,2,37,"203712_at"
20260632,2,38,"210052_s_at"
20260632,2,39,"203963_at"
20260632,2,40,"212492_s_at"
20260632,2,41,"202933_s_at"
20260632,2,42,"209604_s_at"
20260632,2,43,"209114_at"
20260632,2,44,"203999_at"
20260632,2,45,"204962_s_at"
20260632,2,46,"214164_x_at"
20260632,2,47,"219984_s_at"
20260632,2,48,"200755_s_at"
20260632,2,49,"215867_x_at"
20260632,2,50,"209791_at"
20260632,2,51,"219051_x_at"
20260632,2,52,"214428_x_at"
20260632,2,53,"213260_at"
20260632,2,54,"218532_s_at"
20260632,2,55,"201938_at"
20260632,2,56,"210074_at"
20260632,2,57,"210735_s_at"
20260632,2,58,"205074_at"
20260632,2,59,"203788_s_at"
20260632,2,60,"209204_at"
20260632,2,61,"218164_at"
20260632,2,62,"205696_s_at"
20260632,2,63,"208451_s_at"
20260632,2,64,"218486_at"
20260632,2,65,"206754_s_at"
20260632,2,66,"215034_s_at"
20260632,2,67,"204061_at"
20260632,2,68,"219874_at"
20260632,2,69,"209289_at"
20260632,2,70,"210084_x_at"
20260632,2,71,"202870_s_at"
20260632,2,72,"221524_s_at"
20260632,2,73,"212638_s_at"
20260632,2,74,"200718_s_at"
20260632,2,75,"218692_at"
20260632,2,76,"213523_at"
20260632,2,77,"213032_at"
20260632,2,78,"209603_at"
20260632,2,79,"200052_s_at"
20260632,2,80,"208941_s_at"
20260632,2,81,"202412_s_at"
20260632,2,82,"208650_s_at"
20260632,2,83,"203397_s_at"
20260632,2,84,"204315_s_at"
20260632,2,85,"208103_s_at"
20260632,2,86,"202762_at"
20260632,2,87,"209822_s_at"
20260632,2,88,"204667_at"
20260632,2,89,"204012_s_at"
20260632,2,90,"203038_at"
20260632,2,91,"203418_at"
20260632,2,92,"209387_s_at"
20260632,2,93,"209290_s_at"
20260632,2,94,"200960_x_at"
20260632,2,95,"213249_at"
20260632,2,96,"209781_s_at"
20260632,2,97,"212265_at"
20260632,2,98,"218868_at"
20260632,2,99,"204600_at"
20260632,2,100,"202107_s_at"
20260632,3,1,"205225_at"
20260632,3,2,"203999_at"
20260632,3,3,"204750_s_at"
20260632,3,4,"209604_s_at"
20260632,3,5,"203702_s_at"
20260632,3,6,"212956_at"
20260632,3,7,"202134_s_at"
20260632,3,8,"219051_x_at"
20260632,3,9,"204623_at"
20260632,3,10,"213032_at"
20260632,3,11,"218211_s_at"
20260632,3,12,"212960_at"
20260632,3,13,"205548_s_at"
20260632,3,14,"203693_s_at"
20260632,3,15,"204825_at"
20260632,3,16,"213134_x_at"
20260632,3,17,"212099_at"
20260632,3,18,"206194_at"
20260632,3,19,"209204_at"
20260632,3,20,"222275_at"
20260632,3,21,"209781_s_at"
20260632,3,22,"209289_at"
20260632,3,23,"200718_s_at"
20260632,3,24,"212492_s_at"
20260632,3,25,"214428_x_at"
20260632,3,26,"215034_s_at"
20260632,3,27,"214440_at"
20260632,3,28,"206869_at"
20260632,3,29,"212638_s_at"
20260632,3,30,"202341_s_at"
20260632,3,31,"213029_at"
20260632,3,32,"209290_s_at"
20260632,3,33,"220540_at"
20260632,3,34,"208451_s_at"
20260632,3,35,"221524_s_at"
20260632,3,36,"210024_s_at"
20260632,3,37,"221872_at"
20260632,3,38,"214109_at"
20260632,3,39,"209386_at"
20260632,3,40,"205009_at"
20260632,3,41,"204304_s_at"
20260632,3,42,"209603_at"
20260632,3,43,"210735_s_at"
20260632,3,44,"206373_at"
20260632,3,45,"206392_s_at"
20260632,3,46,"203256_at"
20260632,3,47,"216237_s_at"
20260632,3,48,"209623_at"
20260632,3,49,"209173_at"
20260632,3,50,"211234_x_at"
20260632,3,51,"210084_x_at"
20260632,3,52,"218164_at"
20260632,3,53,"214164_x_at"
20260632,3,54,"221823_at"
20260632,3,55,"218259_at"
20260632,3,56,"206391_at"
20260632,3,57,"216092_s_at"
20260632,3,58,"202263_at"
20260632,3,59,"219956_at"
20260632,3,60,"220425_x_at"
20260632,3,61,"208711_s_at"
20260632,3,62,"203963_at"
20260632,3,63,"200934_at"
20260632,3,64,"209122_at"
20260632,3,65,"215867_x_at"
20260632,3,66,"210052_s_at"
20260632,3,67,"202932_at"
20260632,3,68,"209644_x_at"
20260632,3,69,"205696_s_at"
20260632,3,70,"216381_x_at"
20260632,3,71,"204751_x_at"
20260632,3,72,"222125_s_at"
20260632,3,73,"206754_s_at"
20260632,3,74,"203397_s_at"
20260632,3,75,"221986_s_at"
20260632,3,76,"205081_at"
20260632,3,77,"214053_at"
20260632,3,78,"201938_at"
20260632,3,79,"209387_s_at"
20260632,3,80,"35666_at"
20260632,3,81,"40093_at"
20260632,3,82,"204667_at"
20260632,3,83,"202035_s_at"
20260632,3,84,"200052_s_at"
20260632,3,85,"214431_at"
20260632,3,86,"204400_at"
20260632,3,87,"209791_at"
20260632,3,88,"202620_s_at"
20260632,3,89,"217838_s_at"
20260632,3,90,"201970_s_at"
20260632,3,91,"202933_s_at"
20260632,3,92,"211235_s_at"
20260632,3,93,"203571_s_at"
20260632,3,94,"213033_s_at"
20260632,3,95,"212441_at"
20260632,3,96,"208712_at"
20260632,3,97,"203066_at"
20260632,3,98,"211466_at"
20260632,3,99,"202870_s_at"
20260632,3,100,"219741_x_at"
20260632,4,1,"210084_x_at"
20260632,4,2,"204825_at"
20260632,4,3,"204750_s_at"
20260632,4,4,"210052_s_at"
20260632,4,5,"205225_at"
20260632,4,6,"204822_at"
20260632,4,7,"203693_s_at"
20260632,4,8,"209644_x_at"
20260632,4,9,"220295_x_at"
20260632,4,10,"218726_at"
20260632,4,11,"206373_at"
20260632,4,12,"218902_at"
20260632,4,13,"222039_at"
20260632,4,14,"209408_at"
20260632,4,15,"203038_at"
20260632,4,16,"205548_s_at"
20260632,4,17,"209289_at"
20260632,4,18,"212956_at"
20260632,4,19,"203999_at"
20260632,4,20,"204767_s_at"
20260632,4,21,"221524_s_at"
20260632,4,22,"202589_at"
20260632,4,23,"214440_at"
20260632,4,24,"213029_at"
20260632,4,25,"212638_s_at"
20260632,4,26,"209290_s_at"
20260632,4,27,"222118_at"
20260632,4,28,"213032_at"
20260632,4,29,"204962_s_at"
20260632,4,30,"212099_at"
20260632,4,31,"200718_s_at"
20260632,4,32,"209623_at"
20260632,4,33,"209832_s_at"
20260632,4,34,"209204_at"
20260632,4,35,"203702_s_at"
20260632,4,36,"202870_s_at"
20260632,4,37,"221203_s_at"
20260632,4,38,"204400_at"
20260632,4,39,"221872_at"
20260632,4,40,"216237_s_at"
20260632,4,41,"220238_s_at"
20260632,4,42,"214431_at"
20260632,4,43,"219051_x_at"
20260632,4,44,"213134_x_at"
20260632,4,45,"207039_at"
20260632,4,46,"212022_s_at"
20260632,4,47,"218355_at"
20260632,4,48,"218532_s_at"
20260632,4,49,"209604_s_at"
20260632,4,50,"201231_s_at"
20260632,4,51,"209122_at"
20260632,4,52,"201663_s_at"
20260632,4,53,"206391_at"
20260632,4,54,"200052_s_at"
20260632,4,55,"206392_s_at"
20260632,4,56,"212960_at"
20260632,4,57,"209443_at"
20260632,4,58,"218211_s_at"
20260632,4,59,"207076_s_at"
20260632,4,60,"216603_at"
20260632,4,61,"209781_s_at"
20260632,4,62,"209642_at"
20260632,4,63,"218259_at"
20260632,4,64,"215034_s_at"
20260632,4,65,"218542_at"
20260632,4,66,"206279_at"
20260632,4,67,"214428_x_at"
20260632,4,68,"204605_at"
20260632,4,69,"200011_s_at"
20260632,4,70,"210074_at"
20260632,4,71,"203712_at"
20260632,4,72,"204012_s_at"
20260632,4,73,"203963_at"
20260632,4,74,"221207_s_at"
20260632,4,75,"208451_s_at"
20260632,4,76,"212330_at"
20260632,4,77,"221046_s_at"
20260632,4,78,"213476_x_at"
20260632,4,79,"214164_x_at"
20260632,4,80,"202240_at"
20260632,4,81,"203418_at"
20260632,4,82,"218755_at"
20260632,4,83,"219956_at"
20260632,4,84,"202134_s_at"
20260632,4,85,"221986_s_at"
20260632,4,86,"221864_at"
20260632,4,87,"207134_x_at"
20260632,4,88,"203929_s_at"
20260632,4,89,"216092_s_at"
20260632,4,90,"45633_at"
20260632,4,91,"215867_x_at"
20260632,4,92,"201555_at"
20260632,4,93,"212195_at"
20260632,4,94,"205201_at"
20260632,4,95,"202107_s_at"
20260632,4,96,"202263_at"
20260632,4,97,"209386_at"
20260632,4,98,"204318_s_at"
20260632,4,99,"203397_s_at"
20260632,4,100,"211714_x_at"
20260632,5,1,"204825_at"
20260632,5,2,"204750_s_at"
20260632,5,3,"210052_s_at"
20260632,5,4,"213032_at"
20260632,5,5,"209289_at"
20260632,5,6,"209832_s_at"
20260632,5,7,"221986_s_at"
20260632,5,8,"213029_at"
20260632,5,9,"212099_at"
20260632,5,10,"218350_s_at"
20260632,5,11,"209290_s_at"
20260632,5,12,"213134_x_at"
20260632,5,13,"205225_at"
20260632,5,14,"214431_at"
20260632,5,15,"202263_at"
20260632,5,16,"209644_x_at"
20260632,5,17,"211466_at"
20260632,5,18,"212022_s_at"
20260632,5,19,"201970_s_at"
20260632,5,20,"222039_at"
20260632,5,21,"200718_s_at"
20260632,5,22,"205296_at"
20260632,5,23,"205548_s_at"
20260632,5,24,"203999_at"
20260632,5,25,"216237_s_at"
20260632,5,26,"218902_at"
20260632,5,27,"200011_s_at"
20260632,5,28,"212960_at"
20260632,5,29,"202107_s_at"
20260632,5,30,"209204_at"
20260632,5,31,"210084_x_at"
20260632,5,32,"203038_at"
20260632,5,33,"204822_at"
20260632,5,34,"219051_x_at"
20260632,5,35,"212330_at"
20260632,5,36,"206194_at"
20260632,5,37,"204315_s_at"
20260632,5,38,"212956_at"
20260632,5,39,"203030_s_at"
20260632,5,40,"218726_at"
20260632,5,41,"221864_at"
20260632,5,42,"201664_at"
20260632,5,43,"207039_at"
20260632,5,44,"214440_at"
20260632,5,45,"202870_s_at"
20260632,5,46,"200934_at"
20260632,5,47,"209114_at"
20260632,5,48,"202412_s_at"
20260632,5,49,"203693_s_at"
20260632,5,50,"201231_s_at"
20260632,5,51,"208451_s_at"
20260632,5,52,"203418_at"
20260632,5,53,"201663_s_at"
20260632,5,54,"200663_at"
20260632,5,55,"216092_s_at"
20260632,5,56,"201930_at"
20260632,5,57,"204695_at"
20260632,5,58,"221677_s_at"
20260632,5,59,"202911_at"
20260632,5,60,"221203_s_at"
20260632,5,61,"217714_x_at"
20260632,5,62,"221253_s_at"
20260632,5,63,"204162_at"
20260632,5,64,"204050_s_at"
20260632,5,65,"201563_at"
20260632,5,66,"213523_at"
20260632,5,67,"222275_at"
20260632,5,68,"220540_at"
20260632,5,69,"204962_s_at"
20260632,5,70,"214428_x_at"
20260632,5,71,"200960_x_at"
20260632,5,72,"205339_at"
20260632,5,73,"212492_s_at"
20260632,5,74,"219874_at"
20260632,5,75,"202589_at"
20260632,5,76,"202240_at"
20260632,5,77,"201177_s_at"
20260632,5,78,"218259_at"
20260632,5,79,"216685_s_at"
20260632,5,80,"209464_at"
20260632,5,81,"206869_at"
20260632,5,82,"221046_s_at"
20260632,5,83,"203066_at"
20260632,5,84,"214109_at"
20260632,5,85,"218211_s_at"
20260632,5,86,"211084_x_at"
20260632,5,87,"221856_s_at"
20260632,5,88,"201305_x_at"
20260632,5,89,"209604_s_at"
20260632,5,90,"212021_s_at"
20260632,5,91,"205696_s_at"
20260632,5,92,"209408_at"
20260632,5,93,"206102_at"
20260632,5,94,"208895_s_at"
20260632,5,95,"209669_s_at"
20260632,5,96,"218532_s_at"
20260632,5,97,"201755_at"
20260632,5,98,"220238_s_at"
20260632,5,99,"202413_s_at"
20260632,5,100,"212020_s_at"
20260633,1,1,"205225_at"
20260633,1,2,"221986_s_at"
20260633,1,3,"204750_s_at"
20260633,1,4,"203693_s_at"
20260633,1,5,"206194_at"
20260633,1,6,"213032_at"
20260633,1,7,"214440_at"
20260633,1,8,"204825_at"
20260633,1,9,"202263_at"
20260633,1,10,"203702_s_at"
20260633,1,11,"212960_at"
20260633,1,12,"218211_s_at"
20260633,1,13,"202341_s_at"
20260633,1,14,"212956_at"
20260633,1,15,"205696_s_at"
20260633,1,16,"209289_at"
20260633,1,17,"204623_at"
20260633,1,18,"212099_at"
20260633,1,19,"203999_at"
20260633,1,20,"205044_at"
20260633,1,21,"222275_at"
20260633,1,22,"215034_s_at"
20260633,1,23,"219956_at"
20260633,1,24,"206373_at"
20260633,1,25,"209386_at"
20260633,1,26,"219051_x_at"
20260633,1,27,"203712_at"
20260633,1,28,"209290_s_at"
20260633,1,29,"204400_at"
20260633,1,30,"213029_at"
20260633,1,31,"215867_x_at"
20260633,1,32,"214164_x_at"
20260633,1,33,"205009_at"
20260633,1,34,"209173_at"
20260633,1,35,"210735_s_at"
20260633,1,36,"212638_s_at"
20260633,1,37,"206754_s_at"
20260633,1,38,"201970_s_at"
20260633,1,39,"216092_s_at"
20260633,1,40,"209604_s_at"
20260633,1,41,"201030_x_at"
20260633,1,42,"209387_s_at"
20260633,1,43,"202933_s_at"
20260633,1,44,"204667_at"
20260633,1,45,"203963_at"
20260633,1,46,"200718_s_at"
20260633,1,47,"213564_x_at"
20260633,1,48,"213134_x_at"
20260633,1,49,"218164_at"
20260633,1,50,"202134_s_at"
20260633,1,51,"210084_x_at"
20260633,1,52,"208451_s_at"
20260633,1,53,"206392_s_at"
20260633,1,54,"209204_at"
20260633,1,55,"204822_at"
20260633,1,56,"209791_at"
20260633,1,57,"221934_s_at"
20260633,1,58,"214745_at"
20260633,1,59,"221872_at"
20260633,1,60,"212492_s_at"
20260633,1,61,"205548_s_at"
20260633,1,62,"214428_x_at"
20260633,1,63,"218259_at"
20260633,1,64,"203066_at"
20260633,1,65,"209421_at"
20260633,1,66,"213260_at"
20260633,1,67,"215729_s_at"
20260633,1,68,"203397_s_at"
20260633,1,69,"221864_at"
20260633,1,70,"209122_at"
20260633,1,71,"211084_x_at"
20260633,1,72,"206391_at"
20260633,1,73,"204304_s_at"
20260633,1,74,"202035_s_at"
20260633,1,75,"220425_x_at"
20260633,1,76,"202870_s_at"
20260633,1,77,"214053_at"
20260633,1,78,"213523_at"
20260633,1,79,"219752_at"
20260633,1,80,"210052_s_at"
20260633,1,81,"202342_s_at"
20260633,1,82,"222039_at"
20260633,1,83,"203038_at"
20260633,1,84,"204962_s_at"
20260633,1,85,"200052_s_at"
20260633,1,86,"209644_x_at"
20260633,1,87,"214431_at"
20260633,1,88,"220625_s_at"
20260633,1,89,"221524_s_at"
20260633,1,90,"200934_at"
20260633,1,91,"202107_s_at"
20260633,1,92,"204508_s_at"
20260633,1,93,"209603_at"
20260633,1,94,"205201_at"
20260633,1,95,"210246_s_at"
20260633,1,96,"204045_at"
20260633,1,97,"218976_at"
20260633,1,98,"221823_at"
20260633,1,99,"211466_at"
20260633,1,100,"220540_at"
20260633,2,1,"204750_s_at"
20260633,2,2,"205548_s_at"
20260633,2,3,"208022_s_at"
20260633,2,4,"218236_s_at"
20260633,2,5,"213134_x_at"
20260633,2,6,"204825_at"
20260633,2,7,"209623_at"
20260633,2,8,"203702_s_at"
20260633,2,9,"205225_at"
20260633,2,10,"202933_s_at"
20260633,2,11,"210024_s_at"
20260633,2,12,"203693_s_at"
20260633,2,13,"212099_at"
20260633,2,14,"200718_s_at"
20260633,2,15,"210084_x_at"
20260633,2,16,"218211_s_at"
20260633,2,17,"209781_s_at"
20260633,2,18,"209289_at"
20260633,2,19,"219051_x_at"
20260633,2,20,"203999_at"
20260633,2,21,"218532_s_at"
20260633,2,22,"202932_at"
20260633,2,23,"210052_s_at"
20260633,2,24,"203038_at"
20260633,2,25,"205696_s_at"
20260633,2,26,"213032_at"
20260633,2,27,"212960_at"
20260633,2,28,"206194_at"
20260633,2,29,"213029_at"
20260633,2,30,"212956_at"
20260633,2,31,"209290_s_at"
20260633,2,32,"206373_at"
20260633,2,33,"204822_at"
20260633,2,34,"216092_s_at"
20260633,2,35,"214440_at"
20260633,2,36,"218902_at"
20260633,2,37,"221872_at"
20260633,2,38,"201976_s_at"
20260633,2,39,"204012_s_at"
20260633,2,40,"219498_s_at"
20260633,2,41,"206391_at"
20260633,2,42,"200960_x_at"
20260633,2,43,"206392_s_at"
20260633,2,44,"209644_x_at"
20260633,2,45,"222275_at"
20260633,2,46,"209204_at"
20260633,2,47,"217744_s_at"
20260633,2,48,"204400_at"
20260633,2,49,"209109_s_at"
20260633,2,50,"221203_s_at"
20260633,2,51,"212265_at"
20260633,2,52,"221524_s_at"
20260633,2,53,"201938_at"
20260633,2,54,"213249_at"
20260633,2,55,"203418_at"
20260633,2,56,"209604_s_at"
20260633,2,57,"200755_s_at"
20260633,2,58,"209114_at"
20260633,2,59,"220540_at"
20260633,2,60,"204751_x_at"
20260633,2,61,"201231_s_at"
20260633,2,62,"209211_at"
20260633,2,63,"202762_at"
20260633,2,64,"210085_s_at"
20260633,2,65,"216295_s_at"
20260633,2,66,"210735_s_at"
20260633,2,67,"218886_at"
20260633,2,68,"209832_s_at"
20260633,2,69,"204493_at"
20260633,2,70,"203712_at"
20260633,2,71,"207039_at"
20260633,2,72,"207011_s_at"
20260633,2,73,"215034_s_at"
20260633,2,74,"201407_s_at"
20260633,2,75,"204050_s_at"
20260633,2,76,"214164_x_at"
20260633,2,77,"209386_at"
20260633,2,78,"214496_x_at"
20260633,2,79,"205074_at"
20260633,2,80,"221934_s_at"
20260633,2,81,"214431_at"
20260633,2,82,"202134_s_at"
20260633,2,83,"204761_at"
20260633,2,84,"209822_s_at"
20260633,2,85,"222039_at"
20260633,2,86,"218164_at"
20260633,2,87,"218726_at"
20260633,2,88,"221986_s_at"
20260633,2,89,"210758_at"
20260633,2,90,"203458_at"
20260633,2,91,"220295_x_at"
20260633,2,92,"203615_x_at"
20260633,2,93,"212492_s_at"
20260633,2,94,"221591_s_at"
20260633,2,95,"205122_at"
20260633,2,96,"219984_s_at"
20260633,2,97,"204061_at"
20260633,2,98,"210074_at"
20260633,2,99,"203963_at"
20260633,2,100,"218259_at"
20260633,3,1,"210084_x_at"
20260633,3,2,"205225_at"
20260633,3,3,"204750_s_at"
20260633,3,4,"204825_at"
20260633,3,5,"222275_at"
20260633,3,6,"210052_s_at"
20260633,3,7,"214440_at"
20260633,3,8,"212492_s_at"
20260633,3,9,"204822_at"
20260633,3,10,"212956_at"
20260633,3,11,"203999_at"
20260633,3,12,"216092_s_at"
20260633,3,13,"219051_x_at"
20260633,3,14,"212099_at"
20260633,3,15,"200934_at"
20260633,3,16,"202263_at"
20260633,3,17,"209604_s_at"
20260633,3,18,"221524_s_at"
20260633,3,19,"205548_s_at"
20260633,3,20,"218902_at"
20260633,3,21,"214428_x_at"
20260633,3,22,"209204_at"
20260633,3,23,"213134_x_at"
20260633,3,24,"209623_at"
20260633,3,25,"213032_at"
20260633,3,26,"212960_at"
20260633,3,27,"209289_at"
20260633,3,28,"208451_s_at"
20260633,3,29,"218211_s_at"
20260633,3,30,"204315_s_at"
20260633,3,31,"201563_at"
20260633,3,32,"202870_s_at"
20260633,3,33,"212638_s_at"
20260633,3,34,"209114_at"
20260633,3,35,"209832_s_at"
20260633,3,36,"209290_s_at"
20260633,3,37,"202134_s_at"
20260633,3,38,"211466_at"
20260633,3,39,"202752_x_at"
20260633,3,40,"205074_at"
20260633,3,41,"204962_s_at"
20260633,3,42,"221864_at"
20260633,3,43,"209122_at"
20260633,3,44,"211235_s_at"
20260633,3,45,"205201_at"
20260633,3,46,"203693_s_at"
20260633,3,47,"213029_at"
20260633,3,48,"206754_s_at"
20260633,3,49,"218259_at"
20260633,3,50,"201231_s_at"
20260633,3,51,"218726_at"
20260633,3,52,"203038_at"
20260633,3,53,"214431_at"
20260633,3,54,"209644_x_at"
20260633,3,55,"214109_at"
20260633,3,56,"209603_at"
20260633,3,57,"203130_s_at"
20260633,3,58,"203418_at"
20260633,3,59,"202107_s_at"
20260633,3,60,"203929_s_at"
20260633,3,61,"216237_s_at"
20260633,3,62,"221203_s_at"
20260633,3,63,"203702_s_at"
20260633,3,64,"221986_s_at"
20260633,3,65,"202413_s_at"
20260633,3,66,"209123_at"
20260633,3,67,"214053_at"
20260633,3,68,"206373_at"
20260633,3,69,"212265_at"
20260633,3,70,"208682_s_at"
20260633,3,71,"216603_at"
20260633,3,72,"218532_s_at"
20260633,3,73,"204914_s_at"
20260633,3,74,"204767_s_at"
20260633,3,75,"200718_s_at"
20260633,3,76,"206391_at"
20260633,3,77,"202589_at"
20260633,3,78,"209464_at"
20260633,3,79,"206869_at"
20260633,3,80,"222039_at"
20260633,3,81,"218394_at"
20260633,3,82,"203406_at"
20260633,3,83,"212022_s_at"
20260633,3,84,"201754_at"
20260633,3,85,"203963_at"
20260633,3,86,"221253_s_at"
20260633,3,87,"204400_at"
20260633,3,88,"212330_at"
20260633,3,89,"202412_s_at"
20260633,3,90,"40093_at"
20260633,3,91,"203222_s_at"
20260633,3,92,"202240_at"
20260633,3,93,"214746_s_at"
20260633,3,94,"212441_at"
20260633,3,95,"212196_at"
20260633,3,96,"214164_x_at"
20260633,3,97,"219197_s_at"
20260633,3,98,"201663_s_at"
20260633,3,99,"201930_at"
20260633,3,100,"203066_at"
20260633,4,1,"204750_s_at"
20260633,4,2,"205225_at"
20260633,4,3,"204825_at"
20260633,4,4,"213134_x_at"
20260633,4,5,"209204_at"
20260633,4,6,"209781_s_at"
20260633,4,7,"203999_at"
20260633,4,8,"212956_at"
20260633,4,9,"209832_s_at"
20260633,4,10,"205548_s_at"
20260633,4,11,"214440_at"
20260633,4,12,"203693_s_at"
20260633,4,13,"200718_s_at"
20260633,4,14,"212960_at"
20260633,4,15,"210052_s_at"
20260633,4,16,"221677_s_at"
20260633,4,17,"219051_x_at"
20260633,4,18,"212099_at"
20260633,4,19,"209289_at"
20260633,4,20,"212638_s_at"
20260633,4,21,"210084_x_at"
20260633,4,22,"206869_at"
20260633,4,23,"202870_s_at"
20260633,4,24,"209623_at"
20260633,4,25,"213032_at"
20260633,4,26,"201231_s_at"
20260633,4,27,"209604_s_at"
20260633,4,28,"216237_s_at"
20260633,4,29,"200011_s_at"
20260633,4,30,"209290_s_at"
20260633,4,31,"213029_at"
20260633,4,32,"209443_at"
20260633,4,33,"214431_at"
20260633,4,34,"214428_x_at"
20260633,4,35,"218259_at"
20260633,4,36,"203702_s_at"
20260633,4,37,"219874_at"
20260633,4,38,"206391_at"
20260633,4,39,"221524_s_at"
20260633,4,40,"203929_s_at"
20260633,4,41,"208451_s_at"
20260633,4,42,"221872_at"
20260633,4,43,"209644_x_at"
20260633,4,44,"218211_s_at"
20260633,4,45,"218726_at"
20260633,4,46,"218902_at"
20260633,4,47,"212492_s_at"
20260633,4,48,"204822_at"
20260633,4,49,"202107_s_at"
20260633,4,50,"210074_at"
20260633,4,51,"204315_s_at"
20260633,4,52,"203143_s_at"
20260633,4,53,"214053_at"
20260633,4,54,"202589_at"
20260633,4,55,"201754_at"
20260633,4,56,"204623_at"
20260633,4,57,"221203_s_at"
20260633,4,58,"222275_at"
20260633,4,59,"210024_s_at"
20260633,4,60,"206754_s_at"
20260633,4,61,"206392_s_at"
20260633,4,62,"218640_s_at"
20260633,4,63,"210085_s_at"
20260633,4,64,"218532_s_at"
20260633,4,65,"222039_at"
20260633,4,66,"203963_at"
20260633,4,67,"219956_at"
20260633,4,68,"203038_at"
20260633,4,69,"202088_at"
20260633,4,70,"206194_at"
20260633,4,71,"214164_x_at"
20260633,4,72,"45633_at"
20260633,4,73,"201970_s_at"
20260633,4,74,"204240_s_at"
20260633,4,75,"212022_s_at"
20260633,4,76,"220295_x_at"
20260633,4,77,"203928_x_at"
20260633,4,78,"202134_s_at"
20260633,4,79,"204493_at"
20260633,4,80,"207039_at"
20260633,4,81,"209122_at"
20260633,4,82,"200934_at"
20260633,4,83,"201663_s_at"
20260633,4,84,"211712_s_at"
20260633,4,85,"210735_s_at"
20260633,4,86,"209603_at"
20260633,4,87,"204023_at"
20260633,4,88,"213523_at"
20260633,4,89,"201397_at"
20260633,4,90,"211466_at"
20260633,4,91,"209421_at"
20260633,4,92,"209114_at"
20260633,4,93,"203692_s_at"
20260633,4,94,"203397_s_at"
20260633,4,95,"204012_s_at"
20260633,4,96,"219197_s_at"
20260633,4,97,"208682_s_at"
20260633,4,98,"219990_at"
20260633,4,99,"215034_s_at"
20260633,4,100,"216092_s_at"
20260633,5,1,"204825_at"
20260633,5,2,"210084_x_at"
20260633,5,3,"218755_at"
20260633,5,4,"204750_s_at"
20260633,5,5,"210052_s_at"
20260633,5,6,"205225_at"
20260633,5,7,"204822_at"
20260633,5,8,"201755_at"
20260633,5,9,"218726_at"
20260633,5,10,"204962_s_at"
20260633,5,11,"212960_at"
20260633,5,12,"213134_x_at"
20260633,5,13,"219874_at"
20260633,5,14,"205548_s_at"
20260633,5,15,"203999_at"
20260633,5,16,"202870_s_at"
20260633,5,17,"200052_s_at"
20260633,5,18,"215034_s_at"
20260633,5,19,"222118_at"
20260633,5,20,"212956_at"
20260633,5,21,"202808_at"
20260633,5,22,"218009_s_at"
20260633,5,23,"209408_at"
20260633,5,24,"204318_s_at"
20260633,5,25,"214431_at"
20260633,5,26,"219197_s_at"
20260633,5,27,"203693_s_at"
20260633,5,28,"216237_s_at"
20260633,5,29,"206373_at"
20260633,5,30,"202589_at"
20260633,5,31,"222039_at"
20260633,5,32,"201116_s_at"
20260633,5,33,"221524_s_at"
20260633,5,34,"218663_at"
20260633,5,35,"203702_s_at"
20260633,5,36,"209642_at"
20260633,5,37,"209204_at"
20260633,5,38,"209747_at"
20260633,5,39,"221258_s_at"
20260633,5,40,"214053_at"
20260633,5,41,"204775_at"
20260633,5,42,"208711_s_at"
20260633,5,43,"204400_at"
20260633,5,44,"204203_at"
20260633,5,45,"209122_at"
20260633,5,46,"206392_s_at"
20260633,5,47,"212099_at"
20260633,5,48,"200718_s_at"
20260633,5,49,"218902_at"
20260633,5,50,"214109_at"
20260633,5,51,"202204_s_at"
20260633,5,52,"209644_x_at"
20260633,5,53,"221436_s_at"
20260633,5,54,"204023_at"
20260633,5,55,"209604_s_at"
20260633,5,56,"201930_at"
20260633,5,57,"201663_s_at"
20260633,5,58,"202134_s_at"
20260633,5,59,"202095_s_at"
20260633,5,60,"202240_at"
20260633,5,61,"203126_at"
20260633,5,62,"213032_at"
20260633,5,63,"220840_s_at"
20260633,5,64,"212022_s_at"
20260633,5,65,"218259_at"
20260633,5,66,"203397_s_at"
20260633,5,67,"201778_s_at"
20260633,5,68,"204315_s_at"
20260633,5,69,"219752_at"
20260633,5,70,"203418_at"
20260633,5,71,"218355_at"
20260633,5,72,"202483_s_at"
20260633,5,73,"205201_at"
20260633,5,74,"214428_x_at"
20260633,5,75,"209781_s_at"
20260633,5,76,"221872_at"
20260633,5,77,"216092_s_at"
20260633,5,78,"204146_at"
20260633,5,79,"219990_at"
20260633,5,80,"204568_at"
20260633,5,81,"217640_x_at"
20260633,5,82,"219741_x_at"
20260633,5,83,"209387_s_at"
20260633,5,84,"206391_at"
20260633,5,85,"219051_x_at"
20260633,5,86,"212441_at"
20260633,5,87,"210074_at"
20260633,5,88,"204605_at"
20260633,5,89,"214440_at"
20260633,5,90,"201555_at"
20260633,5,91,"218211_s_at"
20260633,5,92,"221203_s_at"
20260633,5,93,"218542_at"
20260633,5,94,"204012_s_at"
20260633,5,95,"201231_s_at"
20260633,5,96,"208712_at"
20260633,5,97,"201897_s_at"
20260633,5,98,"212660_at"
20260633,5,99,"221864_at"
20260633,5,100,"204623_at"
20260634,1,1,"204750_s_at"
20260634,1,2,"209114_at"
20260634,1,3,"205548_s_at"
20260634,1,4,"218902_at"
20260634,1,5,"205225_at"
20260634,1,6,"218532_s_at"
20260634,1,7,"204825_at"
20260634,1,8,"212099_at"
20260634,1,9,"203693_s_at"
20260634,1,10,"203999_at"
20260634,1,11,"218259_at"
20260634,1,12,"203702_s_at"
20260634,1,13,"212956_at"
20260634,1,14,"213134_x_at"
20260634,1,15,"204012_s_at"
20260634,1,16,"214440_at"
20260634,1,17,"212265_at"
20260634,1,18,"219874_at"
20260634,1,19,"209832_s_at"
20260634,1,20,"213249_at"
20260634,1,21,"212960_at"
20260634,1,22,"210052_s_at"
20260634,1,23,"210084_x_at"
20260634,1,24,"206194_at"
20260634,1,25,"200718_s_at"
20260634,1,26,"212492_s_at"
20260634,1,27,"204822_at"
20260634,1,28,"218211_s_at"
20260634,1,29,"219051_x_at"
20260634,1,30,"213032_at"
20260634,1,31,"216237_s_at"
20260634,1,32,"209644_x_at"
20260634,1,33,"216092_s_at"
20260634,1,34,"222275_at"
20260634,1,35,"209289_at"
20260634,1,36,"203130_s_at"
20260634,1,37,"221872_at"
20260634,1,38,"213029_at"
20260634,1,39,"213260_at"
20260634,1,40,"218236_s_at"
20260634,1,41,"206869_at"
20260634,1,42,"209421_at"
20260634,1,43,"209290_s_at"
20260634,1,44,"210024_s_at"
20260634,1,45,"200011_s_at"
20260634,1,46,"203038_at"
20260634,1,47,"202933_s_at"
20260634,1,48,"214428_x_at"
20260634,1,49,"209204_at"
20260634,1,50,"211466_at"
20260634,1,51,"205044_at"
20260634,1,52,"212638_s_at"
20260634,1,53,"215034_s_at"
20260634,1,54,"211712_s_at"
20260634,1,55,"208451_s_at"
20260634,1,56,"206391_at"
20260634,1,57,"203788_s_at"
20260634,1,58,"209109_s_at"
20260634,1,59,"209604_s_at"
20260634,1,60,"209173_at"
20260634,1,61,"201563_at"
20260634,1,62,"202589_at"
20260634,1,63,"214431_at"
20260634,1,64,"209623_at"
20260634,1,65,"209386_at"
20260634,1,66,"203126_at"
20260634,1,67,"202107_s_at"
20260634,1,68,"221524_s_at"
20260634,1,69,"205597_at"
20260634,1,70,"209791_at"
20260634,1,71,"204493_at"
20260634,1,72,"220238_s_at"
20260634,1,73,"219498_s_at"
20260634,1,74,"204400_at"
20260634,1,75,"217744_s_at"
20260634,1,76,"202752_x_at"
20260634,1,77,"214745_at"
20260634,1,78,"202870_s_at"
20260634,1,79,"200934_at"
20260634,1,80,"201976_s_at"
20260634,1,81,"203712_at"
20260634,1,82,"214053_at"
20260634,1,83,"206392_s_at"
20260634,1,84,"221986_s_at"
20260634,1,85,"222125_s_at"
20260634,1,86,"210085_s_at"
20260634,1,87,"203397_s_at"
20260634,1,88,"201663_s_at"
20260634,1,89,"200052_s_at"
20260634,1,90,"216685_s_at"
20260634,1,91,"204401_at"
20260634,1,92,"208616_s_at"
20260634,1,93,"208682_s_at"
20260634,1,94,"201231_s_at"
20260634,1,95,"202263_at"
20260634,1,96,"209341_s_at"
20260634,1,97,"204775_at"
20260634,1,98,"203705_s_at"
20260634,1,99,"211084_x_at"
20260634,1,100,"204962_s_at"
20260634,2,1,"205225_at"
20260634,2,2,"204750_s_at"
20260634,2,3,"203702_s_at"
20260634,2,4,"209604_s_at"
20260634,2,5,"205548_s_at"
20260634,2,6,"212956_at"
20260634,2,7,"204825_at"
20260634,2,8,"213134_x_at"
20260634,2,9,"206391_at"
20260634,2,10,"212960_at"
20260634,2,11,"213032_at"
20260634,2,12,"205696_s_at"
20260634,2,13,"206392_s_at"
20260634,2,14,"206373_at"
20260634,2,15,"202134_s_at"
20260634,2,16,"203693_s_at"
20260634,2,17,"203929_s_at"
20260634,2,18,"214440_at"
20260634,2,19,"221872_at"
20260634,2,20,"209289_at"
20260634,2,21,"219051_x_at"
20260634,2,22,"209204_at"
20260634,2,23,"203999_at"
20260634,2,24,"222275_at"
20260634,2,25,"212638_s_at"
20260634,2,26,"209603_at"
20260634,2,27,"209290_s_at"
20260634,2,28,"200718_s_at"
20260634,2,29,"218726_at"
20260634,2,30,"214431_at"
20260634,2,31,"203038_at"
20260634,2,32,"213029_at"
20260634,2,33,"205009_at"
20260634,2,34,"204822_at"
20260634,2,35,"219874_at"
20260634,2,36,"209623_at"
20260634,2,37,"204623_at"
20260634,2,38,"204304_s_at"
20260634,2,39,"212492_s_at"
20260634,2,40,"213846_at"
20260634,2,41,"210074_at"
20260634,2,42,"218211_s_at"
20260634,2,43,"218532_s_at"
20260634,2,44,"217924_at"
20260634,2,45,"202341_s_at"
20260634,2,46,"210084_x_at"
20260634,2,47,"204400_at"
20260634,2,48,"210052_s_at"
20260634,2,49,"214164_x_at"
20260634,2,50,"202035_s_at"
20260634,2,51,"221934_s_at"
20260634,2,52,"215867_x_at"
20260634,2,53,"218259_at"
20260634,2,54,"203963_at"
20260634,2,55,"204962_s_at"
20260634,2,56,"202870_s_at"
20260634,2,57,"209122_at"
20260634,2,58,"210735_s_at"
20260634,2,59,"214053_at"
20260634,2,60,"201938_at"
20260634,2,61,"214109_at"
20260634,2,62,"221203_s_at"
20260634,2,63,"218902_at"
20260634,2,64,"204751_x_at"
20260634,2,65,"218236_s_at"
20260634,2,66,"221524_s_at"
20260634,2,67,"216381_x_at"
20260634,2,68,"210024_s_at"
20260634,2,69,"220625_s_at"
20260634,2,70,"221986_s_at"
20260634,2,71,"206869_at"
20260634,2,72,"209173_at"
20260634,2,73,"215034_s_at"
20260634,2,74,"202933_s_at"
20260634,2,75,"209644_x_at"
20260634,2,76,"203928_x_at"
20260634,2,77,"202762_at"
20260634,2,78,"218976_at"
20260634,2,79,"211235_s_at"
20260634,2,80,"203397_s_at"
20260634,2,81,"216092_s_at"
20260634,2,82,"221864_at"
20260634,2,83,"217744_s_at"
20260634,2,84,"204203_at"
20260634,2,85,"200711_s_at"
20260634,2,86,"212099_at"
20260634,2,87,"206754_s_at"
20260634,2,88,"204667_at"
20260634,2,89,"209642_at"
20260634,2,90,"212195_at"
20260634,2,91,"201231_s_at"
20260634,2,92,"214428_x_at"
20260634,2,93,"200811_at"
20260634,2,94,"200052_s_at"
20260634,2,95,"209602_s_at"
20260634,2,96,"200934_at"
20260634,2,97,"204023_at"
20260634,2,98,"219956_at"
20260634,2,99,"213342_at"
20260634,2,100,"212219_at"
20260634,3,1,"204825_at"
20260634,3,2,"221986_s_at"
20260634,3,3,"204750_s_at"
20260634,3,4,"206194_at"
20260634,3,5,"211084_x_at"
20260634,3,6,"215034_s_at"
20260634,3,7,"209832_s_at"
20260634,3,8,"209386_at"
20260634,3,9,"201970_s_at"
20260634,3,10,"210084_x_at"
20260634,3,11,"209387_s_at"
20260634,3,12,"212099_at"
20260634,3,13,"213032_at"
20260634,3,14,"205225_at"
20260634,3,15,"203693_s_at"
20260634,3,16,"203999_at"
20260634,3,17,"204400_at"
20260634,3,18,"209289_at"
20260634,3,19,"216237_s_at"
20260634,3,20,"211466_at"
20260634,3,21,"219051_x_at"
20260634,3,22,"202341_s_at"
20260634,3,23,"203066_at"
20260634,3,24,"209421_at"
20260634,3,25,"200052_s_at"
20260634,3,26,"209644_x_at"
20260634,3,27,"203702_s_at"
20260634,3,28,"213134_x_at"
20260634,3,29,"213029_at"
20260634,3,30,"212330_at"
20260634,3,31,"222275_at"
20260634,3,32,"216685_s_at"
20260634,3,33,"205548_s_at"
20260634,3,34,"210052_s_at"
20260634,3,35,"207039_at"
20260634,3,36,"209290_s_at"
20260634,3,37,"214440_at"
20260634,3,38,"202263_at"
20260634,3,39,"221864_at"
20260634,3,40,"209204_at"
20260634,3,41,"200718_s_at"
20260634,3,42,"212960_at"
20260634,3,43,"209604_s_at"
20260634,3,44,"204822_at"
20260634,3,45,"216092_s_at"
20260634,3,46,"214428_x_at"
20260634,3,47,"218236_s_at"
20260634,3,48,"212956_at"
20260634,3,49,"200960_x_at"
20260634,3,50,"205296_at"
20260634,3,51,"209747_at"
20260634,3,52,"219752_at"
20260634,3,53,"218211_s_at"
20260634,3,54,"208451_s_at"
20260634,3,55,"204050_s_at"
20260634,3,56,"217744_s_at"
20260634,3,57,"218164_at"
20260634,3,58,"203038_at"
20260634,3,59,"200934_at"
20260634,3,60,"205696_s_at"
20260634,3,61,"202134_s_at"
20260634,3,62,"211467_s_at"
20260634,3,63,"202107_s_at"
20260634,3,64,"204481_at"
20260634,3,65,"204616_at"
20260634,3,66,"213702_x_at"
20260634,3,67,"221436_s_at"
20260634,3,68,"222039_at"
20260634,3,69,"214431_at"
20260634,3,70,"214164_x_at"
20260634,3,71,"218259_at"
20260634,3,72,"219197_s_at"
20260634,3,73,"218726_at"
20260634,3,74,"215867_x_at"
20260634,3,75,"206392_s_at"
20260634,3,76,"201930_at"
20260634,3,77,"219990_at"
20260634,3,78,"218350_s_at"
20260634,3,79,"205683_x_at"
20260634,3,80,"202911_at"
20260634,3,81,"219741_x_at"
20260634,3,82,"217714_x_at"
20260634,3,83,"201231_s_at"
20260634,3,84,"221934_s_at"
20260634,3,85,"204315_s_at"
20260634,3,86,"221872_at"
20260634,3,87,"204775_at"
20260634,3,88,"210735_s_at"
20260634,3,89,"213033_s_at"
20260634,3,90,"202870_s_at"
20260634,3,91,"214745_at"
20260634,3,92,"206373_at"
20260634,3,93,"200011_s_at"
20260634,3,94,"204962_s_at"
20260634,3,95,"201555_at"
20260634,3,96,"209791_at"
20260634,3,97,"219956_at"
20260634,3,98,"205074_at"
20260634,3,99,"203690_at"
20260634,3,100,"220935_s_at"
20260634,4,1,"210084_x_at"
20260634,4,2,"204750_s_at"
20260634,4,3,"204825_at"
20260634,4,4,"203999_at"
20260634,4,5,"213134_x_at"
20260634,4,6,"210052_s_at"
20260634,4,7,"205548_s_at"
20260634,4,8,"212099_at"
20260634,4,9,"205225_at"
20260634,4,10,"222039_at"
20260634,4,11,"209623_at"
20260634,4,12,"206373_at"
20260634,4,13,"204914_s_at"
20260634,4,14,"201231_s_at"
20260634,4,15,"201938_at"
20260634,4,16,"205339_at"
20260634,4,17,"204822_at"
20260634,4,18,"210024_s_at"
20260634,4,19,"221203_s_at"
20260634,4,20,"214431_at"
20260634,4,21,"203418_at"
20260634,4,22,"221524_s_at"
20260634,4,23,"209204_at"
20260634,4,24,"209781_s_at"
20260634,4,25,"218886_at"
20260634,4,26,"218211_s_at"
20260634,4,27,"209289_at"
20260634,4,28,"202870_s_at"
20260634,4,29,"203256_at"
20260634,4,30,"219051_x_at"
20260634,4,31,"216092_s_at"
20260634,4,32,"213032_at"
20260634,4,33,"213029_at"
20260634,4,34,"209290_s_at"
20260634,4,35,"202107_s_at"
20260634,4,36,"202589_at"
20260634,4,37,"203693_s_at"
20260634,4,38,"202134_s_at"
20260634,4,39,"214109_at"
20260634,4,40,"201663_s_at"
20260634,4,41,"213523_at"
20260634,4,42,"204775_at"
20260634,4,43,"212956_at"
20260634,4,44,"203702_s_at"
20260634,4,45,"220295_x_at"
20260634,4,46,"212960_at"
20260634,4,47,"214428_x_at"
20260634,4,48,"201755_at"
20260634,4,49,"212330_at"
20260634,4,50,"212492_s_at"
20260634,4,51,"218902_at"
20260634,4,52,"216603_at"
20260634,4,53,"221677_s_at"
20260634,4,54,"200052_s_at"
20260634,4,55,"218726_at"
20260634,4,56,"218355_at"
20260634,4,57,"214440_at"
20260634,4,58,"203571_s_at"
20260634,4,59,"200718_s_at"
20260634,4,60,"209408_at"
20260634,4,61,"209421_at"
20260634,4,62,"221591_s_at"
20260634,4,63,"216237_s_at"
20260634,4,64,"203038_at"
20260634,4,65,"204962_s_at"
20260634,4,66,"215623_x_at"
20260634,4,67,"202263_at"
20260634,4,68,"219686_at"
20260634,4,69,"202240_at"
20260634,4,70,"206392_s_at"
20260634,4,71,"208451_s_at"
20260634,4,72,"212638_s_at"
20260634,4,73,"203712_at"
20260634,4,74,"206194_at"
20260634,4,75,"209604_s_at"
20260634,4,76,"222275_at"
20260634,4,77,"202752_x_at"
20260634,4,78,"212022_s_at"
20260634,4,79,"204400_at"
20260634,4,80,"203066_at"
20260634,4,81,"202933_s_at"
20260634,4,82,"220865_s_at"
20260634,4,83,"214053_at"
20260634,4,84,"212441_at"
20260634,4,85,"206754_s_at"
20260634,4,86,"201664_at"
20260634,4,87,"222118_at"
20260634,4,88,"204203_at"
20260634,4,89,"204767_s_at"
20260634,4,90,"206391_at"
20260634,4,91,"218542_at"
20260634,4,92,"209832_s_at"
20260634,4,93,"218532_s_at"
20260634,4,94,"204600_at"
20260634,4,95,"207134_x_at"
20260634,4,96,"202412_s_at"
20260634,4,97,"214164_x_at"
20260634,4,98,"209122_at"
20260634,4,99,"200934_at"
20260634,4,100,"205347_s_at"
20260634,5,1,"205225_at"
20260634,5,2,"204750_s_at"
20260634,5,3,"212960_at"
20260634,5,4,"212956_at"
20260634,5,5,"204825_at"
20260634,5,6,"214440_at"
20260634,5,7,"221524_s_at"
20260634,5,8,"204822_at"
20260634,5,9,"210052_s_at"
20260634,5,10,"219197_s_at"
20260634,5,11,"202870_s_at"
20260634,5,12,"204623_at"
20260634,5,13,"218542_at"
20260634,5,14,"203693_s_at"
20260634,5,15,"202263_at"
20260634,5,16,"210735_s_at"
20260634,5,17,"218755_at"
20260634,5,18,"218211_s_at"
20260634,5,19,"203963_at"
20260634,5,20,"204962_s_at"
20260634,5,21,"209204_at"
20260634,5,22,"206754_s_at"
20260634,5,23,"200718_s_at"
20260634,5,24,"204315_s_at"
20260634,5,25,"212196_at"
20260634,5,26,"205186_at"
20260634,5,27,"216092_s_at"
20260634,5,28,"205548_s_at"
20260634,5,29,"209644_x_at"
20260634,5,30,"214164_x_at"
20260634,5,31,"215867_x_at"
20260634,5,32,"212195_at"
20260634,5,33,"209623_at"
20260634,5,34,"213134_x_at"
20260634,5,35,"209122_at"
20260634,5,36,"208451_s_at"
20260634,5,37,"214053_at"
20260634,5,38,"212022_s_at"
20260634,5,39,"205009_at"
20260634,5,40,"212099_at"
20260634,5,41,"210084_x_at"
20260634,5,42,"212638_s_at"
20260634,5,43,"219752_at"
20260634,5,44,"202088_at"
20260634,5,45,"222275_at"
20260634,5,46,"214428_x_at"
20260634,5,47,"218726_at"
20260634,5,48,"203143_s_at"
20260634,5,49,"209604_s_at"
20260634,5,50,"202089_s_at"
20260634,5,51,"206869_at"
20260634,5,52,"203999_at"
20260634,5,53,"204012_s_at"
20260634,5,54,"218009_s_at"
20260634,5,55,"219051_x_at"
20260634,5,56,"209114_at"
20260634,5,57,"222039_at"
20260634,5,58,"200670_at"
20260634,5,59,"203513_at"
20260634,5,60,"206373_at"
20260634,5,61,"213032_at"
20260634,5,62,"205347_s_at"
20260634,5,63,"203702_s_at"
20260634,5,64,"209173_at"
20260634,5,65,"208682_s_at"
20260634,5,66,"209289_at"
20260634,5,67,"201930_at"
20260634,5,68,"203712_at"
20260634,5,69,"216237_s_at"
20260634,5,70,"202589_at"
20260634,5,71,"206391_at"
20260634,5,72,"219806_s_at"
20260634,5,73,"205201_at"
20260634,5,74,"202240_at"
20260634,5,75,"205074_at"
20260634,5,76,"210074_at"
20260634,5,77,"206392_s_at"
20260634,5,78,"200934_at"
20260634,5,79,"209464_at"
20260634,5,80,"204667_at"
20260634,5,81,"218065_s_at"
20260634,5,82,"208305_at"
20260634,5,83,"209747_at"
20260634,5,84,"218259_at"
20260634,5,85,"220540_at"
20260634,5,86,"218663_at"
20260634,5,87,"221872_at"
20260634,5,88,"209781_s_at"
20260634,5,89,"204863_s_at"
20260634,5,90,"209603_at"
20260634,5,91,"215034_s_at"
20260634,5,92,"210085_s_at"
20260634,5,93,"209290_s_at"
20260634,5,94,"209408_at"
20260634,5,95,"218238_at"
20260634,5,96,"218976_at"
20260634,5,97,"201231_s_at"
20260634,5,98,"203418_at"
20260634,5,99,"218486_at"
20260634,5,100,"214431_at"
20260635,1,1,"204825_at"
20260635,1,2,"204750_s_at"
20260635,1,3,"205225_at"
20260635,1,4,"203999_at"
20260635,1,5,"214440_at"
20260635,1,6,"208451_s_at"
20260635,1,7,"214428_x_at"
20260635,1,8,"204315_s_at"
20260635,1,9,"213032_at"
20260635,1,10,"209644_x_at"
20260635,1,11,"203693_s_at"
20260635,1,12,"220238_s_at"
20260635,1,13,"209289_at"
20260635,1,14,"221864_at"
20260635,1,15,"210052_s_at"
20260635,1,16,"207039_at"
20260635,1,17,"209832_s_at"
20260635,1,18,"216092_s_at"
20260635,1,19,"202263_at"
20260635,1,20,"218211_s_at"
20260635,1,21,"211466_at"
20260635,1,22,"212956_at"
20260635,1,23,"206194_at"
20260635,1,24,"202870_s_at"
20260635,1,25,"202933_s_at"
20260635,1,26,"212960_at"
20260635,1,27,"204822_at"
20260635,1,28,"209290_s_at"
20260635,1,29,"209464_at"
20260635,1,30,"204012_s_at"
20260635,1,31,"210758_at"
20260635,1,32,"203788_s_at"
20260635,1,33,"212330_at"
20260635,1,34,"213029_at"
20260635,1,35,"213134_x_at"
20260635,1,36,"202412_s_at"
20260635,1,37,"221436_s_at"
20260635,1,38,"212099_at"
20260635,1,39,"212022_s_at"
20260635,1,40,"205548_s_at"
20260635,1,41,"203712_at"
20260635,1,42,"203702_s_at"
20260635,1,43,"219306_at"
20260635,1,44,"204962_s_at"
20260635,1,45,"216237_s_at"
20260635,1,46,"210084_x_at"
20260635,1,47,"202413_s_at"
20260635,1,48,"222275_at"
20260635,1,49,"209669_s_at"
20260635,1,50,"201970_s_at"
20260635,1,51,"209122_at"
20260635,1,52,"216685_s_at"
20260635,1,53,"200011_s_at"
20260635,1,54,"202107_s_at"
20260635,1,55,"213523_at"
20260635,1,56,"209114_at"
20260635,1,57,"212492_s_at"
20260635,1,58,"209408_at"
20260635,1,59,"209204_at"
20260635,1,60,"214431_at"
20260635,1,61,"209623_at"
20260635,1,62,"221934_s_at"
20260635,1,63,"202762_at"
20260635,1,64,"218902_at"
20260635,1,65,"204695_at"
20260635,1,66,"216212_s_at"
20260635,1,67,"218726_at"
20260635,1,68,"218236_s_at"
20260635,1,69,"214109_at"
20260635,1,70,"208941_s_at"
20260635,1,71,"203625_x_at"
20260635,1,72,"206391_at"
20260635,1,73,"212711_at"
20260635,1,74,"219752_at"
20260635,1,75,"201755_at"
20260635,1,76,"209421_at"
20260635,1,77,"206869_at"
20260635,1,78,"205201_at"
20260635,1,79,"219268_at"
20260635,1,80,"200960_x_at"
20260635,1,81,"219051_x_at"
20260635,1,82,"219874_at"
20260635,1,83,"218238_at"
20260635,1,84,"202589_at"
20260635,1,85,"206754_s_at"
20260635,1,86,"222039_at"
20260635,1,87,"203126_at"
20260635,1,88,"204162_at"
20260635,1,89,"209604_s_at"
20260635,1,90,"221524_s_at"
20260635,1,91,"214126_at"
20260635,1,92,"203038_at"
20260635,1,93,"204623_at"
20260635,1,94,"214053_at"
20260635,1,95,"217725_x_at"
20260635,1,96,"214745_at"
20260635,1,97,"221520_s_at"
20260635,1,98,"206392_s_at"
20260635,1,99,"215034_s_at"
20260635,1,100,"202580_x_at"
20260635,2,1,"205548_s_at"
20260635,2,2,"204825_at"
20260635,2,3,"205225_at"
20260635,2,4,"203693_s_at"
20260635,2,5,"212099_at"
20260635,2,6,"210084_x_at"
20260635,2,7,"204750_s_at"
20260635,2,8,"214440_at"
20260635,2,9,"213134_x_at"
20260635,2,10,"210052_s_at"
20260635,2,11,"203702_s_at"
20260635,2,12,"204822_at"
20260635,2,13,"219051_x_at"
20260635,2,14,"214164_x_at"
20260635,2,15,"215867_x_at"
20260635,2,16,"212956_at"
20260635,2,17,"209604_s_at"
20260635,2,18,"218211_s_at"
20260635,2,19,"212960_at"
20260635,2,20,"218532_s_at"
20260635,2,21,"200718_s_at"
20260635,2,22,"203963_at"
20260635,2,23,"210735_s_at"
20260635,2,24,"218726_at"
20260635,2,25,"201970_s_at"
20260635,2,26,"218259_at"
20260635,2,27,"204962_s_at"
20260635,2,28,"201663_s_at"
20260635,2,29,"216092_s_at"
20260635,2,30,"222275_at"
20260635,2,31,"209623_at"
20260635,2,32,"206373_at"
20260635,2,33,"209408_at"
20260635,2,34,"215034_s_at"
20260635,2,35,"219741_x_at"
20260635,2,36,"209642_at"
20260635,2,37,"222039_at"
20260635,2,38,"221046_s_at"
20260635,2,39,"221864_at"
20260635,2,40,"220935_s_at"
20260635,2,41,"206194_at"
20260635,2,42,"202589_at"
20260635,2,43,"205696_s_at"
20260635,2,44,"221934_s_at"
20260635,2,45,"206391_at"
20260635,2,46,"209173_at"
20260635,2,47,"221872_at"
20260635,2,48,"206392_s_at"
20260635,2,49,"214053_at"
20260635,2,50,"203999_at"
20260635,2,51,"202870_s_at"
20260635,2,52,"200052_s_at"
20260635,2,53,"219197_s_at"
20260635,2,54,"202341_s_at"
20260635,2,55,"211712_s_at"
20260635,2,56,"220892_s_at"
20260635,2,57,"221203_s_at"
20260635,2,58,"209603_at"
20260635,2,59,"221591_s_at"
20260635,2,60,"203929_s_at"
20260635,2,61,"201231_s_at"
20260635,2,62,"209386_at"
20260635,2,63,"204508_s_at"
20260635,2,64,"220865_s_at"
20260635,2,65,"218902_at"
20260635,2,66,"218236_s_at"
20260635,2,67,"201976_s_at"
20260635,2,68,"202134_s_at"
20260635,2,69,"203418_at"
20260635,2,70,"219983_at"
20260635,2,71,"219956_at"
20260635,2,72,"204203_at"
20260635,2,73,"212492_s_at"
20260635,2,74,"202088_at"
20260635,2,75,"216237_s_at"
20260635,2,76,"201555_at"
20260635,2,77,"202263_at"
20260635,2,78,"212265_at"
20260635,2,79,"221986_s_at"
20260635,2,80,"212638_s_at"
20260635,2,81,"204623_at"
20260635,2,82,"204400_at"
20260635,2,83,"205009_at"
20260635,2,84,"203928_x_at"
20260635,2,85,"209114_at"
20260635,2,86,"209644_x_at"
20260635,2,87,"204667_at"
20260635,2,88,"214428_x_at"
20260635,2,89,"214431_at"
20260635,2,90,"221524_s_at"
20260635,2,91,"209204_at"
20260635,2,92,"201938_at"
20260635,2,93,"202107_s_at"
20260635,2,94,"209747_at"
20260635,2,95,"205347_s_at"
20260635,2,96,"209443_at"
20260635,2,97,"218755_at"
20260635,2,98,"212452_x_at"
20260635,2,99,"209387_s_at"
20260635,2,100,"217744_s_at"
20260635,3,1,"204750_s_at"
20260635,3,2,"205225_at"
20260635,3,3,"204825_at"
20260635,3,4,"212960_at"
20260635,3,5,"213134_x_at"
20260635,3,6,"204775_at"
20260635,3,7,"212956_at"
20260635,3,8,"219874_at"
20260635,3,9,"221524_s_at"
20260635,3,10,"204623_at"
20260635,3,11,"204822_at"
20260635,3,12,"209204_at"
20260635,3,13,"210052_s_at"
20260635,3,14,"202870_s_at"
20260635,3,15,"202134_s_at"
20260635,3,16,"205548_s_at"
20260635,3,17,"206392_s_at"
20260635,3,18,"218211_s_at"
20260635,3,19,"216381_x_at"
20260635,3,20,"203702_s_at"
20260635,3,21,"221872_at"
20260635,3,22,"209623_at"
20260635,3,23,"203693_s_at"
20260635,3,24,"218886_at"
20260635,3,25,"209604_s_at"
20260635,3,26,"200934_at"
20260635,3,27,"206869_at"
20260635,3,28,"218856_at"
20260635,3,29,"203999_at"
20260635,3,30,"201231_s_at"
20260635,3,31,"200718_s_at"
20260635,3,32,"205696_s_at"
20260635,3,33,"214109_at"
20260635,3,34,"206391_at"
20260635,3,35,"202933_s_at"
20260635,3,36,"210024_s_at"
20260635,3,37,"214053_at"
20260635,3,38,"222275_at"
20260635,3,39,"200755_s_at"
20260635,3,40,"212492_s_at"
20260635,3,41,"216092_s_at"
20260635,3,42,"209122_at"
20260635,3,43,"218164_at"
20260635,3,44,"218236_s_at"
20260635,3,45,"219197_s_at"
20260635,3,46,"209781_s_at"
20260635,3,47,"217294_s_at"
20260635,3,48,"204304_s_at"
20260635,3,49,"212638_s_at"
20260635,3,50,"210074_at"
20260635,3,51,"206194_at"
20260635,3,52,"203126_at"
20260635,3,53,"218259_at"
20260635,3,54,"214552_s_at"
20260635,3,55,"212022_s_at"
20260635,3,56,"214431_at"
20260635,3,57,"218755_at"
20260635,3,58,"205074_at"
20260635,3,59,"202589_at"
20260635,3,60,"202147_s_at"
20260635,3,61,"207030_s_at"
20260635,3,62,"218726_at"
20260635,3,63,"222118_at"
20260635,3,64,"210735_s_at"
20260635,3,65,"202932_at"
20260635,3,66,"220239_at"
20260635,3,67,"216237_s_at"
20260635,3,68,"202263_at"
20260635,3,69,"201407_s_at"
20260635,3,70,"212099_at"
20260635,3,71,"201663_s_at"
20260635,3,72,"206469_x_at"
20260635,3,73,"202240_at"
20260635,3,74,"202088_at"
20260635,3,75,"204023_at"
20260635,3,76,"215034_s_at"
20260635,3,77,"221203_s_at"
20260635,3,78,"203256_at"
20260635,3,79,"201923_at"
20260635,3,80,"218902_at"
20260635,3,81,"218738_s_at"
20260635,3,82,"213032_at"
20260635,3,83,"209644_x_at"
20260635,3,84,"210692_s_at"
20260635,3,85,"205009_at"
20260635,3,86,"215623_x_at"
20260635,3,87,"202412_s_at"
20260635,3,88,"210084_x_at"
20260635,3,89,"202089_s_at"
20260635,3,90,"202204_s_at"
20260635,3,91,"218009_s_at"
20260635,3,92,"204962_s_at"
20260635,3,93,"203358_s_at"
20260635,3,94,"218542_at"
20260635,3,95,"201938_at"
20260635,3,96,"214164_x_at"
20260635,3,97,"219752_at"
20260635,3,98,"219051_x_at"
20260635,3,99,"221986_s_at"
20260635,3,100,"200052_s_at"
20260635,4,1,"213032_at"
20260635,4,2,"204750_s_at"
20260635,4,3,"204400_at"
20260635,4,4,"221986_s_at"
20260635,4,5,"205225_at"
20260635,4,6,"210084_x_at"
20260635,4,7,"209289_at"
20260635,4,8,"204825_at"
20260635,4,9,"213029_at"
20260635,4,10,"209290_s_at"
20260635,4,11,"203038_at"
20260635,4,12,"219051_x_at"
20260635,4,13,"214440_at"
20260635,4,14,"203999_at"
20260635,4,15,"200718_s_at"
20260635,4,16,"209204_at"
20260635,4,17,"212099_at"
20260635,4,18,"221524_s_at"
20260635,4,19,"213134_x_at"
20260635,4,20,"222275_at"
20260635,4,21,"205548_s_at"
20260635,4,22,"219956_at"
20260635,4,23,"209832_s_at"
20260635,4,24,"214431_at"
20260635,4,25,"212638_s_at"
20260635,4,26,"212956_at"
20260635,4,27,"211084_x_at"
20260635,4,28,"203693_s_at"
20260635,4,29,"211466_at"
20260635,4,30,"209114_at"
20260635,4,31,"202035_s_at"
20260635,4,32,"209604_s_at"
20260635,4,33,"203066_at"
20260635,4,34,"212960_at"
20260635,4,35,"205696_s_at"
20260635,4,36,"215034_s_at"
20260635,4,37,"200011_s_at"
20260635,4,38,"219752_at"
20260635,4,39,"222039_at"
20260635,4,40,"206373_at"
20260635,4,41,"208650_s_at"
20260635,4,42,"209387_s_at"
20260635,4,43,"203397_s_at"
20260635,4,44,"212219_at"
20260635,4,45,"209122_at"
20260635,4,46,"210052_s_at"
20260635,4,47,"217744_s_at"
20260635,4,48,"211467_s_at"
20260635,4,49,"218902_at"
20260635,4,50,"201231_s_at"
20260635,4,51,"203702_s_at"
20260635,4,52,"203963_at"
20260635,4,53,"214164_x_at"
20260635,4,54,"204050_s_at"
20260635,4,55,"200934_at"
20260635,4,56,"202134_s_at"
20260635,4,57,"202263_at"
20260635,4,58,"209623_at"
20260635,4,59,"209386_at"
20260635,4,60,"215867_x_at"
20260635,4,61,"214745_at"
20260635,4,62,"206754_s_at"
20260635,4,63,"221253_s_at"
20260635,4,64,"218532_s_at"
20260635,4,65,"212925_at"
20260635,4,66,"266_s_at"
20260635,4,67,"209644_x_at"
20260635,4,68,"206194_at"
20260635,4,69,"221203_s_at"
20260635,4,70,"208451_s_at"
20260635,4,71,"209603_at"
20260635,4,72,"210735_s_at"
20260635,4,73,"203222_s_at"
20260635,4,74,"204822_at"
20260635,4,75,"214428_x_at"
20260635,4,76,"206869_at"
20260635,4,77,"204605_at"
20260635,4,78,"209173_at"
20260635,4,79,"218726_at"
20260635,4,80,"221872_at"
20260635,4,81,"219806_s_at"
20260635,4,82,"200052_s_at"
20260635,4,83,"201754_at"
20260635,4,84,"218211_s_at"
20260635,4,85,"220540_at"
20260635,4,86,"209791_at"
20260635,4,87,"204623_at"
20260635,4,88,"213260_at"
20260635,4,89,"206392_s_at"
20260635,4,90,"206391_at"
20260635,4,91,"211712_s_at"
20260635,4,92,"205009_at"
20260635,4,93,"218259_at"
20260635,4,94,"212195_at"
20260635,4,95,"216092_s_at"
20260635,4,96,"213033_s_at"
20260635,4,97,"205201_at"
20260635,4,98,"204012_s_at"
20260635,4,99,"212022_s_at"
20260635,4,100,"203571_s_at"
20260635,5,1,"204750_s_at"
20260635,5,2,"210084_x_at"
20260635,5,3,"203999_at"
20260635,5,4,"206373_at"
20260635,5,5,"205225_at"
20260635,5,6,"204825_at"
20260635,5,7,"209204_at"
20260635,5,8,"205548_s_at"
20260635,5,9,"213134_x_at"
20260635,5,10,"209289_at"
20260635,5,11,"212956_at"
20260635,5,12,"213032_at"
20260635,5,13,"212099_at"
20260635,5,14,"204493_at"
20260635,5,15,"208451_s_at"
20260635,5,16,"210024_s_at"
20260635,5,17,"203038_at"
20260635,5,18,"219051_x_at"
20260635,5,19,"210052_s_at"
20260635,5,20,"203702_s_at"
20260635,5,21,"213029_at"
20260635,5,22,"209290_s_at"
20260635,5,23,"200718_s_at"
20260635,5,24,"203397_s_at"
20260635,5,25,"212960_at"
20260635,5,26,"214428_x_at"
20260635,5,27,"214440_at"
20260635,5,28,"218259_at"
20260635,5,29,"218902_at"
20260635,5,30,"209623_at"
20260635,5,31,"203693_s_at"
20260635,5,32,"214431_at"
20260635,5,33,"204400_at"
20260635,5,34,"204822_at"
20260635,5,35,"203712_at"
20260635,5,36,"201231_s_at"
20260635,5,37,"216237_s_at"
20260635,5,38,"203418_at"
20260635,5,39,"212638_s_at"
20260635,5,40,"209644_x_at"
20260635,5,41,"216092_s_at"
20260635,5,42,"209781_s_at"
20260635,5,43,"216603_at"
20260635,5,44,"206869_at"
20260635,5,45,"204315_s_at"
20260635,5,46,"202870_s_at"
20260635,5,47,"219686_at"
20260635,5,48,"206754_s_at"
20260635,5,49,"218211_s_at"
20260635,5,50,"209832_s_at"
20260635,5,51,"221872_at"
20260635,5,52,"209604_s_at"
20260635,5,53,"202107_s_at"
20260635,5,54,"222275_at"
20260635,5,55,"221524_s_at"
20260635,5,56,"215034_s_at"
20260635,5,57,"212492_s_at"
20260635,5,58,"202240_at"
20260635,5,59,"202263_at"
20260635,5,60,"217744_s_at"
20260635,5,61,"221203_s_at"
20260635,5,62,"206391_at"
20260635,5,63,"221677_s_at"
20260635,5,64,"204962_s_at"
20260635,5,65,"206392_s_at"
20260635,5,66,"200052_s_at"
20260635,5,67,"209122_at"
20260635,5,68,"222039_at"
20260635,5,69,"202134_s_at"
20260635,5,70,"214053_at"
20260635,5,71,"212330_at"
20260635,5,72,"222118_at"
20260635,5,73,"209421_at"
20260635,5,74,"212441_at"
20260635,5,75,"200934_at"
20260635,5,76,"208682_s_at"
20260635,5,77,"202752_x_at"
20260635,5,78,"213260_at"
20260635,5,79,"219874_at"
20260635,5,80,"204751_x_at"
20260635,5,81,"209386_at"
20260635,5,82,"221012_s_at"
20260635,5,83,"203066_at"
20260635,5,84,"210074_at"
20260635,5,85,"218755_at"
20260635,5,86,"203571_s_at"
20260635,5,87,"209114_at"
20260635,5,88,"208711_s_at"
20260635,5,89,"208865_at"
20260635,5,90,"220295_x_at"
20260635,5,91,"212692_s_at"
20260635,5,92,"221986_s_at"
20260635,5,93,"209464_at"
20260635,5,94,"219956_at"
20260635,5,95,"209791_at"
20260635,5,96,"219752_at"
20260635,5,97,"218065_s_at"
20260635,5,98,"212195_at"
20260635,5,99,"218164_at"
20260635,5,100,"218532_s_at"
20260636,1,1,"204750_s_at"
20260636,1,2,"222275_at"
20260636,1,3,"205225_at"
20260636,1,4,"218211_s_at"
20260636,1,5,"209623_at"
20260636,1,6,"212492_s_at"
20260636,1,7,"206194_at"
20260636,1,8,"214440_at"
20260636,1,9,"203693_s_at"
20260636,1,10,"208103_s_at"
20260636,1,11,"212638_s_at"
20260636,1,12,"204623_at"
20260636,1,13,"204825_at"
20260636,1,14,"218236_s_at"
20260636,1,15,"212956_at"
20260636,1,16,"216092_s_at"
20260636,1,17,"203702_s_at"
20260636,1,18,"206392_s_at"
20260636,1,19,"209604_s_at"
20260636,1,20,"216381_x_at"
20260636,1,21,"213032_at"
20260636,1,22,"219051_x_at"
20260636,1,23,"200934_at"
20260636,1,24,"212960_at"
20260636,1,25,"214428_x_at"
20260636,1,26,"209114_at"
20260636,1,27,"203999_at"
20260636,1,28,"212099_at"
20260636,1,29,"206869_at"
20260636,1,30,"210758_at"
20260636,1,31,"208451_s_at"
20260636,1,32,"205696_s_at"
20260636,1,33,"213523_at"
20260636,1,34,"221505_at"
20260636,1,35,"211466_at"
20260636,1,36,"218259_at"
20260636,1,37,"210735_s_at"
20260636,1,38,"215034_s_at"
20260636,1,39,"213134_x_at"
20260636,1,40,"205569_at"
20260636,1,41,"202134_s_at"
20260636,1,42,"206391_at"
20260636,1,43,"221524_s_at"
20260636,1,44,"214164_x_at"
20260636,1,45,"217838_s_at"
20260636,1,46,"215867_x_at"
20260636,1,47,"203963_at"
20260636,1,48,"209191_at"
20260636,1,49,"218164_at"
20260636,1,50,"201563_at"
20260636,1,51,"204822_at"
20260636,1,52,"221872_at"
20260636,1,53,"221823_at"
20260636,1,54,"214109_at"
20260636,1,55,"209289_at"
20260636,1,56,"209644_x_at"
20260636,1,57,"205548_s_at"
20260636,1,58,"215623_x_at"
20260636,1,59,"218886_at"
20260636,1,60,"200718_s_at"
20260636,1,61,"205044_at"
20260636,1,62,"205074_at"
20260636,1,63,"220238_s_at"
20260636,1,64,"221934_s_at"
20260636,1,65,"210052_s_at"
20260636,1,66,"221986_s_at"
20260636,1,67,"207039_at"
20260636,1,68,"202412_s_at"
20260636,1,69,"204315_s_at"
20260636,1,70,"200755_s_at"
20260636,1,71,"210024_s_at"
20260636,1,72,"204667_at"
20260636,1,73,"202752_x_at"
20260636,1,74,"221864_at"
20260636,1,75,"201407_s_at"
20260636,1,76,"205009_at"
20260636,1,77,"209290_s_at"
20260636,1,78,"213029_at"
20260636,1,79,"216237_s_at"
20260636,1,80,"212265_at"
20260636,1,81,"220540_at"
20260636,1,82,"209123_at"
20260636,1,83,"218394_at"
20260636,1,84,"209122_at"
20260636,1,85,"203038_at"
20260636,1,86,"210886_x_at"
20260636,1,87,"214053_at"
20260636,1,88,"208682_s_at"
20260636,1,89,"201596_x_at"
20260636,1,90,"221203_s_at"
20260636,1,91,"206469_x_at"
20260636,1,92,"209386_at"
20260636,1,93,"219197_s_at"
20260636,1,94,"202263_at"
20260636,1,95,"209603_at"
20260636,1,96,"202932_at"
20260636,1,97,"202341_s_at"
20260636,1,98,"203780_at"
20260636,1,99,"200052_s_at"
20260636,1,100,"218726_at"
20260636,2,1,"210084_x_at"
20260636,2,2,"204750_s_at"
20260636,2,3,"204400_at"
20260636,2,4,"213134_x_at"
20260636,2,5,"204825_at"
20260636,2,6,"205225_at"
20260636,2,7,"218902_at"
20260636,2,8,"205548_s_at"
20260636,2,9,"203999_at"
20260636,2,10,"210052_s_at"
20260636,2,11,"203693_s_at"
20260636,2,12,"209204_at"
20260636,2,13,"202870_s_at"
20260636,2,14,"215034_s_at"
20260636,2,15,"206023_at"
20260636,2,16,"204822_at"
20260636,2,17,"203038_at"
20260636,2,18,"203418_at"
20260636,2,19,"219874_at"
20260636,2,20,"213032_at"
20260636,2,21,"209289_at"
20260636,2,22,"203397_s_at"
20260636,2,23,"209832_s_at"
20260636,2,24,"202134_s_at"
20260636,2,25,"212956_at"
20260636,2,26,"216092_s_at"
20260636,2,27,"219752_at"
20260636,2,28,"203702_s_at"
20260636,2,29,"212099_at"
20260636,2,30,"214440_at"
20260636,2,31,"210024_s_at"
20260636,2,32,"221524_s_at"
20260636,2,33,"222275_at"
20260636,2,34,"204775_at"
20260636,2,35,"222039_at"
20260636,2,36,"206373_at"
20260636,2,37,"209290_s_at"
20260636,2,38,"214431_at"
20260636,2,39,"209387_s_at"
20260636,2,40,"212960_at"
20260636,2,41,"200718_s_at"
20260636,2,42,"213029_at"
20260636,2,43,"219051_x_at"
20260636,2,44,"209386_at"
20260636,2,45,"201231_s_at"
20260636,2,46,"209604_s_at"
20260636,2,47,"209421_at"
20260636,2,48,"207134_x_at"
20260636,2,49,"203226_s_at"
20260636,2,50,"207011_s_at"
20260636,2,51,"202263_at"
20260636,2,52,"221203_s_at"
20260636,2,53,"211235_s_at"
20260636,2,54,"214428_x_at"
20260636,2,55,"206869_at"
20260636,2,56,"209122_at"
20260636,2,57,"216603_at"
20260636,2,58,"202107_s_at"
20260636,2,59,"218259_at"
20260636,2,60,"202240_at"
20260636,2,61,"209781_s_at"
20260636,2,62,"202752_x_at"
20260636,2,63,"204962_s_at"
20260636,2,64,"203692_s_at"
20260636,2,65,"208451_s_at"
20260636,2,66,"214004_s_at"
20260636,2,67,"218350_s_at"
20260636,2,68,"200934_at"
20260636,2,69,"204012_s_at"
20260636,2,70,"207030_s_at"
20260636,2,71,"218236_s_at"
20260636,2,72,"217714_x_at"
20260636,2,73,"202762_at"
20260636,2,74,"205347_s_at"
20260636,2,75,"204315_s_at"
20260636,2,76,"222158_s_at"
20260636,2,77,"203222_s_at"
20260636,2,78,"218542_at"
20260636,2,79,"205107_s_at"
20260636,2,80,"201938_at"
20260636,2,81,"218726_at"
20260636,2,82,"220540_at"
20260636,2,83,"200052_s_at"
20260636,2,84,"205696_s_at"
20260636,2,85,"202589_at"
20260636,2,86,"218211_s_at"
20260636,2,87,"212022_s_at"
20260636,2,88,"200783_s_at"
20260636,2,89,"209747_at"
20260636,2,90,"205339_at"
20260636,2,91,"213260_at"
20260636,2,92,"206754_s_at"
20260636,2,93,"221677_s_at"
20260636,2,94,"211084_x_at"
20260636,2,95,"218755_at"
20260636,2,96,"202341_s_at"
20260636,2,97,"214745_at"
20260636,2,98,"221253_s_at"
20260636,2,99,"218486_at"
20260636,2,100,"203256_at"
20260636,3,1,"204825_at"
20260636,3,2,"210084_x_at"
20260636,3,3,"222039_at"
20260636,3,4,"204750_s_at"
20260636,3,5,"203693_s_at"
20260636,3,6,"210052_s_at"
20260636,3,7,"209408_at"
20260636,3,8,"209832_s_at"
20260636,3,9,"216237_s_at"
20260636,3,10,"214440_at"
20260636,3,11,"205225_at"
20260636,3,12,"221436_s_at"
20260636,3,13,"210206_s_at"
20260636,3,14,"218902_at"
20260636,3,15,"202870_s_at"
20260636,3,16,"202933_s_at"
20260636,3,17,"202107_s_at"
20260636,3,18,"205548_s_at"
20260636,3,19,"221524_s_at"
20260636,3,20,"204822_at"
20260636,3,21,"202589_at"
20260636,3,22,"212956_at"
20260636,3,23,"218355_at"
20260636,3,24,"212330_at"
20260636,3,25,"212099_at"
20260636,3,26,"206194_at"
20260636,3,27,"212960_at"
20260636,3,28,"204400_at"
20260636,3,29,"203702_s_at"
20260636,3,30,"214428_x_at"
20260636,3,31,"209644_x_at"
20260636,3,32,"203999_at"
20260636,3,33,"218726_at"
20260636,3,34,"210074_at"
20260636,3,35,"213134_x_at"
20260636,3,36,"208451_s_at"
20260636,3,37,"218211_s_at"
20260636,3,38,"220295_x_at"
20260636,3,39,"207039_at"
20260636,3,40,"216685_s_at"
20260636,3,41,"213260_at"
20260636,3,42,"205597_at"
20260636,3,43,"203143_s_at"
20260636,3,44,"209173_at"
20260636,3,45,"203712_at"
20260636,3,46,"204012_s_at"
20260636,3,47,"204962_s_at"
20260636,3,48,"212022_s_at"
20260636,3,49,"206373_at"
20260636,3,50,"200718_s_at"
20260636,3,51,"209386_at"
20260636,3,52,"215034_s_at"
20260636,3,53,"204315_s_at"
20260636,3,54,"221207_s_at"
20260636,3,55,"209781_s_at"
20260636,3,56,"219051_x_at"
20260636,3,57,"204605_at"
20260636,3,58,"212638_s_at"
20260636,3,59,"205339_at"
20260636,3,60,"204493_at"
20260636,3,61,"203038_at"
20260636,3,62,"209289_at"
20260636,3,63,"209114_at"
20260636,3,64,"201231_s_at"
20260636,3,65,"212195_at"
20260636,3,66,"209290_s_at"
20260636,3,67,"216092_s_at"
20260636,3,68,"206869_at"
20260636,3,69,"201930_at"
20260636,3,70,"220865_s_at"
20260636,3,71,"201970_s_at"
20260636,3,72,"214431_at"
20260636,3,73,"204623_at"
20260636,3,74,"209464_at"
20260636,3,75,"213029_at"
20260636,3,76,"209421_at"
20260636,3,77,"200052_s_at"
20260636,3,78,"218755_at"
20260636,3,79,"202263_at"
20260636,3,80,"213523_at"
20260636,3,81,"209623_at"
20260636,3,82,"219874_at"
20260636,3,83,"202580_x_at"
20260636,3,84,"204695_at"
20260636,3,85,"204767_s_at"
20260636,3,86,"213032_at"
20260636,3,87,"218009_s_at"
20260636,3,88,"220625_s_at"
20260636,3,89,"201555_at"
20260636,3,90,"216603_at"
20260636,3,91,"221520_s_at"
20260636,3,92,"219686_at"
20260636,3,93,"218532_s_at"
20260636,3,94,"202240_at"
20260636,3,95,"201990_s_at"
20260636,3,96,"221864_at"
20260636,3,97,"203788_s_at"
20260636,3,98,"219956_at"
20260636,3,99,"201938_at"
20260636,3,100,"209122_at"
20260636,4,1,"204825_at"
20260636,4,2,"204750_s_at"
20260636,4,3,"209204_at"
20260636,4,4,"210084_x_at"
20260636,4,5,"203999_at"
20260636,4,6,"205225_at"
20260636,4,7,"210052_s_at"
20260636,4,8,"205548_s_at"
20260636,4,9,"213032_at"
20260636,4,10,"213134_x_at"
20260636,4,11,"221872_at"
20260636,4,12,"204822_at"
20260636,4,13,"209644_x_at"
20260636,4,14,"206392_s_at"
20260636,4,15,"222275_at"
20260636,4,16,"209289_at"
20260636,4,17,"209832_s_at"
20260636,4,18,"206391_at"
20260636,4,19,"218726_at"
20260636,4,20,"221253_s_at"
20260636,4,21,"209604_s_at"
20260636,4,22,"213029_at"
20260636,4,23,"203702_s_at"
20260636,4,24,"209290_s_at"
20260636,4,25,"212956_at"
20260636,4,26,"208711_s_at"
20260636,4,27,"218532_s_at"
20260636,4,28,"219874_at"
20260636,4,29,"219051_x_at"
20260636,4,30,"215034_s_at"
20260636,4,31,"203038_at"
20260636,4,32,"214431_at"
20260636,4,33,"203256_at"
20260636,4,34,"200718_s_at"
20260636,4,35,"209623_at"
20260636,4,36,"222118_at"
20260636,4,37,"204962_s_at"
20260636,4,38,"206373_at"
20260636,4,39,"209642_at"
20260636,4,40,"204240_s_at"
20260636,4,41,"209386_at"
20260636,4,42,"217744_s_at"
20260636,4,43,"212099_at"
20260636,4,44,"201231_s_at"
20260636,4,45,"202134_s_at"
20260636,4,46,"207039_at"
20260636,4,47,"203397_s_at"
20260636,4,48,"208451_s_at"
20260636,4,49,"212960_at"
20260636,4,50,"204400_at"
20260636,4,51,"214428_x_at"
20260636,4,52,"216092_s_at"
20260636,4,53,"206754_s_at"
20260636,4,54,"211466_at"
20260636,4,55,"205074_at"
20260636,4,56,"203712_at"
20260636,4,57,"203693_s_at"
20260636,4,58,"202870_s_at"
20260636,4,59,"212022_s_at"
20260636,4,60,"213846_at"
20260636,4,61,"209781_s_at"
20260636,4,62,"220935_s_at"
20260636,4,63,"218350_s_at"
20260636,4,64,"214053_at"
20260636,4,65,"204050_s_at"
20260636,4,66,"220625_s_at"
20260636,4,67,"221864_at"
20260636,4,68,"204315_s_at"
20260636,4,69,"212492_s_at"
20260636,4,70,"206194_at"
20260636,4,71,"218902_at"
20260636,4,72,"203929_s_at"
20260636,4,73,"208712_at"
20260636,4,74,"200052_s_at"
20260636,4,75,"202263_at"
20260636,4,76,"219752_at"
20260636,4,77,"201970_s_at"
20260636,4,78,"220238_s_at"
20260636,4,79,"218755_at"
20260636,4,80,"208941_s_at"
20260636,4,81,"219197_s_at"
20260636,4,82,"218259_at"
20260636,4,83,"218211_s_at"
20260636,4,84,"202035_s_at"
20260636,4,85,"216603_at"
20260636,4,86,"210074_at"
20260636,4,87,"204767_s_at"
20260636,4,88,"207134_x_at"
20260636,4,89,"209603_at"
20260636,4,90,"221934_s_at"
20260636,4,91,"202589_at"
20260636,4,92,"204203_at"
20260636,4,93,"205696_s_at"
20260636,4,94,"214440_at"
20260636,4,95,"221203_s_at"
20260636,4,96,"204012_s_at"
20260636,4,97,"200960_x_at"
20260636,4,98,"201663_s_at"
20260636,4,99,"204568_at"
20260636,4,100,"214164_x_at"
20260636,5,1,"205225_at"
20260636,5,2,"212960_at"
20260636,5,3,"204750_s_at"
20260636,5,4,"205548_s_at"
20260636,5,5,"212099_at"
20260636,5,6,"212956_at"
20260636,5,7,"213134_x_at"
20260636,5,8,"204825_at"
20260636,5,9,"221986_s_at"
20260636,5,10,"200718_s_at"
20260636,5,11,"209204_at"
20260636,5,12,"203999_at"
20260636,5,13,"219051_x_at"
20260636,5,14,"214440_at"
20260636,5,15,"214164_x_at"
20260636,5,16,"214053_at"
20260636,5,17,"202263_at"
20260636,5,18,"206373_at"
20260636,5,19,"210735_s_at"
20260636,5,20,"215867_x_at"
20260636,5,21,"214109_at"
20260636,5,22,"213651_at"
20260636,5,23,"203693_s_at"
20260636,5,24,"209289_at"
20260636,5,25,"203702_s_at"
20260636,5,26,"218532_s_at"
20260636,5,27,"213029_at"
20260636,5,28,"213032_at"
20260636,5,29,"218211_s_at"
20260636,5,30,"209623_at"
20260636,5,31,"206391_at"
20260636,5,32,"214431_at"
20260636,5,33,"209604_s_at"
20260636,5,34,"202089_s_at"
20260636,5,35,"201231_s_at"
20260636,5,36,"204822_at"
20260636,5,37,"202088_at"
20260636,5,38,"209290_s_at"
20260636,5,39,"203712_at"
20260636,5,40,"202204_s_at"
20260636,5,41,"219956_at"
20260636,5,42,"203963_at"
20260636,5,43,"209122_at"
20260636,5,44,"219197_s_at"
20260636,5,45,"206392_s_at"
20260636,5,46,"218259_at"
20260636,5,47,"212638_s_at"
20260636,5,48,"221524_s_at"
20260636,5,49,"203066_at"
20260636,5,50,"209791_at"
20260636,5,51,"210052_s_at"
20260636,5,52,"210084_x_at"
20260636,5,53,"221872_at"
20260636,5,54,"200011_s_at"
20260636,5,55,"204775_at"
20260636,5,56,"202870_s_at"
20260636,5,57,"204508_s_at"
20260636,5,58,"201663_s_at"
20260636,5,59,"213249_at"
20260636,5,60,"216092_s_at"
20260636,5,61,"209603_at"
20260636,5,62,"205696_s_at"
20260636,5,63,"212692_s_at"
20260636,5,64,"209114_at"
20260636,5,65,"219498_s_at"
20260636,5,66,"200670_at"
20260636,5,67,"202134_s_at"
20260636,5,68,"212441_at"
20260636,5,69,"222125_s_at"
20260636,5,70,"204962_s_at"
20260636,5,71,"221934_s_at"
20260636,5,72,"212492_s_at"
20260636,5,73,"200934_at"
20260636,5,74,"204623_at"
20260636,5,75,"212265_at"
20260636,5,76,"219752_at"
20260636,5,77,"221823_at"
20260636,5,78,"211712_s_at"
20260636,5,79,"205009_at"
20260636,5,80,"221046_s_at"
20260636,5,81,"212925_at"
20260636,5,82,"209173_at"
20260636,5,83,"218164_at"
20260636,5,84,"211729_x_at"
20260636,5,85,"205074_at"
20260636,5,86,"204493_at"
20260636,5,87,"208873_s_at"
20260636,5,88,"202589_at"
20260636,5,89,"218902_at"
20260636,5,90,"210096_at"
20260636,5,91,"222275_at"
20260636,5,92,"222158_s_at"
20260636,5,93,"210024_s_at"
20260636,5,94,"218755_at"
20260636,5,95,"200711_s_at"
20260636,5,96,"204667_at"
20260636,5,97,"200052_s_at"
20260636,5,98,"219874_at"
20260636,5,99,"205509_at"
20260636,5,100,"203773_x_at"
20260637,1,1,"204750_s_at"
20260637,1,2,"204825_at"
20260637,1,3,"221986_s_at"
20260637,1,4,"210084_x_at"
20260637,1,5,"203693_s_at"
20260637,1,6,"213134_x_at"
20260637,1,7,"222275_at"
20260637,1,8,"205225_at"
20260637,1,9,"219051_x_at"
20260637,1,10,"205548_s_at"
20260637,1,11,"218902_at"
20260637,1,12,"222039_at"
20260637,1,13,"204400_at"
20260637,1,14,"203038_at"
20260637,1,15,"210052_s_at"
20260637,1,16,"204822_at"
20260637,1,17,"210074_at"
20260637,1,18,"202263_at"
20260637,1,19,"203999_at"
20260637,1,20,"209204_at"
20260637,1,21,"212960_at"
20260637,1,22,"221203_s_at"
20260637,1,23,"204493_at"
20260637,1,24,"212099_at"
20260637,1,25,"204315_s_at"
20260637,1,26,"212956_at"
20260637,1,27,"203702_s_at"
20260637,1,28,"205696_s_at"
20260637,1,29,"219686_at"
20260637,1,30,"209122_at"
20260637,1,31,"221872_at"
20260637,1,32,"218532_s_at"
20260637,1,33,"219874_at"
20260637,1,34,"206869_at"
20260637,1,35,"205044_at"
20260637,1,36,"206194_at"
20260637,1,37,"201231_s_at"
20260637,1,38,"214440_at"
20260637,1,39,"200718_s_at"
20260637,1,40,"203418_at"
20260637,1,41,"209832_s_at"
20260637,1,42,"213032_at"
20260637,1,43,"218726_at"
20260637,1,44,"202933_s_at"
20260637,1,45,"209289_at"
20260637,1,46,"202589_at"
20260637,1,47,"216092_s_at"
20260637,1,48,"204962_s_at"
20260637,1,49,"203397_s_at"
20260637,1,50,"209290_s_at"
20260637,1,51,"220625_s_at"
20260637,1,52,"202035_s_at"
20260637,1,53,"200934_at"
20260637,1,54,"213260_at"
20260637,1,55,"213029_at"
20260637,1,56,"218211_s_at"
20260637,1,57,"212492_s_at"
20260637,1,58,"209173_at"
20260637,1,59,"206392_s_at"
20260637,1,60,"202107_s_at"
20260637,1,61,"219956_at"
20260637,1,62,"221864_at"
20260637,1,63,"206373_at"
20260637,1,64,"209604_s_at"
20260637,1,65,"216511_s_at"
20260637,1,66,"218259_at"
20260637,1,67,"202870_s_at"
20260637,1,68,"210024_s_at"
20260637,1,69,"221934_s_at"
20260637,1,70,"220865_s_at"
20260637,1,71,"218034_at"
20260637,1,72,"204914_s_at"
20260637,1,73,"218236_s_at"
20260637,1,74,"216603_at"
20260637,1,75,"212219_at"
20260637,1,76,"202341_s_at"
20260637,1,77,"212638_s_at"
20260637,1,78,"202134_s_at"
20260637,1,79,"213846_at"
20260637,1,80,"201030_x_at"
20260637,1,81,"209114_at"
20260637,1,82,"214053_at"
20260637,1,83,"219752_at"
20260637,1,84,"213564_x_at"
20260637,1,85,"204012_s_at"
20260637,1,86,"209781_s_at"
20260637,1,87,"206391_at"
20260637,1,88,"207134_x_at"
20260637,1,89,"212265_at"
20260637,1,90,"203712_at"
20260637,1,91,"208451_s_at"
20260637,1,92,"205339_at"
20260637,1,93,"200011_s_at"
20260637,1,94,"204767_s_at"
20260637,1,95,"203143_s_at"
20260637,1,96,"206560_s_at"
20260637,1,97,"204623_at"
20260637,1,98,"213523_at"
20260637,1,99,"218350_s_at"
20260637,1,100,"212022_s_at"
20260637,2,1,"209289_at"
20260637,2,2,"213032_at"
20260637,2,3,"205225_at"
20260637,2,4,"213029_at"
20260637,2,5,"203999_at"
20260637,2,6,"209290_s_at"
20260637,2,7,"204750_s_at"
20260637,2,8,"206373_at"
20260637,2,9,"204825_at"
20260637,2,10,"203712_at"
20260637,2,11,"212956_at"
20260637,2,12,"212099_at"
20260637,2,13,"205548_s_at"
20260637,2,14,"213134_x_at"
20260637,2,15,"203702_s_at"
20260637,2,16,"218259_at"
20260637,2,17,"212960_at"
20260637,2,18,"209604_s_at"
20260637,2,19,"214440_at"
20260637,2,20,"219051_x_at"
20260637,2,21,"209832_s_at"
20260637,2,22,"209204_at"
20260637,2,23,"212638_s_at"
20260637,2,24,"220935_s_at"
20260637,2,25,"205696_s_at"
20260637,2,26,"210052_s_at"
20260637,2,27,"218211_s_at"
20260637,2,28,"203066_at"
20260637,2,29,"206194_at"
20260637,2,30,"209623_at"
20260637,2,31,"212492_s_at"
20260637,2,32,"204012_s_at"
20260637,2,33,"214431_at"
20260637,2,34,"216685_s_at"
20260637,2,35,"206754_s_at"
20260637,2,36,"200718_s_at"
20260637,2,37,"218164_at"
20260637,2,38,"210084_x_at"
20260637,2,39,"211466_at"
20260637,2,40,"222275_at"
20260637,2,41,"202134_s_at"
20260637,2,42,"212441_at"
20260637,2,43,"216237_s_at"
20260637,2,44,"204623_at"
20260637,2,45,"213033_s_at"
20260637,2,46,"200052_s_at"
20260637,2,47,"202870_s_at"
20260637,2,48,"203693_s_at"
20260637,2,49,"209747_at"
20260637,2,50,"209122_at"
20260637,2,51,"209421_at"
20260637,2,52,"203963_at"
20260637,2,53,"205009_at"
20260637,2,54,"214053_at"
20260637,2,55,"206869_at"
20260637,2,56,"214164_x_at"
20260637,2,57,"211467_s_at"
20260637,2,58,"206392_s_at"
20260637,2,59,"214428_x_at"
20260637,2,60,"221864_at"
20260637,2,61,"40093_at"
20260637,2,62,"203476_at"
20260637,2,63,"202263_at"
20260637,2,64,"204822_at"
20260637,2,65,"209213_at"
20260637,2,66,"202933_s_at"
20260637,2,67,"203038_at"
20260637,2,68,"209603_at"
20260637,2,69,"208451_s_at"
20260637,2,70,"204493_at"
20260637,2,71,"209669_s_at"
20260637,2,72,"203397_s_at"
20260637,2,73,"203143_s_at"
20260637,2,74,"212925_at"
20260637,2,75,"210024_s_at"
20260637,2,76,"204481_at"
20260637,2,77,"206391_at"
20260637,2,78,"221872_at"
20260637,2,79,"204203_at"
20260637,2,80,"216092_s_at"
20260637,2,81,"221524_s_at"
20260637,2,82,"218532_s_at"
20260637,2,83,"209386_at"
20260637,2,84,"202483_s_at"
20260637,2,85,"221823_at"
20260637,2,86,"215034_s_at"
20260637,2,87,"204962_s_at"
20260637,2,88,"215867_x_at"
20260637,2,89,"205339_at"
20260637,2,90,"209644_x_at"
20260637,2,91,"219197_s_at"
20260637,2,92,"202088_at"
20260637,2,93,"210735_s_at"
20260637,2,94,"206102_at"
20260637,2,95,"202240_at"
20260637,2,96,"220239_at"
20260637,2,97,"204605_at"
20260637,2,98,"208941_s_at"
20260637,2,99,"220295_x_at"
20260637,2,100,"214109_at"
20260637,3,1,"204750_s_at"
20260637,3,2,"212099_at"
20260637,3,3,"203693_s_at"
20260637,3,4,"204825_at"
20260637,3,5,"209623_at"
20260637,3,6,"205548_s_at"
20260637,3,7,"218776_s_at"
20260637,3,8,"205225_at"
20260637,3,9,"218211_s_at"
20260637,3,10,"214440_at"
20260637,3,11,"209644_x_at"
20260637,3,12,"209114_at"
20260637,3,13,"213134_x_at"
20260637,3,14,"212956_at"
20260637,3,15,"218236_s_at"
20260637,3,16,"214428_x_at"
20260637,3,17,"220540_at"
20260637,3,18,"219051_x_at"
20260637,3,19,"208451_s_at"
20260637,3,20,"219631_at"
20260637,3,21,"210052_s_at"
20260637,3,22,"213032_at"
20260637,3,23,"201563_at"
20260637,3,24,"212492_s_at"
20260637,3,25,"208103_s_at"
20260637,3,26,"206194_at"
20260637,3,27,"216092_s_at"
20260637,3,28,"212638_s_at"
20260637,3,29,"212960_at"
20260637,3,30,"207039_at"
20260637,3,31,"214164_x_at"
20260637,3,32,"209289_at"
20260637,3,33,"218902_at"
20260637,3,34,"201938_at"
20260637,3,35,"210084_x_at"
20260637,3,36,"213029_at"
20260637,3,37,"212265_at"
20260637,3,38,"222039_at"
20260637,3,39,"215867_x_at"
20260637,3,40,"209290_s_at"
20260637,3,41,"203702_s_at"
20260637,3,42,"200670_at"
20260637,3,43,"210735_s_at"
20260637,3,44,"204822_at"
20260637,3,45,"202263_at"
20260637,3,46,"200718_s_at"
20260637,3,47,"210758_at"
20260637,3,48,"203963_at"
20260637,3,49,"221505_at"
20260637,3,50,"205074_at"
20260637,3,51,"200011_s_at"
20260637,3,52,"207030_s_at"
20260637,3,53,"204667_at"
20260637,3,54,"218886_at"
20260637,3,55,"204061_at"
20260637,3,56,"208682_s_at"
20260637,3,57,"201231_s_at"
20260637,3,58,"213523_at"
20260637,3,59,"209173_at"
20260637,3,60,"209604_s_at"
20260637,3,61,"200934_at"
20260637,3,62,"219498_s_at"
20260637,3,63,"212022_s_at"
20260637,3,64,"204623_at"
20260637,3,65,"202752_x_at"
20260637,3,66,"205044_at"
20260637,3,67,"218726_at"
20260637,3,68,"221524_s_at"
20260637,3,69,"210024_s_at"
20260637,3,70,"218532_s_at"
20260637,3,71,"206373_at"
20260637,3,72,"214431_at"
20260637,3,73,"210886_x_at"
20260637,3,74,"203418_at"
20260637,3,75,"215034_s_at"
20260637,3,76,"210085_s_at"
20260637,3,77,"222275_at"
20260637,3,78,"221591_s_at"
20260637,3,79,"221012_s_at"
20260637,3,80,"218313_s_at"
20260637,3,81,"206392_s_at"
20260637,3,82,"201663_s_at"
20260637,3,83,"219197_s_at"
20260637,3,84,"221934_s_at"
20260637,3,85,"202870_s_at"
20260637,3,86,"201923_at"
20260637,3,87,"202134_s_at"
20260637,3,88,"219956_at"
20260637,3,89,"209386_at"
20260637,3,90,"202341_s_at"
20260637,3,91,"204508_s_at"
20260637,3,92,"211466_at"
20260637,3,93,"216237_s_at"
20260637,3,94,"205569_at"
20260637,3,95,"220295_x_at"
20260637,3,96,"209204_at"
20260637,3,97,"211084_x_at"
20260637,3,98,"213260_at"
20260637,3,99,"205696_s_at"
20260637,3,100,"201930_at"
20260637,4,1,"210084_x_at"
20260637,4,2,"205225_at"
20260637,4,3,"204825_at"
20260637,4,4,"204750_s_at"
20260637,4,5,"212960_at"
20260637,4,6,"221524_s_at"
20260637,4,7,"212956_at"
20260637,4,8,"202870_s_at"
20260637,4,9,"203999_at"
20260637,4,10,"201231_s_at"
20260637,4,11,"209204_at"
20260637,4,12,"210052_s_at"
20260637,4,13,"204822_at"
20260637,4,14,"204318_s_at"
20260637,4,15,"218009_s_at"
20260637,4,16,"206391_at"
20260637,4,17,"214053_at"
20260637,4,18,"213134_x_at"
20260637,4,19,"219874_at"
20260637,4,20,"206392_s_at"
20260637,4,21,"220126_at"
20260637,4,22,"205548_s_at"
20260637,4,23,"200718_s_at"
20260637,4,24,"218755_at"
20260637,4,25,"209408_at"
20260637,4,26,"202589_at"
20260637,4,27,"221872_at"
20260637,4,28,"218856_at"
20260637,4,29,"204775_at"
20260637,4,30,"204623_at"
20260637,4,31,"209604_s_at"
20260637,4,32,"219197_s_at"
20260637,4,33,"214109_at"
20260637,4,34,"203693_s_at"
20260637,4,35,"221511_x_at"
20260637,4,36,"218211_s_at"
20260637,4,37,"216237_s_at"
20260637,4,38,"216092_s_at"
20260637,4,39,"214440_at"
20260637,4,40,"206373_at"
20260637,4,41,"204962_s_at"
20260637,4,42,"212099_at"
20260637,4,43,"212022_s_at"
20260637,4,44,"218663_at"
20260637,4,45,"201755_at"
20260637,4,46,"210735_s_at"
20260637,4,47,"201663_s_at"
20260637,4,48,"219741_x_at"
20260637,4,49,"206869_at"
20260637,4,50,"214431_at"
20260637,4,51,"209832_s_at"
20260637,4,52,"214164_x_at"
20260637,4,53,"202107_s_at"
20260637,4,54,"219752_at"
20260637,4,55,"205009_at"
20260637,4,56,"218259_at"
20260637,4,57,"204400_at"
20260637,4,58,"200750_s_at"
20260637,4,59,"215867_x_at"
20260637,4,60,"209644_x_at"
20260637,4,61,"209781_s_at"
20260637,4,62,"221203_s_at"
20260637,4,63,"203702_s_at"
20260637,4,64,"202134_s_at"
20260637,4,65,"218355_at"
20260637,4,66,"222275_at"
20260637,4,67,"218976_at"
20260637,4,68,"222039_at"
20260637,4,69,"218726_at"
20260637,4,70,"200711_s_at"
20260637,4,71,"212195_at"
20260637,4,72,"222158_s_at"
20260637,4,73,"202095_s_at"
20260637,4,74,"209173_at"
20260637,4,75,"203256_at"
20260637,4,76,"218542_at"
20260637,4,77,"219990_at"
20260637,4,78,"201970_s_at"
20260637,4,79,"204315_s_at"
20260637,4,80,"201938_at"
20260637,4,81,"204162_at"
20260637,4,82,"221736_at"
20260637,4,83,"212196_at"
20260637,4,84,"218902_at"
20260637,4,85,"213032_at"
20260637,4,86,"203963_at"
20260637,4,87,"201291_s_at"
20260637,4,88,"203038_at"
20260637,4,89,"209122_at"
20260637,4,90,"210096_at"
20260637,4,91,"221207_s_at"
20260637,4,92,"202088_at"
20260637,4,93,"203418_at"
20260637,4,94,"209603_at"
20260637,4,95,"205074_at"
20260637,4,96,"202263_at"
20260637,4,97,"219051_x_at"
20260637,4,98,"202240_at"
20260637,4,99,"202933_s_at"
20260637,4,100,"200960_x_at"
20260637,5,1,"215034_s_at"
20260637,5,2,"204750_s_at"
20260637,5,3,"204825_at"
20260637,5,4,"205225_at"
20260637,5,5,"204400_at"
20260637,5,6,"210084_x_at"
20260637,5,7,"209387_s_at"
20260637,5,8,"203702_s_at"
20260637,5,9,"203999_at"
20260637,5,10,"209386_at"
20260637,5,11,"204822_at"
20260637,5,12,"203397_s_at"
20260637,5,13,"213134_x_at"
20260637,5,14,"205548_s_at"
20260637,5,15,"214440_at"
20260637,5,16,"209421_at"
20260637,5,17,"208650_s_at"
20260637,5,18,"209623_at"
20260637,5,19,"203693_s_at"
20260637,5,20,"208190_s_at"
20260637,5,21,"208451_s_at"
20260637,5,22,"219752_at"
20260637,5,23,"222275_at"
20260637,5,24,"214428_x_at"
20260637,5,25,"217744_s_at"
20260637,5,26,"209204_at"
20260637,5,27,"218726_at"
20260637,5,28,"204962_s_at"
20260637,5,29,"214431_at"
20260637,5,30,"210052_s_at"
20260637,5,31,"202134_s_at"
20260637,5,32,"210024_s_at"
20260637,5,33,"221524_s_at"
20260637,5,34,"209604_s_at"
20260637,5,35,"204315_s_at"
20260637,5,36,"219874_at"
20260637,5,37,"200718_s_at"
20260637,5,38,"216603_at"
20260637,5,39,"216092_s_at"
20260637,5,40,"200052_s_at"
20260637,5,41,"212956_at"
20260637,5,42,"206391_at"
20260637,5,43,"209644_x_at"
20260637,5,44,"203038_at"
20260637,5,45,"205201_at"
20260637,5,46,"219051_x_at"
20260637,5,47,"218259_at"
20260637,5,48,"221986_s_at"
20260637,5,49,"209781_s_at"
20260637,5,50,"201555_at"
20260637,5,51,"203929_s_at"
20260637,5,52,"204240_s_at"
20260637,5,53,"212960_at"
20260637,5,54,"209832_s_at"
20260637,5,55,"200934_at"
20260637,5,56,"213032_at"
20260637,5,57,"218902_at"
20260637,5,58,"218486_at"
20260637,5,59,"202870_s_at"
20260637,5,60,"204203_at"
20260637,5,61,"210074_at"
20260637,5,62,"209289_at"
20260637,5,63,"221677_s_at"
20260637,5,64,"211466_at"
20260637,5,65,"218755_at"
20260637,5,66,"200890_s_at"
20260637,5,67,"202107_s_at"
20260637,5,68,"216237_s_at"
20260637,5,69,"221864_at"
20260637,5,70,"209114_at"
20260637,5,71,"218211_s_at"
20260637,5,72,"209122_at"
20260637,5,73,"206869_at"
20260637,5,74,"209772_s_at"
20260637,5,75,"216685_s_at"
20260637,5,76,"214109_at"
20260637,5,77,"212195_at"
20260637,5,78,"266_s_at"
20260637,5,79,"202240_at"
20260637,5,80,"203788_s_at"
20260637,5,81,"206392_s_at"
20260637,5,82,"40016_g_at"
20260637,5,83,"201839_s_at"
20260637,5,84,"205347_s_at"
20260637,5,85,"214745_at"
20260637,5,86,"212219_at"
20260637,5,87,"212208_at"
20260637,5,88,"221872_at"
20260637,5,89,"212099_at"
20260637,5,90,"203963_at"
20260637,5,91,"221934_s_at"
20260637,5,92,"209642_at"
20260637,5,93,"206754_s_at"
20260637,5,94,"206373_at"
20260637,5,95,"211450_s_at"
20260637,5,96,"212638_s_at"
20260637,5,97,"218164_at"
20260637,5,98,"218236_s_at"
20260637,5,99,"214164_x_at"
20260637,5,100,"204775_at"
20260638,1,1,"210084_x_at"
20260638,1,2,"204750_s_at"
20260638,1,3,"204400_at"
20260638,1,4,"204825_at"
20260638,1,5,"218902_at"
20260638,1,6,"213134_x_at"
20260638,1,7,"205548_s_at"
20260638,1,8,"215034_s_at"
20260638,1,9,"203702_s_at"
20260638,1,10,"209387_s_at"
20260638,1,11,"203999_at"
20260638,1,12,"205225_at"
20260638,1,13,"212099_at"
20260638,1,14,"206373_at"
20260638,1,15,"209386_at"
20260638,1,16,"203038_at"
20260638,1,17,"203397_s_at"
20260638,1,18,"209781_s_at"
20260638,1,19,"212956_at"
20260638,1,20,"209204_at"
20260638,1,21,"209114_at"
20260638,1,22,"203693_s_at"
20260638,1,23,"200718_s_at"
20260638,1,24,"210024_s_at"
20260638,1,25,"219752_at"
20260638,1,26,"210052_s_at"
20260638,1,27,"219051_x_at"
20260638,1,28,"200052_s_at"
20260638,1,29,"222039_at"
20260638,1,30,"206194_at"
20260638,1,31,"216237_s_at"
20260638,1,32,"212638_s_at"
20260638,1,33,"200011_s_at"
20260638,1,34,"213032_at"
20260638,1,35,"203418_at"
20260638,1,36,"209604_s_at"
20260638,1,37,"201231_s_at"
20260638,1,38,"222275_at"
20260638,1,39,"214745_at"
20260638,1,40,"214431_at"
20260638,1,41,"202134_s_at"
20260638,1,42,"217744_s_at"
20260638,1,43,"214440_at"
20260638,1,44,"204822_at"
20260638,1,45,"209122_at"
20260638,1,46,"202752_x_at"
20260638,1,47,"204012_s_at"
20260638,1,48,"209747_at"
20260638,1,49,"209289_at"
20260638,1,50,"218259_at"
20260638,1,51,"205347_s_at"
20260638,1,52,"206869_at"
20260638,1,53,"200934_at"
20260638,1,54,"212960_at"
20260638,1,55,"204605_at"
20260638,1,56,"209408_at"
20260638,1,57,"208650_s_at"
20260638,1,58,"202263_at"
20260638,1,59,"218532_s_at"
20260638,1,60,"216092_s_at"
20260638,1,61,"211466_at"
20260638,1,62,"203066_at"
20260638,1,63,"218211_s_at"
20260638,1,64,"212492_s_at"
20260638,1,65,"219741_x_at"
20260638,1,66,"209290_s_at"
20260638,1,67,"203571_s_at"
20260638,1,68,"213029_at"
20260638,1,69,"203780_at"
20260638,1,70,"209109_s_at"
20260638,1,71,"217892_s_at"
20260638,1,72,"202589_at"
20260638,1,73,"202870_s_at"
20260638,1,74,"221986_s_at"
20260638,1,75,"40093_at"
20260638,1,76,"221524_s_at"
20260638,1,77,"201938_at"
20260638,1,78,"221872_at"
20260638,1,79,"221203_s_at"
20260638,1,80,"218236_s_at"
20260638,1,81,"221823_at"
20260638,1,82,"219874_at"
20260638,1,83,"218726_at"
20260638,1,84,"209421_at"
20260638,1,85,"203788_s_at"
20260638,1,86,"213260_at"
20260638,1,87,"208854_s_at"
20260638,1,88,"218755_at"
20260638,1,89,"206392_s_at"
20260638,1,90,"204962_s_at"
20260638,1,91,"208682_s_at"
20260638,1,92,"213249_at"
20260638,1,93,"204315_s_at"
20260638,1,94,"214109_at"
20260638,1,95,"202483_s_at"
20260638,1,96,"214428_x_at"
20260638,1,97,"201563_at"
20260638,1,98,"209623_at"
20260638,1,99,"221012_s_at"
20260638,1,100,"202762_at"
20260638,2,1,"204750_s_at"
20260638,2,2,"205225_at"
20260638,2,3,"203999_at"
20260638,2,4,"203693_s_at"
20260638,2,5,"210084_x_at"
20260638,2,6,"212099_at"
20260638,2,7,"212956_at"
20260638,2,8,"214440_at"
20260638,2,9,"206754_s_at"
20260638,2,10,"204825_at"
20260638,2,11,"214428_x_at"
20260638,2,12,"218211_s_at"
20260638,2,13,"212960_at"
20260638,2,14,"216092_s_at"
20260638,2,15,"219051_x_at"
20260638,2,16,"202263_at"
20260638,2,17,"219956_at"
20260638,2,18,"221524_s_at"
20260638,2,19,"208451_s_at"
20260638,2,20,"206869_at"
20260638,2,21,"203712_at"
20260638,2,22,"212638_s_at"
20260638,2,23,"214164_x_at"
20260638,2,24,"210735_s_at"
20260638,2,25,"210052_s_at"
20260638,2,26,"209604_s_at"
20260638,2,27,"215867_x_at"
20260638,2,28,"213032_at"
20260638,2,29,"222275_at"
20260638,2,30,"206373_at"
20260638,2,31,"200718_s_at"
20260638,2,32,"203963_at"
20260638,2,33,"209289_at"
20260638,2,34,"200934_at"
20260638,2,35,"206194_at"
20260638,2,36,"209832_s_at"
20260638,2,37,"209173_at"
20260638,2,38,"205201_at"
20260638,2,39,"214053_at"
20260638,2,40,"220540_at"
20260638,2,41,"204623_at"
20260638,2,42,"202752_x_at"
20260638,2,43,"213029_at"
20260638,2,44,"204822_at"
20260638,2,45,"209122_at"
20260638,2,46,"209290_s_at"
20260638,2,47,"205548_s_at"
20260638,2,48,"213134_x_at"
20260638,2,49,"216237_s_at"
20260638,2,50,"202870_s_at"
20260638,2,51,"220295_x_at"
20260638,2,52,"209204_at"
20260638,2,53,"203692_s_at"
20260638,2,54,"212195_at"
20260638,2,55,"211712_s_at"
20260638,2,56,"212196_at"
20260638,2,57,"219197_s_at"
20260638,2,58,"216603_at"
20260638,2,59,"212492_s_at"
20260638,2,60,"203702_s_at"
20260638,2,61,"209623_at"
20260638,2,62,"218259_at"
20260638,2,63,"214431_at"
20260638,2,64,"204962_s_at"
20260638,2,65,"203143_s_at"
20260638,2,66,"221736_at"
20260638,2,67,"202134_s_at"
20260638,2,68,"205009_at"
20260638,2,69,"216604_s_at"
20260638,2,70,"201231_s_at"
20260638,2,71,"218902_at"
20260638,2,72,"201970_s_at"
20260638,2,73,"205597_at"
20260638,2,74,"204400_at"
20260638,2,75,"209114_at"
20260638,2,76,"208022_s_at"
20260638,2,77,"209747_at"
20260638,2,78,"202107_s_at"
20260638,2,79,"208682_s_at"
20260638,2,80,"200052_s_at"
20260638,2,81,"201826_s_at"
20260638,2,82,"209644_x_at"
20260638,2,83,"221779_at"
20260638,2,84,"202341_s_at"
20260638,2,85,"200670_at"
20260638,2,86,"213627_at"
20260638,2,87,"221986_s_at"
20260638,2,88,"215034_s_at"
20260638,2,89,"204667_at"
20260638,2,90,"203073_at"
20260638,2,91,"203476_at"
20260638,2,92,"203571_s_at"
20260638,2,93,"222039_at"
20260638,2,94,"214109_at"
20260638,2,95,"204508_s_at"
20260638,2,96,"209603_at"
20260638,2,97,"217979_at"
20260638,2,98,"210731_s_at"
20260638,2,99,"209341_s_at"
20260638,2,100,"204767_s_at"
20260638,3,1,"204825_at"
20260638,3,2,"205225_at"
20260638,3,3,"204750_s_at"
20260638,3,4,"204822_at"
20260638,3,5,"205548_s_at"
20260638,3,6,"215034_s_at"
20260638,3,7,"210052_s_at"
20260638,3,8,"222275_at"
20260638,3,9,"218726_at"
20260638,3,10,"209623_at"
20260638,3,11,"221524_s_at"
20260638,3,12,"209386_at"
20260638,3,13,"210084_x_at"
20260638,3,14,"204962_s_at"
20260638,3,15,"203999_at"
20260638,3,16,"209289_at"
20260638,3,17,"213134_x_at"
20260638,3,18,"204315_s_at"
20260638,3,19,"214440_at"
20260638,3,20,"210074_at"
20260638,3,21,"214428_x_at"
20260638,3,22,"208451_s_at"
20260638,3,23,"209290_s_at"
20260638,3,24,"209781_s_at"
20260638,3,25,"205696_s_at"
20260638,3,26,"219874_at"
20260638,3,27,"212960_at"
20260638,3,28,"209604_s_at"
20260638,3,29,"203693_s_at"
20260638,3,30,"206391_at"
20260638,3,31,"213029_at"
20260638,3,32,"212956_at"
20260638,3,33,"202263_at"
20260638,3,34,"203702_s_at"
20260638,3,35,"213032_at"
20260638,3,36,"209204_at"
20260638,3,37,"221934_s_at"
20260638,3,38,"202870_s_at"
20260638,3,39,"221872_at"
20260638,3,40,"219051_x_at"
20260638,3,41,"203929_s_at"
20260638,3,42,"204240_s_at"
20260638,3,43,"209642_at"
20260638,3,44,"216603_at"
20260638,3,45,"204203_at"
20260638,3,46,"212492_s_at"
20260638,3,47,"218902_at"
20260638,3,48,"218211_s_at"
20260638,3,49,"218236_s_at"
20260638,3,50,"204400_at"
20260638,3,51,"202134_s_at"
20260638,3,52,"209387_s_at"
20260638,3,53,"212022_s_at"
20260638,3,54,"200718_s_at"
20260638,3,55,"219752_at"
20260638,3,56,"212265_at"
20260638,3,57,"203038_at"
20260638,3,58,"218532_s_at"
20260638,3,59,"206392_s_at"
20260638,3,60,"220238_s_at"
20260638,3,61,"217744_s_at"
20260638,3,62,"221864_at"
20260638,3,63,"213523_at"
20260638,3,64,"212330_at"
20260638,3,65,"216092_s_at"
20260638,3,66,"218259_at"
20260638,3,67,"202933_s_at"
20260638,3,68,"203963_at"
20260638,3,69,"212099_at"
20260638,3,70,"206373_at"
20260638,3,71,"218486_at"
20260638,3,72,"206869_at"
20260638,3,73,"222118_at"
20260638,3,74,"202589_at"
20260638,3,75,"214431_at"
20260638,3,76,"203397_s_at"
20260638,3,77,"208022_s_at"
20260638,3,78,"213846_at"
20260638,3,79,"219197_s_at"
20260638,3,80,"221986_s_at"
20260638,3,81,"201663_s_at"
20260638,3,82,"206194_at"
20260638,3,83,"208517_x_at"
20260638,3,84,"218164_at"
20260638,3,85,"218542_at"
20260638,3,86,"211466_at"
20260638,3,87,"209464_at"
20260638,3,88,"205201_at"
20260638,3,89,"219984_s_at"
20260638,3,90,"216237_s_at"
20260638,3,91,"202240_at"
20260638,3,92,"203571_s_at"
20260638,3,93,"213226_at"
20260638,3,94,"214053_at"
20260638,3,95,"209408_at"
20260638,3,96,"204568_at"
20260638,3,97,"212195_at"
20260638,3,98,"222125_s_at"
20260638,3,99,"206754_s_at"
20260638,3,100,"221203_s_at"
20260638,4,1,"204750_s_at"
20260638,4,2,"204825_at"
20260638,4,3,"221986_s_at"
20260638,4,4,"205225_at"
20260638,4,5,"213134_x_at"
20260638,4,6,"210084_x_at"
20260638,4,7,"216092_s_at"
20260638,4,8,"203693_s_at"
20260638,4,9,"216685_s_at"
20260638,4,10,"212099_at"
20260638,4,11,"209204_at"
20260638,4,12,"205074_at"
20260638,4,13,"213564_x_at"
20260638,4,14,"209623_at"
20260638,4,15,"214440_at"
20260638,4,16,"204822_at"
20260638,4,17,"209644_x_at"
20260638,4,18,"202107_s_at"
20260638,4,19,"202933_s_at"
20260638,4,20,"205548_s_at"
20260638,4,21,"201231_s_at"
20260638,4,22,"209832_s_at"
20260638,4,23,"201030_x_at"
20260638,4,24,"210052_s_at"
20260638,4,25,"204775_at"
20260638,4,26,"206392_s_at"
20260638,4,27,"205044_at"
20260638,4,28,"218211_s_at"
20260638,4,29,"206391_at"
20260638,4,30,"212956_at"
20260638,4,31,"203702_s_at"
20260638,4,32,"207039_at"
20260638,4,33,"222039_at"
20260638,4,34,"212960_at"
20260638,4,35,"218886_at"
20260638,4,36,"201970_s_at"
20260638,4,37,"214431_at"
20260638,4,38,"202412_s_at"
20260638,4,39,"222275_at"
20260638,4,40,"216237_s_at"
20260638,4,41,"203999_at"
20260638,4,42,"218350_s_at"
20260638,4,43,"202870_s_at"
20260638,4,44,"201938_at"
20260638,4,45,"219051_x_at"
20260638,4,46,"216603_at"
20260638,4,47,"202589_at"
20260638,4,48,"203929_s_at"
20260638,4,49,"203038_at"
20260638,4,50,"209604_s_at"
20260638,4,51,"213032_at"
20260638,4,52,"221046_s_at"
20260638,4,53,"210024_s_at"
20260638,4,54,"215623_x_at"
20260638,4,55,"221203_s_at"
20260638,4,56,"201407_s_at"
20260638,4,57,"212330_at"
20260638,4,58,"220625_s_at"
20260638,4,59,"203625_x_at"
20260638,4,60,"203458_at"
20260638,4,61,"209421_at"
20260638,4,62,"201755_at"
20260638,4,63,"200934_at"
20260638,4,64,"208103_s_at"
20260638,4,65,"219874_at"
20260638,4,66,"214053_at"
20260638,4,67,"204400_at"
20260638,4,68,"214428_x_at"
20260638,4,69,"209122_at"
20260638,4,70,"200670_at"
20260638,4,71,"221872_at"
20260638,4,72,"214164_x_at"
20260638,4,73,"203418_at"
20260638,4,74,"218236_s_at"
20260638,4,75,"202035_s_at"
20260638,4,76,"204623_at"
20260638,4,77,"210074_at"
20260638,4,78,"200052_s_at"
20260638,4,79,"203256_at"
20260638,4,80,"201663_s_at"
20260638,4,81,"202932_at"
20260638,4,82,"208451_s_at"
20260638,4,83,"210758_at"
20260638,4,84,"205296_at"
20260638,4,85,"219268_at"
20260638,4,86,"221864_at"
20260638,4,87,"215867_x_at"
20260638,4,88,"218259_at"
20260638,4,89,"209173_at"
20260638,4,90,"207134_x_at"
20260638,4,91,"221934_s_at"
20260638,4,92,"212638_s_at"
20260638,4,93,"212022_s_at"
20260638,4,94,"209791_at"
20260638,4,95,"203963_at"
20260638,4,96,"202752_x_at"
20260638,4,97,"209289_at"
20260638,4,98,"202413_s_at"
20260638,4,99,"200960_x_at"
20260638,4,100,"222118_at"
20260638,5,1,"204825_at"
20260638,5,2,"212960_at"
20260638,5,3,"205225_at"
20260638,5,4,"204750_s_at"
20260638,5,5,"205548_s_at"
20260638,5,6,"212956_at"
20260638,5,7,"213032_at"
20260638,5,8,"200718_s_at"
20260638,5,9,"213134_x_at"
20260638,5,10,"209289_at"
20260638,5,11,"210052_s_at"
20260638,5,12,"213029_at"
20260638,5,13,"203702_s_at"
20260638,5,14,"209644_x_at"
20260638,5,15,"218532_s_at"
20260638,5,16,"209290_s_at"
20260638,5,17,"203693_s_at"
20260638,5,18,"221872_at"
20260638,5,19,"219051_x_at"
20260638,5,20,"204822_at"
20260638,5,21,"211466_at"
20260638,5,22,"204623_at"
20260638,5,23,"206392_s_at"
20260638,5,24,"206391_at"
20260638,5,25,"218211_s_at"
20260638,5,26,"221524_s_at"
20260638,5,27,"212099_at"
20260638,5,28,"209204_at"
20260638,5,29,"205696_s_at"
20260638,5,30,"208711_s_at"
20260638,5,31,"214440_at"
20260638,5,32,"219874_at"
20260638,5,33,"202870_s_at"
20260638,5,34,"206194_at"
20260638,5,35,"209822_s_at"
20260638,5,36,"204012_s_at"
20260638,5,37,"212022_s_at"
20260638,5,38,"207076_s_at"
20260638,5,39,"206373_at"
20260638,5,40,"203999_at"
20260638,5,41,"216381_x_at"
20260638,5,42,"218259_at"
20260638,5,43,"214053_at"
20260638,5,44,"209604_s_at"
20260638,5,45,"205509_at"
20260638,5,46,"221253_s_at"
20260638,5,47,"202134_s_at"
20260638,5,48,"202204_s_at"
20260638,5,49,"214431_at"
20260638,5,50,"218009_s_at"
20260638,5,51,"218726_at"
20260638,5,52,"219197_s_at"
20260638,5,53,"221203_s_at"
20260638,5,54,"218902_at"
20260638,5,55,"214164_x_at"
20260638,5,56,"212638_s_at"
20260638,5,57,"201663_s_at"
20260638,5,58,"218755_at"
20260638,5,59,"209623_at"
20260638,5,60,"203066_at"
20260638,5,61,"207039_at"
20260638,5,62,"205009_at"
20260638,5,63,"209114_at"
20260638,5,64,"203038_at"
20260638,5,65,"204304_s_at"
20260638,5,66,"208712_at"
20260638,5,67,"201231_s_at"
20260638,5,68,"204962_s_at"
20260638,5,69,"212265_at"
20260638,5,70,"203712_at"
20260638,5,71,"222125_s_at"
20260638,5,72,"209122_at"
20260638,5,73,"222039_at"
20260638,5,74,"202088_at"
20260638,5,75,"209832_s_at"
20260638,5,76,"212492_s_at"
20260638,5,77,"215867_x_at"
20260638,5,78,"222256_s_at"
20260638,5,79,"200960_x_at"
20260638,5,80,"206869_at"
20260638,5,81,"214109_at"
20260638,5,82,"210735_s_at"
20260638,5,83,"202089_s_at"
20260638,5,84,"202933_s_at"
20260638,5,85,"203963_at"
20260638,5,86,"210084_x_at"
20260638,5,87,"204050_s_at"
20260638,5,88,"222275_at"
20260638,5,89,"204493_at"
20260638,5,90,"218236_s_at"
20260638,5,91,"201037_at"
20260638,5,92,"219752_at"
20260638,5,93,"210096_at"
20260638,5,94,"219990_at"
20260638,5,95,"204540_at"
20260638,5,96,"203126_at"
20260638,5,97,"201976_s_at"
20260638,5,98,"202932_at"
20260638,5,99,"218976_at"
20260638,5,100,"207011_s_at"
20260639,1,1,"221986_s_at"
20260639,1,2,"205225_at"
20260639,1,3,"204750_s_at"
20260639,1,4,"205548_s_at"
20260639,1,5,"220625_s_at"
20260639,1,6,"213134_x_at"
20260639,1,7,"209289_at"
20260639,1,8,"204825_at"
20260639,1,9,"202134_s_at"
20260639,1,10,"202933_s_at"
20260639,1,11,"203999_at"
20260639,1,12,"213032_at"
20260639,1,13,"209290_s_at"
20260639,1,14,"218532_s_at"
20260639,1,15,"203702_s_at"
20260639,1,16,"210084_x_at"
20260639,1,17,"213029_at"
20260639,1,18,"222275_at"
20260639,1,19,"203693_s_at"
20260639,1,20,"209204_at"
20260639,1,21,"200718_s_at"
20260639,1,22,"214440_at"
20260639,1,23,"212956_at"
20260639,1,24,"209604_s_at"
20260639,1,25,"209623_at"
20260639,1,26,"206373_at"
20260639,1,27,"212099_at"
20260639,1,28,"205696_s_at"
20260639,1,29,"209109_s_at"
20260639,1,30,"219874_at"
20260639,1,31,"1438_at"
20260639,1,32,"209781_s_at"
20260639,1,33,"218211_s_at"
20260639,1,34,"204012_s_at"
20260639,1,35,"212960_at"
20260639,1,36,"204400_at"
20260639,1,37,"206194_at"
20260639,1,38,"215034_s_at"
20260639,1,39,"202762_at"
20260639,1,40,"218259_at"
20260639,1,41,"213249_at"
20260639,1,42,"209791_at"
20260639,1,43,"201976_s_at"
20260639,1,44,"208451_s_at"
20260639,1,45,"210024_s_at"
20260639,1,46,"203038_at"
20260639,1,47,"209603_at"
20260639,1,48,"214428_x_at"
20260639,1,49,"222125_s_at"
20260639,1,50,"209386_at"
20260639,1,51,"202035_s_at"
20260639,1,52,"206391_at"
20260639,1,53,"203963_at"
20260639,1,54,"204600_at"
20260639,1,55,"219752_at"
20260639,1,56,"202341_s_at"
20260639,1,57,"214053_at"
20260639,1,58,"219051_x_at"
20260639,1,59,"212660_at"
20260639,1,60,"219956_at"
20260639,1,61,"206392_s_at"
20260639,1,62,"210052_s_at"
20260639,1,63,"220624_s_at"
20260639,1,64,"221203_s_at"
20260639,1,65,"201231_s_at"
20260639,1,66,"221872_at"
20260639,1,67,"203538_at"
20260639,1,68,"218902_at"
20260639,1,69,"212638_s_at"
20260639,1,70,"211467_s_at"
20260639,1,71,"204605_at"
20260639,1,72,"213033_s_at"
20260639,1,73,"207134_x_at"
20260639,1,74,"200011_s_at"
20260639,1,75,"219983_at"
20260639,1,76,"220425_x_at"
20260639,1,77,"214431_at"
20260639,1,78,"219498_s_at"
20260639,1,79,"202870_s_at"
20260639,1,80,"214164_x_at"
20260639,1,81,"209173_at"
20260639,1,82,"209747_at"
20260639,1,83,"204304_s_at"
20260639,1,84,"215867_x_at"
20260639,1,85,"208022_s_at"
20260639,1,86,"209644_x_at"
20260639,1,87,"209114_at"
20260639,1,88,"201656_at"
20260639,1,89,"204822_at"
20260639,1,90,"202932_at"
20260639,1,91,"209842_at"
20260639,1,92,"214109_at"
20260639,1,93,"215177_s_at"
20260639,1,94,"204623_at"
20260639,1,95,"218236_s_at"
20260639,1,96,"211712_s_at"
20260639,1,97,"211466_at"
20260639,1,98,"205509_at"
20260639,1,99,"201938_at"
20260639,1,100,"210735_s_at"
20260639,2,1,"210084_x_at"
20260639,2,2,"204750_s_at"
20260639,2,3,"204400_at"
20260639,2,4,"204825_at"
20260639,2,5,"210052_s_at"
20260639,2,6,"205347_s_at"
20260639,2,7,"213032_at"
20260639,2,8,"205225_at"
20260639,2,9,"205548_s_at"
20260639,2,10,"222039_at"
20260639,2,11,"212956_at"
20260639,2,12,"209289_at"
20260639,2,13,"214431_at"
20260639,2,14,"203038_at"
20260639,2,15,"209832_s_at"
20260639,2,16,"203702_s_at"
20260639,2,17,"213134_x_at"
20260639,2,18,"209204_at"
20260639,2,19,"206373_at"
20260639,2,20,"204822_at"
20260639,2,21,"213029_at"
20260639,2,22,"209290_s_at"
20260639,2,23,"219752_at"
20260639,2,24,"219051_x_at"
20260639,2,25,"212960_at"
20260639,2,26,"215034_s_at"
20260639,2,27,"208549_x_at"
20260639,2,28,"203693_s_at"
20260639,2,29,"202107_s_at"
20260639,2,30,"203397_s_at"
20260639,2,31,"203999_at"
20260639,2,32,"209644_x_at"
20260639,2,33,"218755_at"
20260639,2,34,"202870_s_at"
20260639,2,35,"221524_s_at"
20260639,2,36,"212099_at"
20260639,2,37,"211466_at"
20260639,2,38,"212638_s_at"
20260639,2,39,"221922_at"
20260639,2,40,"214745_at"
20260639,2,41,"208711_s_at"
20260639,2,42,"204304_s_at"
20260639,2,43,"209408_at"
20260639,2,44,"208712_at"
20260639,2,45,"202911_at"
20260639,2,46,"216381_x_at"
20260639,2,47,"206869_at"
20260639,2,48,"205696_s_at"
20260639,2,49,"203066_at"
20260639,2,50,"203692_s_at"
20260639,2,51,"218902_at"
20260639,2,52,"209386_at"
20260639,2,53,"202240_at"
20260639,2,54,"202589_at"
20260639,2,55,"212492_s_at"
20260639,2,56,"209604_s_at"
20260639,2,57,"209114_at"
20260639,2,58,"207039_at"
20260639,2,59,"221203_s_at"
20260639,2,60,"221872_at"
20260639,2,61,"202134_s_at"
20260639,2,62,"218350_s_at"
20260639,2,63,"209122_at"
20260639,2,64,"204623_at"
20260639,2,65,"212219_at"
20260639,2,66,"218211_s_at"
20260639,2,67,"218726_at"
20260639,2,68,"200718_s_at"
20260639,2,69,"209387_s_at"
20260639,2,70,"201663_s_at"
20260639,2,71,"201231_s_at"
20260639,2,72,"204767_s_at"
20260639,2,73,"220865_s_at"
20260639,2,74,"200052_s_at"
20260639,2,75,"201397_at"
20260639,2,76,"214440_at"
20260639,2,77,"209781_s_at"
20260639,2,78,"207011_s_at"
20260639,2,79,"218532_s_at"
20260639,2,80,"205008_s_at"
20260639,2,81,"218164_at"
20260639,2,82,"204962_s_at"
20260639,2,83,"207134_x_at"
20260639,2,84,"201970_s_at"
20260639,2,85,"206391_at"
20260639,2,86,"203571_s_at"
20260639,2,87,"201555_at"
20260639,2,88,"222275_at"
20260639,2,89,"209623_at"
20260639,2,90,"217839_at"
20260639,2,91,"206392_s_at"
20260639,2,92,"203222_s_at"
20260639,2,93,"200934_at"
20260639,2,94,"204315_s_at"
20260639,2,95,"221677_s_at"
20260639,2,96,"204914_s_at"
20260639,2,97,"209421_at"
20260639,2,98,"203256_at"
20260639,2,99,"209173_at"
20260639,2,100,"208941_s_at"
20260639,3,1,"214440_at"
20260639,3,2,"204750_s_at"
20260639,3,3,"205225_at"
20260639,3,4,"219051_x_at"
20260639,3,5,"204825_at"
20260639,3,6,"203999_at"
20260639,3,7,"212330_at"
20260639,3,8,"202263_at"
20260639,3,9,"212960_at"
20260639,3,10,"209122_at"
20260639,3,11,"221524_s_at"
20260639,3,12,"212638_s_at"
20260639,3,13,"212956_at"
20260639,3,14,"204822_at"
20260639,3,15,"204315_s_at"
20260639,3,16,"218394_at"
20260639,3,17,"213134_x_at"
20260639,3,18,"200011_s_at"
20260639,3,19,"212099_at"
20260639,3,20,"205548_s_at"
20260639,3,21,"209644_x_at"
20260639,3,22,"206391_at"
20260639,3,23,"206754_s_at"
20260639,3,24,"214428_x_at"
20260639,3,25,"209832_s_at"
20260639,3,26,"202107_s_at"
20260639,3,27,"218259_at"
20260639,3,28,"216092_s_at"
20260639,3,29,"216237_s_at"
20260639,3,30,"200934_at"
20260639,3,31,"210084_x_at"
20260639,3,32,"206373_at"
20260639,3,33,"207039_at"
20260639,3,34,"203693_s_at"
20260639,3,35,"208451_s_at"
20260639,3,36,"209604_s_at"
20260639,3,37,"212492_s_at"
20260639,3,38,"213032_at"
20260639,3,39,"218211_s_at"
20260639,3,40,"210052_s_at"
20260639,3,41,"203929_s_at"
20260639,3,42,"210735_s_at"
20260639,3,43,"206392_s_at"
20260639,3,44,"219874_at"
20260639,3,45,"215867_x_at"
20260639,3,46,"209204_at"
20260639,3,47,"219806_s_at"
20260639,3,48,"214164_x_at"
20260639,3,49,"209289_at"
20260639,3,50,"209623_at"
20260639,3,51,"222275_at"
20260639,3,52,"203963_at"
20260639,3,53,"205201_at"
20260639,3,54,"214053_at"
20260639,3,55,"221872_at"
20260639,3,56,"206869_at"
20260639,3,57,"202870_s_at"
20260639,3,58,"209443_at"
20260639,3,59,"213029_at"
20260639,3,60,"219268_at"
20260639,3,61,"214431_at"
20260639,3,62,"204623_at"
20260639,3,63,"210085_s_at"
20260639,3,64,"204400_at"
20260639,3,65,"209290_s_at"
20260639,3,66,"204962_s_at"
20260639,3,67,"212265_at"
20260639,3,68,"209114_at"
20260639,3,69,"218976_at"
20260639,3,70,"200052_s_at"
20260639,3,71,"203928_x_at"
20260639,3,72,"221864_at"
20260639,3,73,"221046_s_at"
20260639,3,74,"218236_s_at"
20260639,3,75,"203418_at"
20260639,3,76,"203712_at"
20260639,3,77,"218902_at"
20260639,3,78,"205696_s_at"
20260639,3,79,"221203_s_at"
20260639,3,80,"211712_s_at"
20260639,3,81,"212441_at"
20260639,3,82,"202752_x_at"
20260639,3,83,"201930_at"
20260639,3,84,"219956_at"
20260639,3,85,"202088_at"
20260639,3,86,"202204_s_at"
20260639,3,87,"203038_at"
20260639,3,88,"218726_at"
20260639,3,89,"203397_s_at"
20260639,3,90,"212196_at"
20260639,3,91,"208711_s_at"
20260639,3,92,"205009_at"
20260639,3,93,"210024_s_at"
20260639,3,94,"210074_at"
20260639,3,95,"203702_s_at"
20260639,3,96,"219197_s_at"
20260639,3,97,"218164_at"
20260639,3,98,"203226_s_at"
20260639,3,99,"216685_s_at"
20260639,3,100,"209408_at"
20260639,4,1,"204750_s_at"
20260639,4,2,"205225_at"
20260639,4,3,"203999_at"
20260639,4,4,"204825_at"
20260639,4,5,"205548_s_at"
20260639,4,6,"214440_at"
20260639,4,7,"210052_s_at"
20260639,4,8,"213134_x_at"
20260639,4,9,"209623_at"
20260639,4,10,"203693_s_at"
20260639,4,11,"204822_at"
20260639,4,12,"212099_at"
20260639,4,13,"210084_x_at"
20260639,4,14,"212956_at"
20260639,4,15,"216603_at"
20260639,4,16,"217744_s_at"
20260639,4,17,"222275_at"
20260639,4,18,"218259_at"
20260639,4,19,"212960_at"
20260639,4,20,"218726_at"
20260639,4,21,"209204_at"
20260639,4,22,"203702_s_at"
20260639,4,23,"209604_s_at"
20260639,4,24,"204962_s_at"
20260639,4,25,"219051_x_at"
20260639,4,26,"202870_s_at"
20260639,4,27,"221872_at"
20260639,4,28,"221524_s_at"
20260639,4,29,"221864_at"
20260639,4,30,"216092_s_at"
20260639,4,31,"205201_at"
20260639,4,32,"200718_s_at"
20260639,4,33,"206373_at"
20260639,4,34,"206391_at"
20260639,4,35,"204568_at"
20260639,4,36,"218211_s_at"
20260639,4,37,"203712_at"
20260639,4,38,"218902_at"
20260639,4,39,"202263_at"
20260639,4,40,"218532_s_at"
20260639,4,41,"206392_s_at"
20260639,4,42,"210074_at"
20260639,4,43,"206754_s_at"
20260639,4,44,"209289_at"
20260639,4,45,"204493_at"
20260639,4,46,"203397_s_at"
20260639,4,47,"212492_s_at"
20260639,4,48,"219197_s_at"
20260639,4,49,"203929_s_at"
20260639,4,50,"213032_at"
20260639,4,51,"214428_x_at"
20260639,4,52,"208451_s_at"
20260639,4,53,"201231_s_at"
20260639,4,54,"216237_s_at"
20260639,4,55,"209832_s_at"
20260639,4,56,"203418_at"
20260639,4,57,"209290_s_at"
20260639,4,58,"215034_s_at"
20260639,4,59,"202483_s_at"
20260639,4,60,"203788_s_at"
20260639,4,61,"220865_s_at"
20260639,4,62,"222118_at"
20260639,4,63,"214164_x_at"
20260639,4,64,"204775_at"
20260639,4,65,"206869_at"
20260639,4,66,"214053_at"
20260639,4,67,"213029_at"
20260639,4,68,"209642_at"
20260639,4,69,"211234_x_at"
20260639,4,70,"209603_at"
20260639,4,71,"209421_at"
20260639,4,72,"209173_at"
20260639,4,73,"220238_s_at"
20260639,4,74,"214431_at"
20260639,4,75,"204400_at"
20260639,4,76,"202589_at"
20260639,4,77,"212638_s_at"
20260639,4,78,"200052_s_at"
20260639,4,79,"209644_x_at"
20260639,4,80,"222039_at"
20260639,4,81,"219741_x_at"
20260639,4,82,"213846_at"
20260639,4,83,"221641_s_at"
20260639,4,84,"206194_at"
20260639,4,85,"218755_at"
20260639,4,86,"212195_at"
20260639,4,87,"204203_at"
20260639,4,88,"202134_s_at"
20260639,4,89,"215867_x_at"
20260639,4,90,"221934_s_at"
20260639,4,91,"217924_at"
20260639,4,92,"221986_s_at"
20260639,4,93,"218486_at"
20260639,4,94,"202752_x_at"
20260639,4,95,"203038_at"
20260639,4,96,"200750_s_at"
20260639,4,97,"203571_s_at"
20260639,4,98,"202933_s_at"
20260639,4,99,"203963_at"
20260639,4,100,"208941_s_at"
20260639,5,1,"204750_s_at"
20260639,5,2,"204825_at"
20260639,5,3,"206194_at"
20260639,5,4,"203693_s_at"
20260639,5,5,"216092_s_at"
20260639,5,6,"200718_s_at"
20260639,5,7,"218211_s_at"
20260639,5,8,"205225_at"
20260639,5,9,"214109_at"
20260639,5,10,"212960_at"
20260639,5,11,"210052_s_at"
20260639,5,12,"218886_at"
20260639,5,13,"212099_at"
20260639,5,14,"201755_at"
20260639,5,15,"203702_s_at"
20260639,5,16,"204822_at"
20260639,5,17,"208103_s_at"
20260639,5,18,"213134_x_at"
20260639,5,19,"211084_x_at"
20260639,5,20,"204775_at"
20260639,5,21,"212956_at"
20260639,5,22,"204623_at"
20260639,5,23,"218236_s_at"
20260639,5,24,"218726_at"
20260639,5,25,"201663_s_at"
20260639,5,26,"212441_at"
20260639,5,27,"214428_x_at"
20260639,5,28,"221505_at"
20260639,5,29,"200960_x_at"
20260639,5,30,"203066_at"
20260639,5,31,"202870_s_at"
20260639,5,32,"210886_x_at"
20260639,5,33,"201231_s_at"
20260639,5,34,"222275_at"
20260639,5,35,"202752_x_at"
20260639,5,36,"204962_s_at"
20260639,5,37,"219197_s_at"
20260639,5,38,"205074_at"
20260639,5,39,"202589_at"
20260639,5,40,"203418_at"
20260639,5,41,"210735_s_at"
20260639,5,42,"216237_s_at"
20260639,5,43,"205548_s_at"
20260639,5,44,"220540_at"
20260639,5,45,"209204_at"
20260639,5,46,"208451_s_at"
20260639,5,47,"222039_at"
20260639,5,48,"209604_s_at"
20260639,5,49,"202134_s_at"
20260639,5,50,"218902_at"
20260639,5,51,"211467_s_at"
20260639,5,52,"215034_s_at"
20260639,5,53,"212022_s_at"
20260639,5,54,"211466_at"
20260639,5,55,"206392_s_at"
20260639,5,56,"202147_s_at"
20260639,5,57,"203999_at"
20260639,5,58,"201407_s_at"
20260639,5,59,"200755_s_at"
20260639,5,60,"214164_x_at"
20260639,5,61,"209623_at"
20260639,5,62,"213523_at"
20260639,5,63,"219874_at"
20260639,5,64,"201970_s_at"
20260639,5,65,"202263_at"
20260639,5,66,"213032_at"
20260639,5,67,"218937_at"
20260639,5,68,"221524_s_at"
20260639,5,69,"215867_x_at"
20260639,5,70,"208682_s_at"
20260639,5,71,"218009_s_at"
20260639,5,72,"218542_at"
20260639,5,73,"210758_at"
20260639,5,74,"204012_s_at"
20260639,5,75,"202240_at"
20260639,5,76,"209644_x_at"
20260639,5,77,"201938_at"
20260639,5,78,"203358_s_at"
20260639,5,79,"200052_s_at"
20260639,5,80,"200670_at"
20260639,5,81,"201563_at"
20260639,5,82,"214431_at"
20260639,5,83,"204203_at"
20260639,5,84,"214440_at"
20260639,5,85,"205339_at"
20260639,5,86,"204162_at"
20260639,5,87,"219268_at"
20260639,5,88,"209421_at"
20260639,5,89,"210024_s_at"
20260639,5,90,"204061_at"
20260639,5,91,"214053_at"
20260639,5,92,"202107_s_at"
20260639,5,93,"203963_at"
20260639,5,94,"209114_at"
20260639,5,95,"200934_at"
20260639,5,96,"202341_s_at"
20260639,5,97,"202204_s_at"
20260639,5,98,"201930_at"
20260639,5,99,"202932_at"
20260639,5,100,"206869_at"
20260640,1,1,"204825_at"
20260640,1,2,"205225_at"
20260640,1,3,"204750_s_at"
20260640,1,4,"213134_x_at"
20260640,1,5,"219051_x_at"
20260640,1,6,"214440_at"
20260640,1,7,"203999_at"
20260640,1,8,"212638_s_at"
20260640,1,9,"204623_at"
20260640,1,10,"221872_at"
20260640,1,11,"212099_at"
20260640,1,12,"218259_at"
20260640,1,13,"204822_at"
20260640,1,14,"206391_at"
20260640,1,15,"209604_s_at"
20260640,1,16,"209122_at"
20260640,1,17,"205696_s_at"
20260640,1,18,"212956_at"
20260640,1,19,"205548_s_at"
20260640,1,20,"205009_at"
20260640,1,21,"206392_s_at"
20260640,1,22,"219874_at"
20260640,1,23,"221524_s_at"
20260640,1,24,"209204_at"
20260640,1,25,"206754_s_at"
20260640,1,26,"209832_s_at"
20260640,1,27,"212960_at"
20260640,1,28,"212492_s_at"
20260640,1,29,"210084_x_at"
20260640,1,30,"213032_at"
20260640,1,31,"202263_at"
20260640,1,32,"203702_s_at"
20260640,1,33,"203693_s_at"
20260640,1,34,"50965_at"
20260640,1,35,"216092_s_at"
20260640,1,36,"204493_at"
20260640,1,37,"215034_s_at"
20260640,1,38,"221253_s_at"
20260640,1,39,"210735_s_at"
20260640,1,40,"210052_s_at"
20260640,1,41,"202035_s_at"
20260640,1,42,"214053_at"
20260640,1,43,"204775_at"
20260640,1,44,"202933_s_at"
20260640,1,45,"206194_at"
20260640,1,46,"214431_at"
20260640,1,47,"214164_x_at"
20260640,1,48,"211712_s_at"
20260640,1,49,"215867_x_at"
20260640,1,50,"203038_at"
20260640,1,51,"212265_at"
20260640,1,52,"218211_s_at"
20260640,1,53,"45633_at"
20260640,1,54,"209623_at"
20260640,1,55,"203929_s_at"
20260640,1,56,"213029_at"
20260640,1,57,"211084_x_at"
20260640,1,58,"204962_s_at"
20260640,1,59,"209289_at"
20260640,1,60,"205201_at"
20260640,1,61,"200718_s_at"
20260640,1,62,"204886_at"
20260640,1,63,"218976_at"
20260640,1,64,"209290_s_at"
20260640,1,65,"219956_at"
20260640,1,66,"214109_at"
20260640,1,67,"202932_at"
20260640,1,68,"203963_at"
20260640,1,69,"209791_at"
20260640,1,70,"202341_s_at"
20260640,1,71,"205074_at"
20260640,1,72,"203143_s_at"
20260640,1,73,"202870_s_at"
20260640,1,74,"219806_s_at"
20260640,1,75,"204400_at"
20260640,1,76,"218902_at"
20260640,1,77,"218350_s_at"
20260640,1,78,"219197_s_at"
20260640,1,79,"212148_at"
20260640,1,80,"201177_s_at"
20260640,1,81,"219268_at"
20260640,1,82,"200934_at"
20260640,1,83,"216237_s_at"
20260640,1,84,"202088_at"
20260640,1,85,"218726_at"
20260640,1,86,"218532_s_at"
20260640,1,87,"203066_at"
20260640,1,88,"205379_at"
20260640,1,89,"204012_s_at"
20260640,1,90,"214428_x_at"
20260640,1,91,"209644_x_at"
20260640,1,92,"221736_at"
20260640,1,93,"208451_s_at"
20260640,1,94,"201970_s_at"
20260640,1,95,"210085_s_at"
20260640,1,96,"222118_at"
20260640,1,97,"206999_at"
20260640,1,98,"203930_s_at"
20260640,1,99,"209173_at"
20260640,1,100,"212925_at"
20260640,2,1,"204750_s_at"
20260640,2,2,"210084_x_at"
20260640,2,3,"205225_at"
20260640,2,4,"204825_at"
20260640,2,5,"222275_at"
20260640,2,6,"204400_at"
20260640,2,7,"203999_at"
20260640,2,8,"212960_at"
20260640,2,9,"212956_at"
20260640,2,10,"200718_s_at"
20260640,2,11,"203702_s_at"
20260640,2,12,"210052_s_at"
20260640,2,13,"209289_at"
20260640,2,14,"213032_at"
20260640,2,15,"206392_s_at"
20260640,2,16,"209204_at"
20260640,2,17,"205548_s_at"
20260640,2,18,"221934_s_at"
20260640,2,19,"210074_at"
20260640,2,20,"206869_at"
20260640,2,21,"221986_s_at"
20260640,2,22,"204822_at"
20260640,2,23,"209623_at"
20260640,2,24,"206373_at"
20260640,2,25,"203263_s_at"
20260640,2,26,"209290_s_at"
20260640,2,27,"221872_at"
20260640,2,28,"221203_s_at"
20260640,2,29,"203693_s_at"
20260640,2,30,"213029_at"
20260640,2,31,"218211_s_at"
20260640,2,32,"219051_x_at"
20260640,2,33,"214428_x_at"
20260640,2,34,"215034_s_at"
20260640,2,35,"206391_at"
20260640,2,36,"209604_s_at"
20260640,2,37,"216603_at"
20260640,2,38,"200052_s_at"
20260640,2,39,"213134_x_at"
20260640,2,40,"218726_at"
20260640,2,41,"205696_s_at"
20260640,2,42,"214440_at"
20260640,2,43,"209173_at"
20260640,2,44,"207134_x_at"
20260640,2,45,"208451_s_at"
20260640,2,46,"212099_at"
20260640,2,47,"222125_s_at"
20260640,2,48,"202589_at"
20260640,2,49,"203256_at"
20260640,2,50,"214431_at"
20260640,2,51,"218902_at"
20260640,2,52,"212219_at"
20260640,2,53,"214053_at"
20260640,2,54,"219197_s_at"
20260640,2,55,"203929_s_at"
20260640,2,56,"200711_s_at"
20260640,2,57,"204623_at"
20260640,2,58,"221524_s_at"
20260640,2,59,"204962_s_at"
20260640,2,60,"202134_s_at"
20260640,2,61,"40093_at"
20260640,2,62,"203038_at"
20260640,2,63,"218755_at"
20260640,2,64,"209386_at"
20260640,2,65,"202107_s_at"
20260640,2,66,"205201_at"
20260640,2,67,"222039_at"
20260640,2,68,"209114_at"
20260640,2,69,"219741_x_at"
20260640,2,70,"200011_s_at"
20260640,2,71,"209832_s_at"
20260640,2,72,"209122_at"
20260640,2,73,"202870_s_at"
20260640,2,74,"219874_at"
20260640,2,75,"202035_s_at"
20260640,2,76,"203130_s_at"
20260640,2,77,"216092_s_at"
20260640,2,78,"203963_at"
20260640,2,79,"205074_at"
20260640,2,80,"204012_s_at"
20260640,2,81,"209109_s_at"
20260640,2,82,"202240_at"
20260640,2,83,"209642_at"
20260640,2,84,"212492_s_at"
20260640,2,85,"210096_at"
20260640,2,86,"214164_x_at"
20260640,2,87,"209603_at"
20260640,2,88,"220625_s_at"
20260640,2,89,"204023_at"
20260640,2,90,"201231_s_at"
20260640,2,91,"216237_s_at"
20260640,2,92,"204767_s_at"
20260640,2,93,"204315_s_at"
20260640,2,94,"202263_at"
20260640,2,95,"205009_at"
20260640,2,96,"204751_x_at"
20260640,2,97,"209781_s_at"
20260640,2,98,"202933_s_at"
20260640,2,99,"219686_at"
20260640,2,100,"203571_s_at"
20260640,3,1,"210084_x_at"
20260640,3,2,"210052_s_at"
20260640,3,3,"204825_at"
20260640,3,4,"204750_s_at"
20260640,3,5,"209832_s_at"
20260640,3,6,"222039_at"
20260640,3,7,"203693_s_at"
20260640,3,8,"204822_at"
20260640,3,9,"205225_at"
20260640,3,10,"206373_at"
20260640,3,11,"204400_at"
20260640,3,12,"209408_at"
20260640,3,13,"221986_s_at"
20260640,3,14,"202107_s_at"
20260640,3,15,"212956_at"
20260640,3,16,"216237_s_at"
20260640,3,17,"218259_at"
20260640,3,18,"202870_s_at"
20260640,3,19,"205548_s_at"
20260640,3,20,"204962_s_at"
20260640,3,21,"214431_at"
20260640,3,22,"209421_at"
20260640,3,23,"203999_at"
20260640,3,24,"214440_at"
20260640,3,25,"212960_at"
20260640,3,26,"213134_x_at"
20260640,3,27,"221864_at"
20260640,3,28,"201663_s_at"
20260640,3,29,"214428_x_at"
20260640,3,30,"204493_at"
20260640,3,31,"212330_at"
20260640,3,32,"218755_at"
20260640,3,33,"202589_at"
20260640,3,34,"203418_at"
20260640,3,35,"203712_at"
20260640,3,36,"208451_s_at"
20260640,3,37,"212099_at"
20260640,3,38,"206102_at"
20260640,3,39,"217744_s_at"
20260640,3,40,"220295_x_at"
20260640,3,41,"222275_at"
20260640,3,42,"209289_at"
20260640,3,43,"202808_at"
20260640,3,44,"203126_at"
20260640,3,45,"203702_s_at"
20260640,3,46,"204315_s_at"
20260640,3,47,"219051_x_at"
20260640,3,48,"218355_at"
20260640,3,49,"221524_s_at"
20260640,3,50,"211519_s_at"
20260640,3,51,"204605_at"
20260640,3,52,"202240_at"
20260640,3,53,"213032_at"
20260640,3,54,"209464_at"
20260640,3,55,"204767_s_at"
20260640,3,56,"200052_s_at"
20260640,3,57,"203788_s_at"
20260640,3,58,"203397_s_at"
20260640,3,59,"218726_at"
20260640,3,60,"209173_at"
20260640,3,61,"218211_s_at"
20260640,3,62,"209204_at"
20260640,3,63,"216092_s_at"
20260640,3,64,"220865_s_at"
20260640,3,65,"201930_at"
20260640,3,66,"213029_at"
20260640,3,67,"203038_at"
20260640,3,68,"206869_at"
20260640,3,69,"202263_at"
20260640,3,70,"206194_at"
20260640,3,71,"200718_s_at"
20260640,3,72,"209604_s_at"
20260640,3,73,"221922_at"
20260640,3,74,"202911_at"
20260640,3,75,"209290_s_at"
20260640,3,76,"218486_at"
20260640,3,77,"204775_at"
20260640,3,78,"218902_at"
20260640,3,79,"208941_s_at"
20260640,3,80,"214703_s_at"
20260640,3,81,"209644_x_at"
20260640,3,82,"220239_at"
20260640,3,83,"201231_s_at"
20260640,3,84,"218009_s_at"
20260640,3,85,"212195_at"
20260640,3,86,"38158_at"
20260640,3,87,"205347_s_at"
20260640,3,88,"202483_s_at"
20260640,3,89,"213523_at"
20260640,3,90,"221046_s_at"
20260640,3,91,"212022_s_at"
20260640,3,92,"203571_s_at"
20260640,3,93,"205339_at"
20260640,3,94,"202134_s_at"
20260640,3,95,"219956_at"
20260640,3,96,"218542_at"
20260640,3,97,"221436_s_at"
20260640,3,98,"209747_at"
20260640,3,99,"212638_s_at"
20260640,3,100,"218350_s_at"
20260640,4,1,"205225_at"
20260640,4,2,"204750_s_at"
20260640,4,3,"203693_s_at"
20260640,4,4,"214440_at"
20260640,4,5,"204825_at"
20260640,4,6,"218211_s_at"
20260640,4,7,"211466_at"
20260640,4,8,"212960_at"
20260640,4,9,"205548_s_at"
20260640,4,10,"212956_at"
20260640,4,11,"209644_x_at"
20260640,4,12,"213134_x_at"
20260640,4,13,"200718_s_at"
20260640,4,14,"212099_at"
20260640,4,15,"210052_s_at"
20260640,4,16,"209114_at"
20260640,4,17,"216092_s_at"
20260640,4,18,"213032_at"
20260640,4,19,"222275_at"
20260640,4,20,"207039_at"
20260640,4,21,"215867_x_at"
20260640,4,22,"209289_at"
20260640,4,23,"214164_x_at"
20260640,4,24,"203702_s_at"
20260640,4,25,"201970_s_at"
20260640,4,26,"202870_s_at"
20260640,4,27,"210735_s_at"
20260640,4,28,"214109_at"
20260640,4,29,"209623_at"
20260640,4,30,"211467_s_at"
20260640,4,31,"209290_s_at"
20260640,4,32,"209604_s_at"
20260640,4,33,"204315_s_at"
20260640,4,34,"213029_at"
20260640,4,35,"204822_at"
20260640,4,36,"206194_at"
20260640,4,37,"212022_s_at"
20260640,4,38,"203963_at"
20260640,4,39,"216237_s_at"
20260640,4,40,"218726_at"
20260640,4,41,"219197_s_at"
20260640,4,42,"212492_s_at"
20260640,4,43,"221524_s_at"
20260640,4,44,"208022_s_at"
20260640,4,45,"201930_at"
20260640,4,46,"218902_at"
20260640,4,47,"210758_at"
20260640,4,48,"214053_at"
20260640,4,49,"202240_at"
20260640,4,50,"218236_s_at"
20260640,4,51,"201663_s_at"
20260640,4,52,"219306_at"
20260640,4,53,"219051_x_at"
20260640,4,54,"220238_s_at"
20260640,4,55,"218532_s_at"
20260640,4,56,"214428_x_at"
20260640,4,57,"209204_at"
20260640,4,58,"221677_s_at"
20260640,4,59,"200960_x_at"
20260640,4,60,"214431_at"
20260640,4,61,"221864_at"
20260640,4,62,"202341_s_at"
20260640,4,63,"206391_at"
20260640,4,64,"212638_s_at"
20260640,4,65,"208451_s_at"
20260640,4,66,"204962_s_at"
20260640,4,67,"214126_at"
20260640,4,68,"218542_at"
20260640,4,69,"204162_at"
20260640,4,70,"218009_s_at"
20260640,4,71,"202263_at"
20260640,4,72,"202911_at"
20260640,4,73,"218259_at"
20260640,4,74,"208682_s_at"
20260640,4,75,"219752_at"
20260640,4,76,"213523_at"
20260640,4,77,"202134_s_at"
20260640,4,78,"202107_s_at"
20260640,4,79,"215034_s_at"
20260640,4,80,"203999_at"
20260640,4,81,"202752_x_at"
20260640,4,82,"204623_at"
20260640,4,83,"200011_s_at"
20260640,4,84,"217838_s_at"
20260640,4,85,"202088_at"
20260640,4,86,"200934_at"
20260640,4,87,"209781_s_at"
20260640,4,88,"202589_at"
20260640,4,89,"202095_s_at"
20260640,4,90,"201755_at"
20260640,4,91,"206373_at"
20260640,4,92,"219978_s_at"
20260640,4,93,"201923_at"
20260640,4,94,"218755_at"
20260640,4,95,"221436_s_at"
20260640,4,96,"210084_x_at"
20260640,4,97,"209603_at"
20260640,4,98,"201231_s_at"
20260640,4,99,"219874_at"
20260640,4,100,"206869_at"
20260640,5,1,"204750_s_at"
20260640,5,2,"203999_at"
20260640,5,3,"210024_s_at"
20260640,5,4,"213134_x_at"
20260640,5,5,"205548_s_at"
20260640,5,6,"209204_at"
20260640,5,7,"205225_at"
20260640,5,8,"212099_at"
20260640,5,9,"204825_at"
20260640,5,10,"202134_s_at"
20260640,5,11,"209623_at"
20260640,5,12,"203702_s_at"
20260640,5,13,"201231_s_at"
20260640,5,14,"219752_at"
20260640,5,15,"213032_at"
20260640,5,16,"209289_at"
20260640,5,17,"203038_at"
20260640,5,18,"212956_at"
20260640,5,19,"210084_x_at"
20260640,5,20,"221872_at"
20260640,5,21,"212960_at"
20260640,5,22,"203693_s_at"
20260640,5,23,"218236_s_at"
20260640,5,24,"213846_at"
20260640,5,25,"206373_at"
20260640,5,26,"206392_s_at"
20260640,5,27,"209386_at"
20260640,5,28,"209781_s_at"
20260640,5,29,"209290_s_at"
20260640,5,30,"203397_s_at"
20260640,5,31,"209644_x_at"
20260640,5,32,"216092_s_at"
20260640,5,33,"200718_s_at"
20260640,5,34,"213029_at"
20260640,5,35,"209387_s_at"
20260640,5,36,"219051_x_at"
20260640,5,37,"202263_at"
20260640,5,38,"200934_at"
20260640,5,39,"218211_s_at"
20260640,5,40,"206391_at"
20260640,5,41,"215034_s_at"
20260640,5,42,"204400_at"
20260640,5,43,"204012_s_at"
20260640,5,44,"210074_at"
20260640,5,45,"218486_at"
20260640,5,46,"218902_at"
20260640,5,47,"222275_at"
20260640,5,48,"206194_at"
20260640,5,49,"1438_at"
20260640,5,50,"206754_s_at"
20260640,5,51,"200755_s_at"
20260640,5,52,"201938_at"
20260640,5,53,"212638_s_at"
20260640,5,54,"202870_s_at"
20260640,5,55,"209604_s_at"
20260640,5,56,"218532_s_at"
20260640,5,57,"221524_s_at"
20260640,5,58,"60474_at"
20260640,5,59,"204822_at"
20260640,5,60,"221986_s_at"
20260640,5,61,"209205_s_at"
20260640,5,62,"204401_at"
20260640,5,63,"218065_s_at"
20260640,5,64,"217867_x_at"
20260640,5,65,"209122_at"
20260640,5,66,"205074_at"
20260640,5,67,"204304_s_at"
20260640,5,68,"206869_at"
20260640,5,69,"222039_at"
20260640,5,70,"212492_s_at"
20260640,5,71,"200711_s_at"
20260640,5,72,"214440_at"
20260640,5,73,"221203_s_at"
20260640,5,74,"220625_s_at"
20260640,5,75,"202762_at"
20260640,5,76,"210052_s_at"
20260640,5,77,"217744_s_at"
20260640,5,78,"214428_x_at"
20260640,5,79,"203712_at"
20260640,5,80,"208451_s_at"
20260640,5,81,"200052_s_at"
20260640,5,82,"218886_at"
20260640,5,83,"212022_s_at"
20260640,5,84,"203066_at"
20260640,5,85,"201754_at"
20260640,5,86,"203226_s_at"
20260640,5,87,"202752_x_at"
20260640,5,88,"218164_at"
20260640,5,89,"204061_at"
20260640,5,90,"202620_s_at"
20260640,5,91,"209791_at"
20260640,5,92,"201407_s_at"
20260640,5,93,"216603_at"
20260640,5,94,"214431_at"
20260640,5,95,"205696_s_at"
20260640,5,96,"219874_at"
20260640,5,97,"202341_s_at"
20260640,5,98,"204623_at"
20260640,5,99,"211931_s_at"
20260640,5,100,"221934_s_at"
20260641,1,1,"205225_at"
20260641,1,2,"218532_s_at"
20260641,1,3,"204750_s_at"
20260641,1,4,"212956_at"
20260641,1,5,"214440_at"
20260641,1,6,"205548_s_at"
20260641,1,7,"209443_at"
20260641,1,8,"212960_at"
20260641,1,9,"203702_s_at"
20260641,1,10,"203693_s_at"
20260641,1,11,"212099_at"
20260641,1,12,"204825_at"
20260641,1,13,"210084_x_at"
20260641,1,14,"210052_s_at"
20260641,1,15,"213134_x_at"
20260641,1,16,"209604_s_at"
20260641,1,17,"209204_at"
20260641,1,18,"201976_s_at"
20260641,1,19,"209623_at"
20260641,1,20,"204822_at"
20260641,1,21,"212638_s_at"
20260641,1,22,"208451_s_at"
20260641,1,23,"214428_x_at"
20260641,1,24,"209114_at"
20260641,1,25,"218902_at"
20260641,1,26,"222275_at"
20260641,1,27,"221524_s_at"
20260641,1,28,"214164_x_at"
20260641,1,29,"218726_at"
20260641,1,30,"203963_at"
20260641,1,31,"219051_x_at"
20260641,1,32,"215867_x_at"
20260641,1,33,"212265_at"
20260641,1,34,"210085_s_at"
20260641,1,35,"201938_at"
20260641,1,36,"216603_at"
20260641,1,37,"209173_at"
20260641,1,38,"204605_at"
20260641,1,39,"209289_at"
20260641,1,40,"205696_s_at"
20260641,1,41,"214053_at"
20260641,1,42,"212195_at"
20260641,1,43,"205009_at"
20260641,1,44,"219197_s_at"
20260641,1,45,"218211_s_at"
20260641,1,46,"209603_at"
20260641,1,47,"212492_s_at"
20260641,1,48,"213032_at"
20260641,1,49,"201754_at"
20260641,1,50,"220540_at"
20260641,1,51,"213260_at"
20260641,1,52,"204863_s_at"
20260641,1,53,"210735_s_at"
20260641,1,54,"222125_s_at"
20260641,1,55,"204623_at"
20260641,1,56,"206869_at"
20260641,1,57,"209290_s_at"
20260641,1,58,"219956_at"
20260641,1,59,"220892_s_at"
20260641,1,60,"204400_at"
20260641,1,61,"204012_s_at"
20260641,1,62,"203929_s_at"
20260641,1,63,"210096_at"
20260641,1,64,"200718_s_at"
20260641,1,65,"213029_at"
20260641,1,66,"221872_at"
20260641,1,67,"209781_s_at"
20260641,1,68,"222118_at"
20260641,1,69,"218976_at"
20260641,1,70,"217906_at"
20260641,1,71,"214431_at"
20260641,1,72,"206391_at"
20260641,1,73,"208682_s_at"
20260641,1,74,"216092_s_at"
20260641,1,75,"205186_at"
20260641,1,76,"206754_s_at"
20260641,1,77,"202088_at"
20260641,1,78,"219806_s_at"
20260641,1,79,"207011_s_at"
20260641,1,80,"205509_at"
20260641,1,81,"204493_at"
20260641,1,82,"213627_at"
20260641,1,83,"209644_x_at"
20260641,1,84,"200011_s_at"
20260641,1,85,"202134_s_at"
20260641,1,86,"218259_at"
20260641,1,87,"211712_s_at"
20260641,1,88,"221253_s_at"
20260641,1,89,"216237_s_at"
20260641,1,90,"219874_at"
20260641,1,91,"203418_at"
20260641,1,92,"213249_at"
20260641,1,93,"203571_s_at"
20260641,1,94,"201826_s_at"
20260641,1,95,"202870_s_at"
20260641,1,96,"209642_at"
20260641,1,97,"218755_at"
20260641,1,98,"211901_s_at"
20260641,1,99,"203130_s_at"
20260641,1,100,"200670_at"
20260641,2,1,"204750_s_at"
20260641,2,2,"203693_s_at"
20260641,2,3,"218211_s_at"
20260641,2,4,"204825_at"
20260641,2,5,"206194_at"
20260641,2,6,"205225_at"
20260641,2,7,"209623_at"
20260641,2,8,"211084_x_at"
20260641,2,9,"208103_s_at"
20260641,2,10,"200934_at"
20260641,2,11,"212638_s_at"
20260641,2,12,"216092_s_at"
20260641,2,13,"212492_s_at"
20260641,2,14,"212099_at"
20260641,2,15,"214440_at"
20260641,2,16,"218236_s_at"
20260641,2,17,"219051_x_at"
20260641,2,18,"222275_at"
20260641,2,19,"204623_at"
20260641,2,20,"221505_at"
20260641,2,21,"213134_x_at"
20260641,2,22,"215623_x_at"
20260641,2,23,"210758_at"
20260641,2,24,"212956_at"
20260641,2,25,"201563_at"
20260641,2,26,"204822_at"
20260641,2,27,"213032_at"
20260641,2,28,"211466_at"
20260641,2,29,"203702_s_at"
20260641,2,30,"202412_s_at"
20260641,2,31,"213523_at"
20260641,2,32,"206392_s_at"
20260641,2,33,"202341_s_at"
20260641,2,34,"205044_at"
20260641,2,35,"202752_x_at"
20260641,2,36,"210052_s_at"
20260641,2,37,"221986_s_at"
20260641,2,38,"216381_x_at"
20260641,2,39,"205569_at"
20260641,2,40,"214428_x_at"
20260641,2,41,"201663_s_at"
20260641,2,42,"201970_s_at"
20260641,2,43,"214164_x_at"
20260641,2,44,"209604_s_at"
20260641,2,45,"206391_at"
20260641,2,46,"215867_x_at"
20260641,2,47,"209114_at"
20260641,2,48,"205548_s_at"
20260641,2,49,"209644_x_at"
20260641,2,50,"202413_s_at"
20260641,2,51,"209289_at"
20260641,2,52,"206463_s_at"
20260641,2,53,"208451_s_at"
20260641,2,54,"204315_s_at"
20260641,2,55,"205074_at"
20260641,2,56,"210735_s_at"
20260641,2,57,"212960_at"
20260641,2,58,"220540_at"
20260641,2,59,"202134_s_at"
20260641,2,60,"203963_at"
20260641,2,61,"221934_s_at"
20260641,2,62,"218164_at"
20260641,2,63,"214079_at"
20260641,2,64,"203999_at"
20260641,2,65,"204667_at"
20260641,2,66,"222039_at"
20260641,2,67,"201407_s_at"
20260641,2,68,"213029_at"
20260641,2,69,"204962_s_at"
20260641,2,70,"210084_x_at"
20260641,2,71,"207039_at"
20260641,2,72,"209290_s_at"
20260641,2,73,"210886_x_at"
20260641,2,74,"204304_s_at"
20260641,2,75,"221864_at"
20260641,2,76,"200718_s_at"
20260641,2,77,"221524_s_at"
20260641,2,78,"209204_at"
20260641,2,79,"203458_at"
20260641,2,80,"212265_at"
20260641,2,81,"218259_at"
20260641,2,82,"202107_s_at"
20260641,2,83,"203418_at"
20260641,2,84,"206869_at"
20260641,2,85,"221872_at"
20260641,2,86,"221203_s_at"
20260641,2,87,"206754_s_at"
20260641,2,88,"214109_at"
20260641,2,89,"203066_at"
20260641,2,90,"210024_s_at"
20260641,2,91,"202589_at"
20260641,2,92,"201938_at"
20260641,2,93,"218902_at"
20260641,2,94,"206373_at"
20260641,2,95,"215034_s_at"
20260641,2,96,"218886_at"
20260641,2,97,"218966_at"
20260641,2,98,"202263_at"
20260641,2,99,"201664_at"
20260641,2,100,"204061_at"
20260641,3,1,"204750_s_at"
20260641,3,2,"200718_s_at"
20260641,3,3,"209204_at"
20260641,3,4,"204825_at"
20260641,3,5,"205225_at"
20260641,3,6,"203999_at"
20260641,3,7,"212960_at"
20260641,3,8,"221524_s_at"
20260641,3,9,"202870_s_at"
20260641,3,10,"212956_at"
20260641,3,11,"210052_s_at"
20260641,3,12,"204822_at"
20260641,3,13,"204962_s_at"
20260641,3,14,"209781_s_at"
20260641,3,15,"210084_x_at"
20260641,3,16,"209122_at"
20260641,3,17,"218726_at"
20260641,3,18,"203693_s_at"
20260641,3,19,"213134_x_at"
20260641,3,20,"209644_x_at"
20260641,3,21,"219874_at"
20260641,3,22,"203702_s_at"
20260641,3,23,"214053_at"
20260641,3,24,"208022_s_at"
20260641,3,25,"218755_at"
20260641,3,26,"205548_s_at"
20260641,3,27,"221872_at"
20260641,3,28,"201231_s_at"
20260641,3,29,"205074_at"
20260641,3,30,"204317_at"
20260641,3,31,"212022_s_at"
20260641,3,32,"206373_at"
20260641,3,33,"206392_s_at"
20260641,3,34,"219197_s_at"
20260641,3,35,"206391_at"
20260641,3,36,"204203_at"
20260641,3,37,"204493_at"
20260641,3,38,"204775_at"
20260641,3,39,"200960_x_at"
20260641,3,40,"221203_s_at"
20260641,3,41,"216237_s_at"
20260641,3,42,"202589_at"
20260641,3,43,"214431_at"
20260641,3,44,"218009_s_at"
20260641,3,45,"209604_s_at"
20260641,3,46,"218902_at"
20260641,3,47,"222039_at"
20260641,3,48,"210074_at"
20260641,3,49,"204012_s_at"
20260641,3,50,"218486_at"
20260641,3,51,"216092_s_at"
20260641,3,52,"219051_x_at"
20260641,3,53,"219752_at"
20260641,3,54,"202263_at"
20260641,3,55,"214440_at"
20260641,3,56,"212441_at"
20260641,3,57,"202933_s_at"
20260641,3,58,"203712_at"
20260641,3,59,"214109_at"
20260641,3,60,"208711_s_at"
20260641,3,61,"206869_at"
20260641,3,62,"201177_s_at"
20260641,3,63,"204023_at"
20260641,3,64,"212099_at"
20260641,3,65,"209464_at"
20260641,3,66,"204623_at"
20260641,3,67,"202240_at"
20260641,3,68,"222275_at"
20260641,3,69,"209623_at"
20260641,3,70,"218211_s_at"
20260641,3,71,"203397_s_at"
20260641,3,72,"203038_at"
20260641,3,73,"204318_s_at"
20260641,3,74,"213032_at"
20260641,3,75,"218542_at"
20260641,3,76,"204050_s_at"
20260641,3,77,"218663_at"
20260641,3,78,"221522_at"
20260641,3,79,"220865_s_at"
20260641,3,80,"219741_x_at"
20260641,3,81,"218259_at"
20260641,3,82,"204400_at"
20260641,3,83,"203126_at"
20260641,3,84,"206194_at"
20260641,3,85,"204315_s_at"
20260641,3,86,"218065_s_at"
20260641,3,87,"215034_s_at"
20260641,3,88,"212219_at"
20260641,3,89,"40093_at"
20260641,3,90,"218236_s_at"
20260641,3,91,"201584_s_at"
20260641,3,92,"219686_at"
20260641,3,93,"218355_at"
20260641,3,94,"219990_at"
20260641,3,95,"208712_at"
20260641,3,96,"211234_x_at"
20260641,3,97,"207076_s_at"
20260641,3,98,"202752_x_at"
20260641,3,99,"202095_s_at"
20260641,3,100,"219984_s_at"
20260641,4,1,"221986_s_at"
20260641,4,2,"204750_s_at"
20260641,4,3,"215034_s_at"
20260641,4,4,"204400_at"
20260641,4,5,"209386_at"
20260641,4,6,"204825_at"
20260641,4,7,"209387_s_at"
20260641,4,8,"212330_at"
20260641,4,9,"213134_x_at"
20260641,4,10,"205225_at"
20260641,4,11,"203999_at"
20260641,4,12,"205548_s_at"
20260641,4,13,"202134_s_at"
20260641,4,14,"204775_at"
20260641,4,15,"203702_s_at"
20260641,4,16,"209289_at"
20260641,4,17,"210084_x_at"
20260641,4,18,"213032_at"
20260641,4,19,"220625_s_at"
20260641,4,20,"209290_s_at"
20260641,4,21,"212099_at"
20260641,4,22,"209791_at"
20260641,4,23,"202342_s_at"
20260641,4,24,"216237_s_at"
20260641,4,25,"202933_s_at"
20260641,4,26,"203896_s_at"
20260641,4,27,"203038_at"
20260641,4,28,"202341_s_at"
20260641,4,29,"203690_at"
20260641,4,30,"212960_at"
20260641,4,31,"213029_at"
20260641,4,32,"219752_at"
20260641,4,33,"209604_s_at"
20260641,4,34,"222275_at"
20260641,4,35,"214745_at"
20260641,4,36,"202263_at"
20260641,4,37,"213033_s_at"
20260641,4,38,"218211_s_at"
20260641,4,39,"203693_s_at"
20260641,4,40,"210052_s_at"
20260641,4,41,"214428_x_at"
20260641,4,42,"202035_s_at"
20260641,4,43,"210692_s_at"
20260641,4,44,"202870_s_at"
20260641,4,45,"200052_s_at"
20260641,4,46,"214440_at"
20260641,4,47,"209832_s_at"
20260641,4,48,"209204_at"
20260641,4,49,"218259_at"
20260641,4,50,"212956_at"
20260641,4,51,"214109_at"
20260641,4,52,"203263_s_at"
20260641,4,53,"205696_s_at"
20260641,4,54,"216092_s_at"
20260641,4,55,"204822_at"
20260641,4,56,"209109_s_at"
20260641,4,57,"208451_s_at"
20260641,4,58,"219051_x_at"
20260641,4,59,"209421_at"
20260641,4,60,"221436_s_at"
20260641,4,61,"209842_at"
20260641,4,62,"219956_at"
20260641,4,63,"208650_s_at"
20260641,4,64,"205339_at"
20260641,4,65,"219874_at"
20260641,4,66,"209644_x_at"
20260641,4,67,"200011_s_at"
20260641,4,68,"211954_s_at"
20260641,4,69,"204315_s_at"
20260641,4,70,"202412_s_at"
20260641,4,71,"201755_at"
20260641,4,72,"207134_x_at"
20260641,4,73,"214431_at"
20260641,4,74,"220624_s_at"
20260641,4,75,"221864_at"
20260641,4,76,"201231_s_at"
20260641,4,77,"209781_s_at"
20260641,4,78,"202107_s_at"
20260641,4,79,"200934_at"
20260641,4,80,"213260_at"
20260641,4,81,"217744_s_at"
20260641,4,82,"207039_at"
20260641,4,83,"218937_at"
20260641,4,84,"206392_s_at"
20260641,4,85,"220425_x_at"
20260641,4,86,"200718_s_at"
20260641,4,87,"210024_s_at"
20260641,4,88,"218164_at"
20260641,4,89,"219268_at"
20260641,4,90,"205347_s_at"
20260641,4,91,"206373_at"
20260641,4,92,"208854_s_at"
20260641,4,93,"202589_at"
20260641,4,94,"202483_s_at"
20260641,4,95,"221934_s_at"
20260641,4,96,"204989_s_at"
20260641,4,97,"203929_s_at"
20260641,4,98,"210735_s_at"
20260641,4,99,"209623_at"
20260641,4,100,"203126_at"
20260641,5,1,"210084_x_at"
20260641,5,2,"203999_at"
20260641,5,3,"204825_at"
20260641,5,4,"206373_at"
20260641,5,5,"209832_s_at"
20260641,5,6,"205548_s_at"
20260641,5,7,"205225_at"
20260641,5,8,"213029_at"
20260641,5,9,"204750_s_at"
20260641,5,10,"209289_at"
20260641,5,11,"213032_at"
20260641,5,12,"213134_x_at"
20260641,5,13,"210052_s_at"
20260641,5,14,"209290_s_at"
20260641,5,15,"203712_at"
20260641,5,16,"219051_x_at"
20260641,5,17,"204914_s_at"
20260641,5,18,"212099_at"
20260641,5,19,"214440_at"
20260641,5,20,"214431_at"
20260641,5,21,"212956_at"
20260641,5,22,"204822_at"
20260641,5,23,"212960_at"
20260641,5,24,"204962_s_at"
20260641,5,25,"222039_at"
20260641,5,26,"206869_at"
20260641,5,27,"221524_s_at"
20260641,5,28,"202263_at"
20260641,5,29,"203693_s_at"
20260641,5,30,"209122_at"
20260641,5,31,"203038_at"
20260641,5,32,"200052_s_at"
20260641,5,33,"203397_s_at"
20260641,5,34,"200718_s_at"
20260641,5,35,"218259_at"
20260641,5,36,"221872_at"
20260641,5,37,"201231_s_at"
20260641,5,38,"202107_s_at"
20260641,5,39,"202870_s_at"
20260641,5,40,"216603_at"
20260641,5,41,"206194_at"
20260641,5,42,"222275_at"
20260641,5,43,"209623_at"
20260641,5,44,"218211_s_at"
20260641,5,45,"218902_at"
20260641,5,46,"209408_at"
20260641,5,47,"213651_at"
20260641,5,48,"212638_s_at"
20260641,5,49,"212492_s_at"
20260641,5,50,"209604_s_at"
20260641,5,51,"204400_at"
20260641,5,52,"218394_at"
20260641,5,53,"209114_at"
20260641,5,54,"202240_at"
20260641,5,55,"205201_at"
20260641,5,56,"206392_s_at"
20260641,5,57,"202911_at"
20260641,5,58,"209341_s_at"
20260641,5,59,"206391_at"
20260641,5,60,"204767_s_at"
20260641,5,61,"218009_s_at"
20260641,5,62,"209421_at"
20260641,5,63,"214428_x_at"
20260641,5,64,"208451_s_at"
20260641,5,65,"211235_s_at"
20260641,5,66,"218726_at"
20260641,5,67,"203418_at"
20260641,5,68,"216092_s_at"
20260641,5,69,"201663_s_at"
20260641,5,70,"209204_at"
20260641,5,71,"204915_s_at"
20260641,5,72,"209773_s_at"
20260641,5,73,"218355_at"
20260641,5,74,"206102_at"
20260641,5,75,"203702_s_at"
20260641,5,76,"204240_s_at"
20260641,5,77,"215034_s_at"
20260641,5,78,"221046_s_at"
20260641,5,79,"220295_x_at"
20260641,5,80,"205696_s_at"
20260641,5,81,"203066_at"
20260641,5,82,"221864_at"
20260641,5,83,"207134_x_at"
20260641,5,84,"202035_s_at"
20260641,5,85,"208305_at"
20260641,5,86,"221203_s_at"
20260641,5,87,"202134_s_at"
20260641,5,88,"203571_s_at"
20260641,5,89,"221677_s_at"
20260641,5,90,"209386_at"
20260641,5,91,"219874_at"
20260641,5,92,"200934_at"
20260641,5,93,"202589_at"
20260641,5,94,"213033_s_at"
20260641,5,95,"212196_at"
20260641,5,96,"203226_s_at"
20260641,5,97,"206754_s_at"
20260641,5,98,"212195_at"
20260641,5,99,"205357_s_at"
20260641,5,100,"210024_s_at"
20260642,1,1,"204750_s_at"
20260642,1,2,"205225_at"
20260642,1,3,"219956_at"
20260642,1,4,"214440_at"
20260642,1,5,"221986_s_at"
20260642,1,6,"212099_at"
20260642,1,7,"219051_x_at"
20260642,1,8,"212960_at"
20260642,1,9,"210735_s_at"
20260642,1,10,"212956_at"
20260642,1,11,"203693_s_at"
20260642,1,12,"215867_x_at"
20260642,1,13,"214164_x_at"
20260642,1,14,"218211_s_at"
20260642,1,15,"204825_at"
20260642,1,16,"210084_x_at"
20260642,1,17,"202263_at"
20260642,1,18,"209644_x_at"
20260642,1,19,"203963_at"
20260642,1,20,"206373_at"
20260642,1,21,"213134_x_at"
20260642,1,22,"209289_at"
20260642,1,23,"206754_s_at"
20260642,1,24,"203999_at"
20260642,1,25,"213029_at"
20260642,1,26,"201231_s_at"
20260642,1,27,"213032_at"
20260642,1,28,"221524_s_at"
20260642,1,29,"209290_s_at"
20260642,1,30,"208451_s_at"
20260642,1,31,"209604_s_at"
20260642,1,32,"205548_s_at"
20260642,1,33,"214428_x_at"
20260642,1,34,"203038_at"
20260642,1,35,"216092_s_at"
20260642,1,36,"200934_at"
20260642,1,37,"222275_at"
20260642,1,38,"200718_s_at"
20260642,1,39,"205696_s_at"
20260642,1,40,"204508_s_at"
20260642,1,41,"212638_s_at"
20260642,1,42,"204623_at"
20260642,1,43,"209623_at"
20260642,1,44,"215034_s_at"
20260642,1,45,"209386_at"
20260642,1,46,"207039_at"
20260642,1,47,"205009_at"
20260642,1,48,"212196_at"
20260642,1,49,"200011_s_at"
20260642,1,50,"209443_at"
20260642,1,51,"209122_at"
20260642,1,52,"203143_s_at"
20260642,1,53,"220540_at"
20260642,1,54,"209204_at"
20260642,1,55,"202341_s_at"
20260642,1,56,"200711_s_at"
20260642,1,57,"212195_at"
20260642,1,58,"203702_s_at"
20260642,1,59,"204667_at"
20260642,1,60,"221872_at"
20260642,1,61,"218902_at"
20260642,1,62,"212492_s_at"
20260642,1,63,"209603_at"
20260642,1,64,"204400_at"
20260642,1,65,"206194_at"
20260642,1,66,"210052_s_at"
20260642,1,67,"204822_at"
20260642,1,68,"216237_s_at"
20260642,1,69,"212771_at"
20260642,1,70,"206392_s_at"
20260642,1,71,"211712_s_at"
20260642,1,72,"201826_s_at"
20260642,1,73,"214431_at"
20260642,1,74,"201037_at"
20260642,1,75,"200670_at"
20260642,1,76,"206391_at"
20260642,1,77,"201938_at"
20260642,1,78,"201970_s_at"
20260642,1,79,"203712_at"
20260642,1,80,"209114_at"
20260642,1,81,"208682_s_at"
20260642,1,82,"207076_s_at"
20260642,1,83,"218976_at"
20260642,1,84,"219734_at"
20260642,1,85,"203571_s_at"
20260642,1,86,"218259_at"
20260642,1,87,"209173_at"
20260642,1,88,"202870_s_at"
20260642,1,89,"202088_at"
20260642,1,90,"204045_at"
20260642,1,91,"210085_s_at"
20260642,1,92,"210246_s_at"
20260642,1,93,"213260_at"
20260642,1,94,"211714_x_at"
20260642,1,95,"200052_s_at"
20260642,1,96,"221823_at"
20260642,1,97,"222039_at"
20260642,1,98,"201560_at"
20260642,1,99,"220295_x_at"
20260642,1,100,"202089_s_at"
20260642,2,1,"204750_s_at"
20260642,2,2,"213134_x_at"
20260642,2,3,"204825_at"
20260642,2,4,"205548_s_at"
20260642,2,5,"212099_at"
20260642,2,6,"203999_at"
20260642,2,7,"206194_at"
20260642,2,8,"205225_at"
20260642,2,9,"209204_at"
20260642,2,10,"208103_s_at"
20260642,2,11,"210024_s_at"
20260642,2,12,"200934_at"
20260642,2,13,"216092_s_at"
20260642,2,14,"209623_at"
20260642,2,15,"203693_s_at"
20260642,2,16,"214109_at"
20260642,2,17,"204775_at"
20260642,2,18,"202134_s_at"
20260642,2,19,"210084_x_at"
20260642,2,20,"204061_at"
20260642,2,21,"218211_s_at"
20260642,2,22,"200052_s_at"
20260642,2,23,"203702_s_at"
20260642,2,24,"222275_at"
20260642,2,25,"213032_at"
20260642,2,26,"214428_x_at"
20260642,2,27,"204822_at"
20260642,2,28,"202933_s_at"
20260642,2,29,"200011_s_at"
20260642,2,30,"218886_at"
20260642,2,31,"218236_s_at"
20260642,2,32,"202293_at"
20260642,2,33,"201407_s_at"
20260642,2,34,"210886_x_at"
20260642,2,35,"222039_at"
20260642,2,36,"206392_s_at"
20260642,2,37,"212492_s_at"
20260642,2,38,"209211_at"
20260642,2,39,"212330_at"
20260642,2,40,"210052_s_at"
20260642,2,41,"208451_s_at"
20260642,2,42,"212452_x_at"
20260642,2,43,"209604_s_at"
20260642,2,44,"221505_at"
20260642,2,45,"212956_at"
20260642,2,46,"203038_at"
20260642,2,47,"221934_s_at"
20260642,2,48,"200718_s_at"
20260642,2,49,"201938_at"
20260642,2,50,"205074_at"
20260642,2,51,"214440_at"
20260642,2,52,"214431_at"
20260642,2,53,"208854_s_at"
20260642,2,54,"219051_x_at"
20260642,2,55,"204012_s_at"
20260642,2,56,"210074_at"
20260642,2,57,"212960_at"
20260642,2,58,"200755_s_at"
20260642,2,59,"218902_at"
20260642,2,60,"221864_at"
20260642,2,61,"214496_x_at"
20260642,2,62,"221524_s_at"
20260642,2,63,"212022_s_at"
20260642,2,64,"218726_at"
20260642,2,65,"202412_s_at"
20260642,2,66,"209114_at"
20260642,2,67,"211931_s_at"
20260642,2,68,"221986_s_at"
20260642,2,69,"218259_at"
20260642,2,70,"216237_s_at"
20260642,2,71,"209289_at"
20260642,2,72,"218164_at"
20260642,2,73,"202035_s_at"
20260642,2,74,"201231_s_at"
20260642,2,75,"210758_at"
20260642,2,76,"201930_at"
20260642,2,77,"209644_x_at"
20260642,2,78,"221823_at"
20260642,2,79,"209290_s_at"
20260642,2,80,"201177_s_at"
20260642,2,81,"202870_s_at"
20260642,2,82,"203126_at"
20260642,2,83,"216685_s_at"
20260642,2,84,"202341_s_at"
20260642,2,85,"203418_at"
20260642,2,86,"203406_at"
20260642,2,87,"201923_at"
20260642,2,88,"206869_at"
20260642,2,89,"204203_at"
20260642,2,90,"212265_at"
20260642,2,91,"221203_s_at"
20260642,2,92,"206391_at"
20260642,2,93,"212441_at"
20260642,2,94,"205696_s_at"
20260642,2,95,"204240_s_at"
20260642,2,96,"213029_at"
20260642,2,97,"211874_s_at"
20260642,2,98,"215034_s_at"
20260642,2,99,"209109_s_at"
20260642,2,100,"201755_at"
20260642,3,1,"204750_s_at"
20260642,3,2,"204825_at"
20260642,3,3,"210084_x_at"
20260642,3,4,"219874_at"
20260642,3,5,"205225_at"
20260642,3,6,"210052_s_at"
20260642,3,7,"203702_s_at"
20260642,3,8,"215034_s_at"
20260642,3,9,"203999_at"
20260642,3,10,"212956_at"
20260642,3,11,"213032_at"
20260642,3,12,"202035_s_at"
20260642,3,13,"203693_s_at"
20260642,3,14,"209289_at"
20260642,3,15,"203397_s_at"
20260642,3,16,"204400_at"
20260642,3,17,"202870_s_at"
20260642,3,18,"214431_at"
20260642,3,19,"202134_s_at"
20260642,3,20,"206194_at"
20260642,3,21,"212638_s_at"
20260642,3,22,"206373_at"
20260642,3,23,"213134_x_at"
20260642,3,24,"203038_at"
20260642,3,25,"209173_at"
20260642,3,26,"212960_at"
20260642,3,27,"221872_at"
20260642,3,28,"213260_at"
20260642,3,29,"205548_s_at"
20260642,3,30,"209290_s_at"
20260642,3,31,"221524_s_at"
20260642,3,32,"203222_s_at"
20260642,3,33,"209832_s_at"
20260642,3,34,"213029_at"
20260642,3,35,"209204_at"
20260642,3,36,"214428_x_at"
20260642,3,37,"204600_at"
20260642,3,38,"204315_s_at"
20260642,3,39,"206391_at"
20260642,3,40,"204822_at"
20260642,3,41,"204623_at"
20260642,3,42,"218902_at"
20260642,3,43,"208451_s_at"
20260642,3,44,"209604_s_at"
20260642,3,45,"206869_at"
20260642,3,46,"214745_at"
20260642,3,47,"202933_s_at"
20260642,3,48,"209781_s_at"
20260642,3,49,"203130_s_at"
20260642,3,50,"206392_s_at"
20260642,3,51,"216237_s_at"
20260642,3,52,"207134_x_at"
20260642,3,53,"209386_at"
20260642,3,54,"204775_at"
20260642,3,55,"209109_s_at"
20260642,3,56,"214440_at"
20260642,3,57,"216092_s_at"
20260642,3,58,"209421_at"
20260642,3,59,"204493_at"
20260642,3,60,"208941_s_at"
20260642,3,61,"205044_at"
20260642,3,62,"219752_at"
20260642,3,63,"219051_x_at"
20260642,3,64,"218211_s_at"
20260642,3,65,"1438_at"
20260642,3,66,"209387_s_at"
20260642,3,67,"222039_at"
20260642,3,68,"213033_s_at"
20260642,3,69,"221986_s_at"
20260642,3,70,"207011_s_at"
20260642,3,71,"212492_s_at"
20260642,3,72,"218755_at"
20260642,3,73,"202589_at"
20260642,3,74,"212099_at"
20260642,3,75,"215729_s_at"
20260642,3,76,"203418_at"
20260642,3,77,"210096_at"
20260642,3,78,"202341_s_at"
20260642,3,79,"220425_x_at"
20260642,3,80,"200718_s_at"
20260642,3,81,"222275_at"
20260642,3,82,"204962_s_at"
20260642,3,83,"216603_at"
20260642,3,84,"209644_x_at"
20260642,3,85,"202107_s_at"
20260642,3,86,"205696_s_at"
20260642,3,87,"209623_at"
20260642,3,88,"218259_at"
20260642,3,89,"220625_s_at"
20260642,3,90,"209791_at"
20260642,3,91,"204751_x_at"
20260642,3,92,"210074_at"
20260642,3,93,"204012_s_at"
20260642,3,94,"214109_at"
20260642,3,95,"203066_at"
20260642,3,96,"209122_at"
20260642,3,97,"202808_at"
20260642,3,98,"221012_s_at"
20260642,3,99,"204667_at"
20260642,3,100,"214053_at"
20260642,4,1,"204825_at"
20260642,4,2,"204750_s_at"
20260642,4,3,"203999_at"
20260642,4,4,"209832_s_at"
20260642,4,5,"205225_at"
20260642,4,6,"210084_x_at"
20260642,4,7,"202107_s_at"
20260642,4,8,"210052_s_at"
20260642,4,9,"213134_x_at"
20260642,4,10,"204822_at"
20260642,4,11,"208022_s_at"
20260642,4,12,"204315_s_at"
20260642,4,13,"214440_at"
20260642,4,14,"205548_s_at"
20260642,4,15,"202240_at"
20260642,4,16,"213032_at"
20260642,4,17,"209289_at"
20260642,4,18,"209408_at"
20260642,4,19,"213029_at"
20260642,4,20,"222039_at"
20260642,4,21,"209290_s_at"
20260642,4,22,"219051_x_at"
20260642,4,23,"212956_at"
20260642,4,24,"212099_at"
20260642,4,25,"222275_at"
20260642,4,26,"200718_s_at"
20260642,4,27,"206373_at"
20260642,4,28,"204962_s_at"
20260642,4,29,"201970_s_at"
20260642,4,30,"202911_at"
20260642,4,31,"221203_s_at"
20260642,4,32,"218726_at"
20260642,4,33,"216237_s_at"
20260642,4,34,"212960_at"
20260642,4,35,"202870_s_at"
20260642,4,36,"214053_at"
20260642,4,37,"209204_at"
20260642,4,38,"221677_s_at"
20260642,4,39,"211466_at"
20260642,4,40,"203712_at"
20260642,4,41,"214431_at"
20260642,4,42,"203418_at"
20260642,4,43,"203693_s_at"
20260642,4,44,"207039_at"
20260642,4,45,"209781_s_at"
20260642,4,46,"218902_at"
20260642,4,47,"202589_at"
20260642,4,48,"206869_at"
20260642,4,49,"202752_x_at"
20260642,4,50,"218259_at"
20260642,4,51,"209644_x_at"
20260642,4,52,"216092_s_at"
20260642,4,53,"219306_at"
20260642,4,54,"205339_at"
20260642,4,55,"202263_at"
20260642,4,56,"218350_s_at"
20260642,4,57,"201930_at"
20260642,4,58,"213523_at"
20260642,4,59,"221922_at"
20260642,4,60,"200960_x_at"
20260642,4,61,"221524_s_at"
20260642,4,62,"203066_at"
20260642,4,63,"209604_s_at"
20260642,4,64,"212022_s_at"
20260642,4,65,"209623_at"
20260642,4,66,"218355_at"
20260642,4,67,"204767_s_at"
20260642,4,68,"209421_at"
20260642,4,69,"209464_at"
20260642,4,70,"221864_at"
20260642,4,71,"208451_s_at"
20260642,4,72,"203702_s_at"
20260642,4,73,"218211_s_at"
20260642,4,74,"213226_at"
20260642,4,75,"218542_at"
20260642,4,76,"221046_s_at"
20260642,4,77,"221253_s_at"
20260642,4,78,"206194_at"
20260642,4,79,"214428_x_at"
20260642,4,80,"218236_s_at"
20260642,4,81,"219752_at"
20260642,4,82,"204050_s_at"
20260642,4,83,"209122_at"
20260642,4,84,"212638_s_at"
20260642,4,85,"221436_s_at"
20260642,4,86,"204695_at"
20260642,4,87,"212330_at"
20260642,4,88,"204400_at"
20260642,4,89,"202412_s_at"
20260642,4,90,"201231_s_at"
20260642,4,91,"205347_s_at"
20260642,4,92,"212492_s_at"
20260642,4,93,"203143_s_at"
20260642,4,94,"208549_x_at"
20260642,4,95,"201663_s_at"
20260642,4,96,"205167_s_at"
20260642,4,97,"220865_s_at"
20260642,4,98,"218009_s_at"
20260642,4,99,"209386_at"
20260642,4,100,"201664_at"
20260642,5,1,"205225_at"
20260642,5,2,"218532_s_at"
20260642,5,3,"204825_at"
20260642,5,4,"203702_s_at"
20260642,5,5,"204750_s_at"
20260642,5,6,"205548_s_at"
20260642,5,7,"212960_at"
20260642,5,8,"219197_s_at"
20260642,5,9,"204822_at"
20260642,5,10,"212956_at"
20260642,5,11,"210052_s_at"
20260642,5,12,"200718_s_at"
20260642,5,13,"203693_s_at"
20260642,5,14,"218726_at"
20260642,5,15,"206391_at"
20260642,5,16,"214053_at"
20260642,5,17,"221872_at"
20260642,5,18,"213134_x_at"
20260642,5,19,"209204_at"
20260642,5,20,"206392_s_at"
20260642,5,21,"204962_s_at"
20260642,5,22,"209604_s_at"
20260642,5,23,"218755_at"
20260642,5,24,"209623_at"
20260642,5,25,"219752_at"
20260642,5,26,"222125_s_at"
20260642,5,27,"218211_s_at"
20260642,5,28,"210084_x_at"
20260642,5,29,"218259_at"
20260642,5,30,"204623_at"
20260642,5,31,"201116_s_at"
20260642,5,32,"209114_at"
20260642,5,33,"204400_at"
20260642,5,34,"209642_at"
20260642,5,35,"221934_s_at"
20260642,5,36,"214164_x_at"
20260642,5,37,"214440_at"
20260642,5,38,"202870_s_at"
20260642,5,39,"200052_s_at"
20260642,5,40,"206869_at"
20260642,5,41,"222275_at"
20260642,5,42,"214552_s_at"
20260642,5,43,"209443_at"
20260642,5,44,"201663_s_at"
20260642,5,45,"215867_x_at"
20260642,5,46,"213249_at"
20260642,5,47,"222118_at"
20260642,5,48,"202134_s_at"
20260642,5,49,"202088_at"
20260642,5,50,"217839_at"
20260642,5,51,"221524_s_at"
20260642,5,52,"212099_at"
20260642,5,53,"219051_x_at"
20260642,5,54,"212022_s_at"
20260642,5,55,"203963_at"
20260642,5,56,"210074_at"
20260642,5,57,"40093_at"
20260642,5,58,"205009_at"
20260642,5,59,"220892_s_at"
20260642,5,60,"205696_s_at"
20260642,5,61,"203397_s_at"
20260642,5,62,"203999_at"
20260642,5,63,"210735_s_at"
20260642,5,64,"204767_s_at"
20260642,5,65,"209603_at"
20260642,5,66,"202089_s_at"
20260642,5,67,"204568_at"
20260642,5,68,"210024_s_at"
20260642,5,69,"218164_at"
20260642,5,70,"215034_s_at"
20260642,5,71,"209832_s_at"
20260642,5,72,"202589_at"
20260642,5,73,"217744_s_at"
20260642,5,74,"202263_at"
20260642,5,75,"216092_s_at"
20260642,5,76,"209122_at"
20260642,5,77,"212265_at"
20260642,5,78,"209173_at"
20260642,5,79,"218238_at"
20260642,5,80,"201231_s_at"
20260642,5,81,"211712_s_at"
20260642,5,82,"208873_s_at"
20260642,5,83,"213032_at"
20260642,5,84,"209289_at"
20260642,5,85,"222256_s_at"
20260642,5,86,"212492_s_at"
20260642,5,87,"201923_at"
20260642,5,88,"200711_s_at"
20260642,5,89,"205201_at"
20260642,5,90,"201360_at"
20260642,5,91,"202204_s_at"
20260642,5,92,"218902_at"
20260642,5,93,"212638_s_at"
20260642,5,94,"212195_at"
20260642,5,95,"203126_at"
20260642,5,96,"219990_at"
20260642,5,97,"209387_s_at"
20260642,5,98,"221864_at"
20260642,5,99,"205509_at"
20260642,5,100,"201088_at"
20260643,1,1,"209386_at"
20260643,1,2,"215034_s_at"
20260643,1,3,"209387_s_at"
20260643,1,4,"210084_x_at"
20260643,1,5,"204825_at"
20260643,1,6,"204750_s_at"
20260643,1,7,"205548_s_at"
20260643,1,8,"213134_x_at"
20260643,1,9,"203693_s_at"
20260643,1,10,"217744_s_at"
20260643,1,11,"205225_at"
20260643,1,12,"201970_s_at"
20260643,1,13,"206194_at"
20260643,1,14,"203397_s_at"
20260643,1,15,"200718_s_at"
20260643,1,16,"210052_s_at"
20260643,1,17,"203038_at"
20260643,1,18,"202134_s_at"
20260643,1,19,"214428_x_at"
20260643,1,20,"200052_s_at"
20260643,1,21,"216685_s_at"
20260643,1,22,"208451_s_at"
20260643,1,23,"213032_at"
20260643,1,24,"203702_s_at"
20260643,1,25,"211084_x_at"
20260643,1,26,"220935_s_at"
20260643,1,27,"204400_at"
20260643,1,28,"209204_at"
20260643,1,29,"209421_at"
20260643,1,30,"203999_at"
20260643,1,31,"209289_at"
20260643,1,32,"222275_at"
20260643,1,33,"202341_s_at"
20260643,1,34,"219874_at"
20260643,1,35,"209832_s_at"
20260643,1,36,"214440_at"
20260643,1,37,"222039_at"
20260643,1,38,"212956_at"
20260643,1,39,"209604_s_at"
20260643,1,40,"209644_x_at"
20260643,1,41,"204822_at"
20260643,1,42,"218259_at"
20260643,1,43,"212099_at"
20260643,1,44,"218211_s_at"
20260643,1,45,"213029_at"
20260643,1,46,"203066_at"
20260643,1,47,"211466_at"
20260643,1,48,"202240_at"
20260643,1,49,"214431_at"
20260643,1,50,"209290_s_at"
20260643,1,51,"207039_at"
20260643,1,52,"213702_x_at"
20260643,1,53,"219752_at"
20260643,1,54,"219051_x_at"
20260643,1,55,"206392_s_at"
20260643,1,56,"202263_at"
20260643,1,57,"221677_s_at"
20260643,1,58,"206373_at"
20260643,1,59,"208854_s_at"
20260643,1,60,"209408_at"
20260643,1,61,"204481_at"
20260643,1,62,"209747_at"
20260643,1,63,"221872_at"
20260643,1,64,"202870_s_at"
20260643,1,65,"214745_at"
20260643,1,66,"215729_s_at"
20260643,1,67,"206391_at"
20260643,1,68,"221986_s_at"
20260643,1,69,"218532_s_at"
20260643,1,70,"212960_at"
20260643,1,71,"202107_s_at"
20260643,1,72,"201663_s_at"
20260643,1,73,"221864_at"
20260643,1,74,"203712_at"
20260643,1,75,"221524_s_at"
20260643,1,76,"219197_s_at"
20260643,1,77,"209623_at"
20260643,1,78,"204962_s_at"
20260643,1,79,"208650_s_at"
20260643,1,80,"209781_s_at"
20260643,1,81,"221922_at"
20260643,1,82,"204012_s_at"
20260643,1,83,"221823_at"
20260643,1,84,"203780_at"
20260643,1,85,"205683_x_at"
20260643,1,86,"211714_x_at"
20260643,1,87,"221203_s_at"
20260643,1,88,"218164_at"
20260643,1,89,"201555_at"
20260643,1,90,"216237_s_at"
20260643,1,91,"202933_s_at"
20260643,1,92,"210024_s_at"
20260643,1,93,"215867_x_at"
20260643,1,94,"214164_x_at"
20260643,1,95,"221934_s_at"
20260643,1,96,"202762_at"
20260643,1,97,"202932_at"
20260643,1,98,"218726_at"
20260643,1,99,"213476_x_at"
20260643,1,100,"205696_s_at"
20260643,2,1,"204825_at"
20260643,2,2,"220238_s_at"
20260643,2,3,"205225_at"
20260643,2,4,"218726_at"
20260643,2,5,"204750_s_at"
20260643,2,6,"204822_at"
20260643,2,7,"208022_s_at"
20260643,2,8,"210052_s_at"
20260643,2,9,"218902_at"
20260643,2,10,"212960_at"
20260643,2,11,"203693_s_at"
20260643,2,12,"216092_s_at"
20260643,2,13,"221524_s_at"
20260643,2,14,"218755_at"
20260643,2,15,"202870_s_at"
20260643,2,16,"214431_at"
20260643,2,17,"212022_s_at"
20260643,2,18,"209644_x_at"
20260643,2,19,"204962_s_at"
20260643,2,20,"209204_at"
20260643,2,21,"213032_at"
20260643,2,22,"212956_at"
20260643,2,23,"202589_at"
20260643,2,24,"221864_at"
20260643,2,25,"203999_at"
20260643,2,26,"200718_s_at"
20260643,2,27,"218211_s_at"
20260643,2,28,"219197_s_at"
20260643,2,29,"203702_s_at"
20260643,2,30,"210084_x_at"
20260643,2,31,"202240_at"
20260643,2,32,"200052_s_at"
20260643,2,33,"204623_at"
20260643,2,34,"209114_at"
20260643,2,35,"203418_at"
20260643,2,36,"212099_at"
20260643,2,37,"213134_x_at"
20260643,2,38,"205548_s_at"
20260643,2,39,"218236_s_at"
20260643,2,40,"209173_at"
20260643,2,41,"213029_at"
20260643,2,42,"219051_x_at"
20260643,2,43,"209289_at"
20260643,2,44,"209290_s_at"
20260643,2,45,"218009_s_at"
20260643,2,46,"209642_at"
20260643,2,47,"204775_at"
20260643,2,48,"205074_at"
20260643,2,49,"202263_at"
20260643,2,50,"204767_s_at"
20260643,2,51,"202094_at"
20260643,2,52,"218542_at"
20260643,2,53,"202911_at"
20260643,2,54,"201663_s_at"
20260643,2,55,"200934_at"
20260643,2,56,"209832_s_at"
20260643,2,57,"209604_s_at"
20260643,2,58,"203126_at"
20260643,2,59,"214053_at"
20260643,2,60,"201923_at"
20260643,2,61,"202095_s_at"
20260643,2,62,"205347_s_at"
20260643,2,63,"201291_s_at"
20260643,2,64,"214440_at"
20260643,2,65,"215034_s_at"
20260643,2,66,"216237_s_at"
20260643,2,67,"201755_at"
20260643,2,68,"210074_at"
20260643,2,69,"206392_s_at"
20260643,2,70,"212492_s_at"
20260643,2,71,"204400_at"
20260643,2,72,"206869_at"
20260643,2,73,"212265_at"
20260643,2,74,"214109_at"
20260643,2,75,"211466_at"
20260643,2,76,"201177_s_at"
20260643,2,77,"209623_at"
20260643,2,78,"218259_at"
20260643,2,79,"209122_at"
20260643,2,80,"202933_s_at"
20260643,2,81,"206391_at"
20260643,2,82,"202752_x_at"
20260643,2,83,"201930_at"
20260643,2,84,"214164_x_at"
20260643,2,85,"204146_at"
20260643,2,86,"222118_at"
20260643,2,87,"219956_at"
20260643,2,88,"210735_s_at"
20260643,2,89,"202204_s_at"
20260643,2,90,"204023_at"
20260643,2,91,"211126_s_at"
20260643,2,92,"220540_at"
20260643,2,93,"203929_s_at"
20260643,2,94,"209408_at"
20260643,2,95,"222039_at"
20260643,2,96,"213033_s_at"
20260643,2,97,"215867_x_at"
20260643,2,98,"210758_at"
20260643,2,99,"218394_at"
20260643,2,100,"200011_s_at"
20260643,3,1,"204750_s_at"
20260643,3,2,"203999_at"
20260643,3,3,"221986_s_at"
20260643,3,4,"210084_x_at"
20260643,3,5,"205225_at"
20260643,3,6,"204825_at"
20260643,3,7,"214440_at"
20260643,3,8,"212956_at"
20260643,3,9,"212960_at"
20260643,3,10,"208451_s_at"
20260643,3,11,"221524_s_at"
20260643,3,12,"212099_at"
20260643,3,13,"204400_at"
20260643,3,14,"206373_at"
20260643,3,15,"209204_at"
20260643,3,16,"214428_x_at"
20260643,3,17,"203143_s_at"
20260643,3,18,"209289_at"
20260643,3,19,"219051_x_at"
20260643,3,20,"206754_s_at"
20260643,3,21,"213134_x_at"
20260643,3,22,"210052_s_at"
20260643,3,23,"205548_s_at"
20260643,3,24,"204822_at"
20260643,3,25,"203693_s_at"
20260643,3,26,"209290_s_at"
20260643,3,27,"216092_s_at"
20260643,3,28,"213029_at"
20260643,3,29,"218259_at"
20260643,3,30,"220295_x_at"
20260643,3,31,"212638_s_at"
20260643,3,32,"204775_at"
20260643,3,33,"210735_s_at"
20260643,3,34,"203571_s_at"
20260643,3,35,"222275_at"
20260643,3,36,"218211_s_at"
20260643,3,37,"216237_s_at"
20260643,3,38,"206194_at"
20260643,3,39,"213032_at"
20260643,3,40,"209604_s_at"
20260643,3,41,"203963_at"
20260643,3,42,"201231_s_at"
20260643,3,43,"209122_at"
20260643,3,44,"204962_s_at"
20260643,3,45,"202263_at"
20260643,3,46,"203702_s_at"
20260643,3,47,"219956_at"
20260643,3,48,"216603_at"
20260643,3,49,"214164_x_at"
20260643,3,50,"215867_x_at"
20260643,3,51,"205696_s_at"
20260643,3,52,"214431_at"
20260643,3,53,"222039_at"
20260643,3,54,"202870_s_at"
20260643,3,55,"221203_s_at"
20260643,3,56,"200718_s_at"
20260643,3,57,"209623_at"
20260643,3,58,"201938_at"
20260643,3,59,"200934_at"
20260643,3,60,"203066_at"
20260643,3,61,"202752_x_at"
20260643,3,62,"204623_at"
20260643,3,63,"209832_s_at"
20260643,3,64,"213627_at"
20260643,3,65,"214109_at"
20260643,3,66,"203712_at"
20260643,3,67,"203038_at"
20260643,3,68,"214053_at"
20260643,3,69,"202134_s_at"
20260643,3,70,"202107_s_at"
20260643,3,71,"219752_at"
20260643,3,72,"218902_at"
20260643,3,73,"212195_at"
20260643,3,74,"200011_s_at"
20260643,3,75,"210024_s_at"
20260643,3,76,"209644_x_at"
20260643,3,77,"202088_at"
20260643,3,78,"211714_x_at"
20260643,3,79,"212925_at"
20260643,3,80,"212492_s_at"
20260643,3,81,"209747_at"
20260643,3,82,"212196_at"
20260643,3,83,"215034_s_at"
20260643,3,84,"209421_at"
20260643,3,85,"202035_s_at"
20260643,3,86,"218755_at"
20260643,3,87,"204508_s_at"
20260643,3,88,"205081_at"
20260643,3,89,"214703_s_at"
20260643,3,90,"205206_at"
20260643,3,91,"209114_at"
20260643,3,92,"205201_at"
20260643,3,93,"213651_at"
20260643,3,94,"218532_s_at"
20260643,3,95,"205597_at"
20260643,3,96,"203476_at"
20260643,3,97,"204667_at"
20260643,3,98,"218726_at"
20260643,3,99,"200052_s_at"
20260643,3,100,"218542_at"
20260643,4,1,"204750_s_at"
20260643,4,2,"205548_s_at"
20260643,4,3,"209623_at"
20260643,4,4,"206373_at"
20260643,4,5,"205225_at"
20260643,4,6,"204825_at"
20260643,4,7,"213134_x_at"
20260643,4,8,"201231_s_at"
20260643,4,9,"218532_s_at"
20260643,4,10,"210052_s_at"
20260643,4,11,"212099_at"
20260643,4,12,"212956_at"
20260643,4,13,"222275_at"
20260643,4,14,"210084_x_at"
20260643,4,15,"221872_at"
20260643,4,16,"206391_at"
20260643,4,17,"206392_s_at"
20260643,4,18,"219051_x_at"
20260643,4,19,"212960_at"
20260643,4,20,"209204_at"
20260643,4,21,"214440_at"
20260643,4,22,"209604_s_at"
20260643,4,23,"213032_at"
20260643,4,24,"203702_s_at"
20260643,4,25,"212492_s_at"
20260643,4,26,"209644_x_at"
20260643,4,27,"218211_s_at"
20260643,4,28,"204822_at"
20260643,4,29,"203693_s_at"
20260643,4,30,"214053_at"
20260643,4,31,"221591_s_at"
20260643,4,32,"222039_at"
20260643,4,33,"209289_at"
20260643,4,34,"202933_s_at"
20260643,4,35,"201938_at"
20260643,4,36,"202134_s_at"
20260643,4,37,"213029_at"
20260643,4,38,"210024_s_at"
20260643,4,39,"209114_at"
20260643,4,40,"203418_at"
20260643,4,41,"209603_at"
20260643,4,42,"221934_s_at"
20260643,4,43,"209290_s_at"
20260643,4,44,"212638_s_at"
20260643,4,45,"212022_s_at"
20260643,4,46,"204914_s_at"
20260643,4,47,"220865_s_at"
20260643,4,48,"204751_x_at"
20260643,4,49,"200718_s_at"
20260643,4,50,"207039_at"
20260643,4,51,"206869_at"
20260643,4,52,"218236_s_at"
20260643,4,53,"201663_s_at"
20260643,4,54,"218902_at"
20260643,4,55,"222125_s_at"
20260643,4,56,"203256_at"
20260643,4,57,"214431_at"
20260643,4,58,"203066_at"
20260643,4,59,"217906_at"
20260643,4,60,"202263_at"
20260643,4,61,"218868_at"
20260643,4,62,"218726_at"
20260643,4,63,"205347_s_at"
20260643,4,64,"216092_s_at"
20260643,4,65,"203999_at"
20260643,4,66,"221203_s_at"
20260643,4,67,"205696_s_at"
20260643,4,68,"212265_at"
20260643,4,69,"219498_s_at"
20260643,4,70,"219983_at"
20260643,4,71,"205074_at"
20260643,4,72,"214164_x_at"
20260643,4,73,"209122_at"
20260643,4,74,"208941_s_at"
20260643,4,75,"202870_s_at"
20260643,4,76,"220295_x_at"
20260643,4,77,"204012_s_at"
20260643,4,78,"222256_s_at"
20260643,4,79,"210074_at"
20260643,4,80,"204962_s_at"
20260643,4,81,"203712_at"
20260643,4,82,"202589_at"
20260643,4,83,"211931_s_at"
20260643,4,84,"209173_at"
20260643,4,85,"205358_at"
20260643,4,86,"209109_s_at"
20260643,4,87,"208873_s_at"
20260643,4,88,"208711_s_at"
20260643,4,89,"213523_at"
20260643,4,90,"201407_s_at"
20260643,4,91,"212462_at"
20260643,4,92,"216603_at"
20260643,4,93,"203038_at"
20260643,4,94,"202932_at"
20260643,4,95,"200670_at"
20260643,4,96,"1438_at"
20260643,4,97,"204401_at"
20260643,4,98,"203963_at"
20260643,4,99,"220892_s_at"
20260643,4,100,"40093_at"
20260643,5,1,"204750_s_at"
20260643,5,2,"205225_at"
20260643,5,3,"204825_at"
20260643,5,4,"203999_at"
20260643,5,5,"214440_at"
20260643,5,6,"203702_s_at"
20260643,5,7,"204315_s_at"
20260643,5,8,"213134_x_at"
20260643,5,9,"212956_at"
20260643,5,10,"212960_at"
20260643,5,11,"219874_at"
20260643,5,12,"212638_s_at"
20260643,5,13,"203693_s_at"
20260643,5,14,"212099_at"
20260643,5,15,"206194_at"
20260643,5,16,"213032_at"
20260643,5,17,"205548_s_at"
20260643,5,18,"222275_at"
20260643,5,19,"209781_s_at"
20260643,5,20,"206869_at"
20260643,5,21,"204623_at"
20260643,5,22,"219051_x_at"
20260643,5,23,"211233_x_at"
20260643,5,24,"209604_s_at"
20260643,5,25,"216381_x_at"
20260643,5,26,"218259_at"
20260643,5,27,"218211_s_at"
20260643,5,28,"209289_at"
20260643,5,29,"202870_s_at"
20260643,5,30,"216237_s_at"
20260643,5,31,"200718_s_at"
20260643,5,32,"218164_at"
20260643,5,33,"206391_at"
20260643,5,34,"221524_s_at"
20260643,5,35,"216092_s_at"
20260643,5,36,"205696_s_at"
20260643,5,37,"212492_s_at"
20260643,5,38,"204822_at"
20260643,5,39,"203038_at"
20260643,5,40,"221872_at"
20260643,5,41,"209623_at"
20260643,5,42,"209832_s_at"
20260643,5,43,"206754_s_at"
20260643,5,44,"218902_at"
20260643,5,45,"218236_s_at"
20260643,5,46,"202134_s_at"
20260643,5,47,"201754_at"
20260643,5,48,"209290_s_at"
20260643,5,49,"213029_at"
20260643,5,50,"213523_at"
20260643,5,51,"214109_at"
20260643,5,52,"210084_x_at"
20260643,5,53,"206392_s_at"
20260643,5,54,"202341_s_at"
20260643,5,55,"203963_at"
20260643,5,56,"202412_s_at"
20260643,5,57,"210024_s_at"
20260643,5,58,"215034_s_at"
20260643,5,59,"209122_at"
20260643,5,60,"211466_at"
20260643,5,61,"214164_x_at"
20260643,5,62,"203929_s_at"
20260643,5,63,"200934_at"
20260643,5,64,"210052_s_at"
20260643,5,65,"204012_s_at"
20260643,5,66,"203788_s_at"
20260643,5,67,"202107_s_at"
20260643,5,68,"222125_s_at"
20260643,5,69,"202263_at"
20260643,5,70,"221864_at"
20260643,5,71,"207011_s_at"
20260643,5,72,"217838_s_at"
20260643,5,73,"210074_at"
20260643,5,74,"214428_x_at"
20260643,5,75,"201755_at"
20260643,5,76,"209386_at"
20260643,5,77,"208451_s_at"
20260643,5,78,"202933_s_at"
20260643,5,79,"205044_at"
20260643,5,80,"215867_x_at"
20260643,5,81,"209204_at"
20260643,5,82,"208682_s_at"
20260643,5,83,"208711_s_at"
20260643,5,84,"209603_at"
20260643,5,85,"212265_at"
20260643,5,86,"210735_s_at"
20260643,5,87,"202088_at"
20260643,5,88,"204304_s_at"
20260643,5,89,"209791_at"
20260643,5,90,"209173_at"
20260643,5,91,"219752_at"
20260643,5,92,"209421_at"
20260643,5,93,"221934_s_at"
20260643,5,94,"212330_at"
20260643,5,95,"209114_at"
20260643,5,96,"202589_at"
20260643,5,97,"209408_at"
20260643,5,98,"221436_s_at"
20260643,5,99,"205009_at"
20260643,5,100,"214431_at"
20260644,1,1,"204825_at"
20260644,1,2,"210052_s_at"
20260644,1,3,"204750_s_at"
20260644,1,4,"201231_s_at"
20260644,1,5,"203999_at"
20260644,1,6,"218726_at"
20260644,1,7,"205225_at"
20260644,1,8,"209623_at"
20260644,1,9,"209642_at"
20260644,1,10,"204822_at"
20260644,1,11,"212960_at"
20260644,1,12,"210084_x_at"
20260644,1,13,"218755_at"
20260644,1,14,"202589_at"
20260644,1,15,"203702_s_at"
20260644,1,16,"212956_at"
20260644,1,17,"213134_x_at"
20260644,1,18,"201663_s_at"
20260644,1,19,"203693_s_at"
20260644,1,20,"202870_s_at"
20260644,1,21,"212022_s_at"
20260644,1,22,"200718_s_at"
20260644,1,23,"204023_at"
20260644,1,24,"216237_s_at"
20260644,1,25,"205548_s_at"
20260644,1,26,"216092_s_at"
20260644,1,27,"214164_x_at"
20260644,1,28,"222118_at"
20260644,1,29,"218211_s_at"
20260644,1,30,"204962_s_at"
20260644,1,31,"216603_at"
20260644,1,32,"212099_at"
20260644,1,33,"209204_at"
20260644,1,34,"221203_s_at"
20260644,1,35,"221524_s_at"
20260644,1,36,"206392_s_at"
20260644,1,37,"214431_at"
20260644,1,38,"206194_at"
20260644,1,39,"222039_at"
20260644,1,40,"218009_s_at"
20260644,1,41,"215867_x_at"
20260644,1,42,"202107_s_at"
20260644,1,43,"209408_at"
20260644,1,44,"214053_at"
20260644,1,45,"204623_at"
20260644,1,46,"220651_s_at"
20260644,1,47,"219197_s_at"
20260644,1,48,"215623_x_at"
20260644,1,49,"210024_s_at"
20260644,1,50,"210735_s_at"
20260644,1,51,"202240_at"
20260644,1,52,"200934_at"
20260644,1,53,"201755_at"
20260644,1,54,"218542_at"
20260644,1,55,"206373_at"
20260644,1,56,"219051_x_at"
20260644,1,57,"200052_s_at"
20260644,1,58,"209832_s_at"
20260644,1,59,"206391_at"
20260644,1,60,"221872_at"
20260644,1,61,"200670_at"
20260644,1,62,"209604_s_at"
20260644,1,63,"203418_at"
20260644,1,64,"203963_at"
20260644,1,65,"205074_at"
20260644,1,66,"204767_s_at"
20260644,1,67,"201664_at"
20260644,1,68,"202263_at"
20260644,1,69,"202095_s_at"
20260644,1,70,"218355_at"
20260644,1,71,"208873_s_at"
20260644,1,72,"201291_s_at"
20260644,1,73,"214428_x_at"
20260644,1,74,"212441_at"
20260644,1,75,"209644_x_at"
20260644,1,76,"218886_at"
20260644,1,77,"209122_at"
20260644,1,78,"201938_at"
20260644,1,79,"211714_x_at"
20260644,1,80,"204203_at"
20260644,1,81,"212638_s_at"
20260644,1,82,"203712_at"
20260644,1,83,"203143_s_at"
20260644,1,84,"208941_s_at"
20260644,1,85,"220295_x_at"
20260644,1,86,"203358_s_at"
20260644,1,87,"210074_at"
20260644,1,88,"204400_at"
20260644,1,89,"204775_at"
20260644,1,90,"208451_s_at"
20260644,1,91,"222275_at"
20260644,1,92,"206102_at"
20260644,1,93,"209464_at"
20260644,1,94,"206754_s_at"
20260644,1,95,"201795_at"
20260644,1,96,"202752_x_at"
20260644,1,97,"220865_s_at"
20260644,1,98,"221934_s_at"
20260644,1,99,"201930_at"
20260644,1,100,"202690_s_at"
20260644,2,1,"204750_s_at"
20260644,2,2,"205225_at"
20260644,2,3,"213032_at"
20260644,2,4,"209114_at"
20260644,2,5,"205548_s_at"
20260644,2,6,"213134_x_at"
20260644,2,7,"218902_at"
20260644,2,8,"204825_at"
20260644,2,9,"209289_at"
20260644,2,10,"212960_at"
20260644,2,11,"209290_s_at"
20260644,2,12,"214440_at"
20260644,2,13,"203693_s_at"
20260644,2,14,"213029_at"
20260644,2,15,"212956_at"
20260644,2,16,"203999_at"
20260644,2,17,"219051_x_at"
20260644,2,18,"212099_at"
20260644,2,19,"202263_at"
20260644,2,20,"212492_s_at"
20260644,2,21,"209204_at"
20260644,2,22,"218211_s_at"
20260644,2,23,"209122_at"
20260644,2,24,"203038_at"
20260644,2,25,"209644_x_at"
20260644,2,26,"216092_s_at"
20260644,2,27,"221864_at"
20260644,2,28,"202035_s_at"
20260644,2,29,"219268_at"
20260644,2,30,"200011_s_at"
20260644,2,31,"212265_at"
20260644,2,32,"220540_at"
20260644,2,33,"210084_x_at"
20260644,2,34,"214431_at"
20260644,2,35,"201231_s_at"
20260644,2,36,"204623_at"
20260644,2,37,"209173_at"
20260644,2,38,"203066_at"
20260644,2,39,"204822_at"
20260644,2,40,"201938_at"
20260644,2,41,"211466_at"
20260644,2,42,"220238_s_at"
20260644,2,43,"212638_s_at"
20260644,2,44,"206869_at"
20260644,2,45,"209781_s_at"
20260644,2,46,"204012_s_at"
20260644,2,47,"214109_at"
20260644,2,48,"202933_s_at"
20260644,2,49,"205696_s_at"
20260644,2,50,"219956_at"
20260644,2,51,"203712_at"
20260644,2,52,"218259_at"
20260644,2,53,"207039_at"
20260644,2,54,"208022_s_at"
20260644,2,55,"201030_x_at"
20260644,2,56,"209623_at"
20260644,2,57,"210735_s_at"
20260644,2,58,"206391_at"
20260644,2,59,"218483_s_at"
20260644,2,60,"222039_at"
20260644,2,61,"206194_at"
20260644,2,62,"204493_at"
20260644,2,63,"201563_at"
20260644,2,64,"205597_at"
20260644,2,65,"203692_s_at"
20260644,2,66,"205347_s_at"
20260644,2,67,"202752_x_at"
20260644,2,68,"208451_s_at"
20260644,2,69,"209604_s_at"
20260644,2,70,"206392_s_at"
20260644,2,71,"210052_s_at"
20260644,2,72,"213260_at"
20260644,2,73,"222275_at"
20260644,2,74,"221524_s_at"
20260644,2,75,"214164_x_at"
20260644,2,76,"214428_x_at"
20260644,2,77,"204400_at"
20260644,2,78,"221872_at"
20260644,2,79,"205044_at"
20260644,2,80,"204667_at"
20260644,2,81,"208682_s_at"
20260644,2,82,"205009_at"
20260644,2,83,"215867_x_at"
20260644,2,84,"212263_at"
20260644,2,85,"213564_x_at"
20260644,2,86,"206754_s_at"
20260644,2,87,"210085_s_at"
20260644,2,88,"218236_s_at"
20260644,2,89,"218394_at"
20260644,2,90,"211235_s_at"
20260644,2,91,"221986_s_at"
20260644,2,92,"202870_s_at"
20260644,2,93,"214745_at"
20260644,2,94,"218726_at"
20260644,2,95,"203571_s_at"
20260644,2,96,"219874_at"
20260644,2,97,"203226_s_at"
20260644,2,98,"219681_s_at"
20260644,2,99,"203963_at"
20260644,2,100,"207030_s_at"
20260644,3,1,"206373_at"
20260644,3,2,"204750_s_at"
20260644,3,3,"205225_at"
20260644,3,4,"210084_x_at"
20260644,3,5,"204825_at"
20260644,3,6,"203693_s_at"
20260644,3,7,"213032_at"
20260644,3,8,"219051_x_at"
20260644,3,9,"202341_s_at"
20260644,3,10,"205696_s_at"
20260644,3,11,"222275_at"
20260644,3,12,"212099_at"
20260644,3,13,"214440_at"
20260644,3,14,"212956_at"
20260644,3,15,"213029_at"
20260644,3,16,"212492_s_at"
20260644,3,17,"209289_at"
20260644,3,18,"212638_s_at"
20260644,3,19,"209604_s_at"
20260644,3,20,"203702_s_at"
20260644,3,21,"206194_at"
20260644,3,22,"210052_s_at"
20260644,3,23,"204822_at"
20260644,3,24,"212960_at"
20260644,3,25,"209290_s_at"
20260644,3,26,"205548_s_at"
20260644,3,27,"216381_x_at"
20260644,3,28,"209832_s_at"
20260644,3,29,"209644_x_at"
20260644,3,30,"218164_at"
20260644,3,31,"200718_s_at"
20260644,3,32,"218236_s_at"
20260644,3,33,"211235_s_at"
20260644,3,34,"218211_s_at"
20260644,3,35,"213134_x_at"
20260644,3,36,"221986_s_at"
20260644,3,37,"204304_s_at"
20260644,3,38,"222039_at"
20260644,3,39,"203712_at"
20260644,3,40,"218532_s_at"
20260644,3,41,"204962_s_at"
20260644,3,42,"221524_s_at"
20260644,3,43,"204623_at"
20260644,3,44,"207039_at"
20260644,3,45,"209408_at"
20260644,3,46,"202870_s_at"
20260644,3,47,"218902_at"
20260644,3,48,"214053_at"
20260644,3,49,"201970_s_at"
20260644,3,50,"209122_at"
20260644,3,51,"209204_at"
20260644,3,52,"202107_s_at"
20260644,3,53,"206869_at"
20260644,3,54,"200934_at"
20260644,3,55,"202134_s_at"
20260644,3,56,"218259_at"
20260644,3,57,"208711_s_at"
20260644,3,58,"220540_at"
20260644,3,59,"202263_at"
20260644,3,60,"214431_at"
20260644,3,61,"209386_at"
20260644,3,62,"211084_x_at"
20260644,3,63,"219874_at"
20260644,3,64,"203963_at"
20260644,3,65,"216092_s_at"
20260644,3,66,"203418_at"
20260644,3,67,"204400_at"
20260644,3,68,"214428_x_at"
20260644,3,69,"221872_at"
20260644,3,70,"212330_at"
20260644,3,71,"221864_at"
20260644,3,72,"215867_x_at"
20260644,3,73,"214164_x_at"
20260644,3,74,"215034_s_at"
20260644,3,75,"213523_at"
20260644,3,76,"208712_at"
20260644,3,77,"222125_s_at"
20260644,3,78,"209603_at"
20260644,3,79,"209822_s_at"
20260644,3,80,"203038_at"
20260644,3,81,"210735_s_at"
20260644,3,82,"205466_s_at"
20260644,3,83,"208451_s_at"
20260644,3,84,"205569_at"
20260644,3,85,"218350_s_at"
20260644,3,86,"221253_s_at"
20260644,3,87,"205081_at"
20260644,3,88,"203999_at"
20260644,3,89,"202240_at"
20260644,3,90,"206392_s_at"
20260644,3,91,"204012_s_at"
20260644,3,92,"209747_at"
20260644,3,93,"211467_s_at"
20260644,3,94,"204914_s_at"
20260644,3,95,"218726_at"
20260644,3,96,"208616_s_at"
20260644,3,97,"50965_at"
20260644,3,98,"202589_at"
20260644,3,99,"205009_at"
20260644,3,100,"219752_at"
20260644,4,1,"205225_at"
20260644,4,2,"204750_s_at"
20260644,4,3,"214440_at"
20260644,4,4,"203702_s_at"
20260644,4,5,"212956_at"
20260644,4,6,"205548_s_at"
20260644,4,7,"209623_at"
20260644,4,8,"222275_at"
20260644,4,9,"204825_at"
20260644,4,10,"209604_s_at"
20260644,4,11,"210084_x_at"
20260644,4,12,"204012_s_at"
20260644,4,13,"212960_at"
20260644,4,14,"218532_s_at"
20260644,4,15,"212099_at"
20260644,4,16,"218236_s_at"
20260644,4,17,"206391_at"
20260644,4,18,"209289_at"
20260644,4,19,"217744_s_at"
20260644,4,20,"213134_x_at"
20260644,4,21,"202134_s_at"
20260644,4,22,"214428_x_at"
20260644,4,23,"203999_at"
20260644,4,24,"208451_s_at"
20260644,4,25,"204315_s_at"
20260644,4,26,"213032_at"
20260644,4,27,"200718_s_at"
20260644,4,28,"203693_s_at"
20260644,4,29,"221524_s_at"
20260644,4,30,"209603_at"
20260644,4,31,"213029_at"
20260644,4,32,"206392_s_at"
20260644,4,33,"218211_s_at"
20260644,4,34,"209204_at"
20260644,4,35,"221872_at"
20260644,4,36,"209290_s_at"
20260644,4,37,"204822_at"
20260644,4,38,"218259_at"
20260644,4,39,"219752_at"
20260644,4,40,"219051_x_at"
20260644,4,41,"201976_s_at"
20260644,4,42,"216092_s_at"
20260644,4,43,"210052_s_at"
20260644,4,44,"209114_at"
20260644,4,45,"205074_at"
20260644,4,46,"202933_s_at"
20260644,4,47,"212492_s_at"
20260644,4,48,"222125_s_at"
20260644,4,49,"215034_s_at"
20260644,4,50,"203126_at"
20260644,4,51,"204863_s_at"
20260644,4,52,"209644_x_at"
20260644,4,53,"212196_at"
20260644,4,54,"203963_at"
20260644,4,55,"210074_at"
20260644,4,56,"212638_s_at"
20260644,4,57,"204400_at"
20260644,4,58,"205696_s_at"
20260644,4,59,"209464_at"
20260644,4,60,"214431_at"
20260644,4,61,"218486_at"
20260644,4,62,"206373_at"
20260644,4,63,"212265_at"
20260644,4,64,"206869_at"
20260644,4,65,"204962_s_at"
20260644,4,66,"210735_s_at"
20260644,4,67,"216237_s_at"
20260644,4,68,"212195_at"
20260644,4,69,"211466_at"
20260644,4,70,"206754_s_at"
20260644,4,71,"206194_at"
20260644,4,72,"203038_at"
20260644,4,73,"203705_s_at"
20260644,4,74,"220625_s_at"
20260644,4,75,"204493_at"
20260644,4,76,"202263_at"
20260644,4,77,"214164_x_at"
20260644,4,78,"219498_s_at"
20260644,4,79,"201754_at"
20260644,4,80,"202870_s_at"
20260644,4,81,"221934_s_at"
20260644,4,82,"218902_at"
20260644,4,83,"214109_at"
20260644,4,84,"202932_at"
20260644,4,85,"218164_at"
20260644,4,86,"208022_s_at"
20260644,4,87,"215867_x_at"
20260644,4,88,"203130_s_at"
20260644,4,89,"204605_at"
20260644,4,90,"202762_at"
20260644,4,91,"221986_s_at"
20260644,4,92,"220892_s_at"
20260644,4,93,"209173_at"
20260644,4,94,"204401_at"
20260644,4,95,"213033_s_at"
20260644,4,96,"205081_at"
20260644,4,97,"214053_at"
20260644,4,98,"209386_at"
20260644,4,99,"213260_at"
20260644,4,100,"201397_at"
20260644,5,1,"204750_s_at"
20260644,5,2,"204825_at"
20260644,5,3,"215034_s_at"
20260644,5,4,"203999_at"
20260644,5,5,"213134_x_at"
20260644,5,6,"205225_at"
20260644,5,7,"203397_s_at"
20260644,5,8,"210084_x_at"
20260644,5,9,"221986_s_at"
20260644,5,10,"204400_at"
20260644,5,11,"200011_s_at"
20260644,5,12,"205548_s_at"
20260644,5,13,"209204_at"
20260644,5,14,"209387_s_at"
20260644,5,15,"209421_at"
20260644,5,16,"210052_s_at"
20260644,5,17,"209832_s_at"
20260644,5,18,"204775_at"
20260644,5,19,"209386_at"
20260644,5,20,"204822_at"
20260644,5,21,"219874_at"
20260644,5,22,"212099_at"
20260644,5,23,"214440_at"
20260644,5,24,"202134_s_at"
20260644,5,25,"200718_s_at"
20260644,5,26,"203702_s_at"
20260644,5,27,"204315_s_at"
20260644,5,28,"202870_s_at"
20260644,5,29,"203038_at"
20260644,5,30,"221677_s_at"
20260644,5,31,"212956_at"
20260644,5,32,"222039_at"
20260644,5,33,"218259_at"
20260644,5,34,"209604_s_at"
20260644,5,35,"221524_s_at"
20260644,5,36,"217744_s_at"
20260644,5,37,"203693_s_at"
20260644,5,38,"208650_s_at"
20260644,5,39,"211466_at"
20260644,5,40,"222275_at"
20260644,5,41,"212960_at"
20260644,5,42,"209289_at"
20260644,5,43,"213032_at"
20260644,5,44,"219956_at"
20260644,5,45,"214428_x_at"
20260644,5,46,"218211_s_at"
20260644,5,47,"219051_x_at"
20260644,5,48,"208451_s_at"
20260644,5,49,"218350_s_at"
20260644,5,50,"210692_s_at"
20260644,5,51,"204240_s_at"
20260644,5,52,"204962_s_at"
20260644,5,53,"200934_at"
20260644,5,54,"206391_at"
20260644,5,55,"214431_at"
20260644,5,56,"209791_at"
20260644,5,57,"216092_s_at"
20260644,5,58,"209623_at"
20260644,5,59,"221203_s_at"
20260644,5,60,"221872_at"
20260644,5,61,"203929_s_at"
20260644,5,62,"215729_s_at"
20260644,5,63,"216237_s_at"
20260644,5,64,"209781_s_at"
20260644,5,65,"206023_at"
20260644,5,66,"201970_s_at"
20260644,5,67,"218755_at"
20260644,5,68,"206392_s_at"
20260644,5,69,"200052_s_at"
20260644,5,70,"204023_at"
20260644,5,71,"202263_at"
20260644,5,72,"219686_at"
20260644,5,73,"201231_s_at"
20260644,5,74,"211714_x_at"
20260644,5,75,"219752_at"
20260644,5,76,"202107_s_at"
20260644,5,77,"210024_s_at"
20260644,5,78,"212219_at"
20260644,5,79,"218726_at"
20260644,5,80,"210074_at"
20260644,5,81,"205193_at"
20260644,5,82,"209026_x_at"
20260644,5,83,"203066_at"
20260644,5,84,"202341_s_at"
20260644,5,85,"205696_s_at"
20260644,5,86,"206869_at"
20260644,5,87,"201555_at"
20260644,5,88,"214746_s_at"
20260644,5,89,"213249_at"
20260644,5,90,"204600_at"
20260644,5,91,"209290_s_at"
20260644,5,92,"214053_at"
20260644,5,93,"206373_at"
20260644,5,94,"202589_at"
20260644,5,95,"213029_at"
20260644,5,96,"219197_s_at"
20260644,5,97,"212022_s_at"
20260644,5,98,"204203_at"
20260644,5,99,"266_s_at"
20260644,5,100,"211084_x_at"
20260645,1,1,"204750_s_at"
20260645,1,2,"210084_x_at"
20260645,1,3,"204825_at"
20260645,1,4,"202293_at"
20260645,1,5,"203693_s_at"
20260645,1,6,"204400_at"
20260645,1,7,"200052_s_at"
20260645,1,8,"204822_at"
20260645,1,9,"210074_at"
20260645,1,10,"210052_s_at"
20260645,1,11,"222039_at"
20260645,1,12,"210024_s_at"
20260645,1,13,"202933_s_at"
20260645,1,14,"205225_at"
20260645,1,15,"205548_s_at"
20260645,1,16,"203702_s_at"
20260645,1,17,"212099_at"
20260645,1,18,"213134_x_at"
20260645,1,19,"218211_s_at"
20260645,1,20,"209204_at"
20260645,1,21,"202932_at"
20260645,1,22,"216092_s_at"
20260645,1,23,"218902_at"
20260645,1,24,"202589_at"
20260645,1,25,"200755_s_at"
20260645,1,26,"212956_at"
20260645,1,27,"216603_at"
20260645,1,28,"222275_at"
20260645,1,29,"204775_at"
20260645,1,30,"209623_at"
20260645,1,31,"218236_s_at"
20260645,1,32,"201407_s_at"
20260645,1,33,"212960_at"
20260645,1,34,"200934_at"
20260645,1,35,"209832_s_at"
20260645,1,36,"204061_at"
20260645,1,37,"205044_at"
20260645,1,38,"206194_at"
20260645,1,39,"202107_s_at"
20260645,1,40,"204623_at"
20260645,1,41,"203999_at"
20260645,1,42,"204962_s_at"
20260645,1,43,"202412_s_at"
20260645,1,44,"217744_s_at"
20260645,1,45,"206869_at"
20260645,1,46,"202483_s_at"
20260645,1,47,"218259_at"
20260645,1,48,"219051_x_at"
20260645,1,49,"209604_s_at"
20260645,1,50,"203226_s_at"
20260645,1,51,"200718_s_at"
20260645,1,52,"206392_s_at"
20260645,1,53,"204315_s_at"
20260645,1,54,"202870_s_at"
20260645,1,55,"214428_x_at"
20260645,1,56,"209173_at"
20260645,1,57,"203038_at"
20260645,1,58,"204493_at"
20260645,1,59,"209421_at"
20260645,1,60,"202690_s_at"
20260645,1,61,"212330_at"
20260645,1,62,"201930_at"
20260645,1,63,"219197_s_at"
20260645,1,64,"211534_x_at"
20260645,1,65,"218886_at"
20260645,1,66,"211931_s_at"
20260645,1,67,"203126_at"
20260645,1,68,"201555_at"
20260645,1,69,"215623_x_at"
20260645,1,70,"221934_s_at"
20260645,1,71,"201231_s_at"
20260645,1,72,"213032_at"
20260645,1,73,"214440_at"
20260645,1,74,"209289_at"
20260645,1,75,"203418_at"
20260645,1,76,"209408_at"
20260645,1,77,"203397_s_at"
20260645,1,78,"208451_s_at"
20260645,1,79,"216685_s_at"
20260645,1,80,"204799_at"
20260645,1,81,"216237_s_at"
20260645,1,82,"206373_at"
20260645,1,83,"208854_s_at"
20260645,1,84,"221524_s_at"
20260645,1,85,"201938_at"
20260645,1,86,"204767_s_at"
20260645,1,87,"201663_s_at"
20260645,1,88,"203358_s_at"
20260645,1,89,"218738_s_at"
20260645,1,90,"202134_s_at"
20260645,1,91,"209109_s_at"
20260645,1,92,"209290_s_at"
20260645,1,93,"210206_s_at"
20260645,1,94,"202752_x_at"
20260645,1,95,"217725_x_at"
20260645,1,96,"211235_s_at"
20260645,1,97,"209747_at"
20260645,1,98,"221436_s_at"
20260645,1,99,"221258_s_at"
20260645,1,100,"221986_s_at"
20260645,2,1,"205225_at"
20260645,2,2,"204750_s_at"
20260645,2,3,"204825_at"
20260645,2,4,"212960_at"
20260645,2,5,"203693_s_at"
20260645,2,6,"212956_at"
20260645,2,7,"214440_at"
20260645,2,8,"202870_s_at"
20260645,2,9,"209644_x_at"
20260645,2,10,"210052_s_at"
20260645,2,11,"206392_s_at"
20260645,2,12,"214431_at"
20260645,2,13,"210735_s_at"
20260645,2,14,"206391_at"
20260645,2,15,"204623_at"
20260645,2,16,"204822_at"
20260645,2,17,"218211_s_at"
20260645,2,18,"214164_x_at"
20260645,2,19,"203963_at"
20260645,2,20,"218755_at"
20260645,2,21,"215867_x_at"
20260645,2,22,"213032_at"
20260645,2,23,"219197_s_at"
20260645,2,24,"219051_x_at"
20260645,2,25,"222275_at"
20260645,2,26,"204962_s_at"
20260645,2,27,"217838_s_at"
20260645,2,28,"209604_s_at"
20260645,2,29,"206373_at"
20260645,2,30,"201970_s_at"
20260645,2,31,"204315_s_at"
20260645,2,32,"211466_at"
20260645,2,33,"221872_at"
20260645,2,34,"200718_s_at"
20260645,2,35,"202240_at"
20260645,2,36,"215034_s_at"
20260645,2,37,"209289_at"
20260645,2,38,"207039_at"
20260645,2,39,"218542_at"
20260645,2,40,"219978_s_at"
20260645,2,41,"202263_at"
20260645,2,42,"213029_at"
20260645,2,43,"209122_at"
20260645,2,44,"212638_s_at"
20260645,2,45,"205548_s_at"
20260645,2,46,"216092_s_at"
20260645,2,47,"211467_s_at"
20260645,2,48,"213134_x_at"
20260645,2,49,"221524_s_at"
20260645,2,50,"209290_s_at"
20260645,2,51,"214053_at"
20260645,2,52,"202341_s_at"
20260645,2,53,"214109_at"
20260645,2,54,"209464_at"
20260645,2,55,"218259_at"
20260645,2,56,"209623_at"
20260645,2,57,"212022_s_at"
20260645,2,58,"202095_s_at"
20260645,2,59,"205696_s_at"
20260645,2,60,"202911_at"
20260645,2,61,"211714_x_at"
20260645,2,62,"202134_s_at"
20260645,2,63,"218009_s_at"
20260645,2,64,"202107_s_at"
20260645,2,65,"209408_at"
20260645,2,66,"221864_at"
20260645,2,67,"210084_x_at"
20260645,2,68,"205074_at"
20260645,2,69,"203702_s_at"
20260645,2,70,"212492_s_at"
20260645,2,71,"206194_at"
20260645,2,72,"203999_at"
20260645,2,73,"218726_at"
20260645,2,74,"205009_at"
20260645,2,75,"209386_at"
20260645,2,76,"218471_s_at"
20260645,2,77,"206869_at"
20260645,2,78,"214428_x_at"
20260645,2,79,"216381_x_at"
20260645,2,80,"200670_at"
20260645,2,81,"202088_at"
20260645,2,82,"213523_at"
20260645,2,83,"209204_at"
20260645,2,84,"221986_s_at"
20260645,2,85,"204304_s_at"
20260645,2,86,"201663_s_at"
20260645,2,87,"208451_s_at"
20260645,2,88,"219990_at"
20260645,2,89,"202204_s_at"
20260645,2,90,"202089_s_at"
20260645,2,91,"209173_at"
20260645,2,92,"218236_s_at"
20260645,2,93,"209421_at"
20260645,2,94,"209603_at"
20260645,2,95,"219752_at"
20260645,2,96,"221677_s_at"
20260645,2,97,"221203_s_at"
20260645,2,98,"201291_s_at"
20260645,2,99,"212099_at"
20260645,2,100,"205347_s_at"
20260645,3,1,"205548_s_at"
20260645,3,2,"204825_at"
20260645,3,3,"213134_x_at"
20260645,3,4,"218532_s_at"
20260645,3,5,"212099_at"
20260645,3,6,"221986_s_at"
20260645,3,7,"205225_at"
20260645,3,8,"201563_at"
20260645,3,9,"204750_s_at"
20260645,3,10,"202263_at"
20260645,3,11,"200011_s_at"
20260645,3,12,"214440_at"
20260645,3,13,"212960_at"
20260645,3,14,"203693_s_at"
20260645,3,15,"210084_x_at"
20260645,3,16,"218259_at"
20260645,3,17,"218902_at"
20260645,3,18,"222275_at"
20260645,3,19,"209114_at"
20260645,3,20,"209623_at"
20260645,3,21,"212956_at"
20260645,3,22,"218211_s_at"
20260645,3,23,"219051_x_at"
20260645,3,24,"208711_s_at"
20260645,3,25,"214428_x_at"
20260645,3,26,"209644_x_at"
20260645,3,27,"208451_s_at"
20260645,3,28,"200934_at"
20260645,3,29,"203999_at"
20260645,3,30,"203038_at"
20260645,3,31,"210052_s_at"
20260645,3,32,"219956_at"
20260645,3,33,"212492_s_at"
20260645,3,34,"204822_at"
20260645,3,35,"216092_s_at"
20260645,3,36,"209832_s_at"
20260645,3,37,"200718_s_at"
20260645,3,38,"209204_at"
20260645,3,39,"204012_s_at"
20260645,3,40,"205696_s_at"
20260645,3,41,"209604_s_at"
20260645,3,42,"203702_s_at"
20260645,3,43,"221864_at"
20260645,3,44,"213032_at"
20260645,3,45,"214053_at"
20260645,3,46,"207039_at"
20260645,3,47,"214109_at"
20260645,3,48,"216237_s_at"
20260645,3,49,"212330_at"
20260645,3,50,"212638_s_at"
20260645,3,51,"222256_s_at"
20260645,3,52,"221934_s_at"
20260645,3,53,"206373_at"
20260645,3,54,"202107_s_at"
20260645,3,55,"202134_s_at"
20260645,3,56,"201231_s_at"
20260645,3,57,"209289_at"
20260645,3,58,"206194_at"
20260645,3,59,"204493_at"
20260645,3,60,"221524_s_at"
20260645,3,61,"218726_at"
20260645,3,62,"209122_at"
20260645,3,63,"218236_s_at"
20260645,3,64,"201663_s_at"
20260645,3,65,"218164_at"
20260645,3,66,"202933_s_at"
20260645,3,67,"203712_at"
20260645,3,68,"213249_at"
20260645,3,69,"208712_at"
20260645,3,70,"219874_at"
20260645,3,71,"202870_s_at"
20260645,3,72,"209290_s_at"
20260645,3,73,"218394_at"
20260645,3,74,"202088_at"
20260645,3,75,"201664_at"
20260645,3,76,"214746_s_at"
20260645,3,77,"203418_at"
20260645,3,78,"206869_at"
20260645,3,79,"212265_at"
20260645,3,80,"204162_at"
20260645,3,81,"222039_at"
20260645,3,82,"218034_at"
20260645,3,83,"210024_s_at"
20260645,3,84,"209603_at"
20260645,3,85,"211712_s_at"
20260645,3,86,"209781_s_at"
20260645,3,87,"201923_at"
20260645,3,88,"213029_at"
20260645,3,89,"202589_at"
20260645,3,90,"201970_s_at"
20260645,3,91,"218065_s_at"
20260645,3,92,"218025_s_at"
20260645,3,93,"219268_at"
20260645,3,94,"210758_at"
20260645,3,95,"221872_at"
20260645,3,96,"211466_at"
20260645,3,97,"201562_s_at"
20260645,3,98,"205358_at"
20260645,3,99,"202412_s_at"
20260645,3,100,"221046_s_at"
20260645,4,1,"210084_x_at"
20260645,4,2,"204750_s_at"
20260645,4,3,"204825_at"
20260645,4,4,"204400_at"
20260645,4,5,"205225_at"
20260645,4,6,"203999_at"
20260645,4,7,"209204_at"
20260645,4,8,"215034_s_at"
20260645,4,9,"203702_s_at"
20260645,4,10,"210052_s_at"
20260645,4,11,"209289_at"
20260645,4,12,"205548_s_at"
20260645,4,13,"213134_x_at"
20260645,4,14,"218726_at"
20260645,4,15,"213032_at"
20260645,4,16,"209386_at"
20260645,4,17,"203038_at"
20260645,4,18,"204822_at"
20260645,4,19,"219051_x_at"
20260645,4,20,"209290_s_at"
20260645,4,21,"209387_s_at"
20260645,4,22,"214440_at"
20260645,4,23,"203693_s_at"
20260645,4,24,"221524_s_at"
20260645,4,25,"213029_at"
20260645,4,26,"212956_at"
20260645,4,27,"204962_s_at"
20260645,4,28,"218902_at"
20260645,4,29,"45633_at"
20260645,4,30,"212638_s_at"
20260645,4,31,"212099_at"
20260645,4,32,"209604_s_at"
20260645,4,33,"212960_at"
20260645,4,34,"214745_at"
20260645,4,35,"209832_s_at"
20260645,4,36,"214431_at"
20260645,4,37,"218532_s_at"
20260645,4,38,"214053_at"
20260645,4,39,"200052_s_at"
20260645,4,40,"219874_at"
20260645,4,41,"203712_at"
20260645,4,42,"219956_at"
20260645,4,43,"220238_s_at"
20260645,4,44,"222039_at"
20260645,4,45,"200718_s_at"
20260645,4,46,"206373_at"
20260645,4,47,"209642_at"
20260645,4,48,"222275_at"
20260645,4,49,"209623_at"
20260645,4,50,"209205_s_at"
20260645,4,51,"206754_s_at"
20260645,4,52,"221203_s_at"
20260645,4,53,"219752_at"
20260645,4,54,"204012_s_at"
20260645,4,55,"202870_s_at"
20260645,4,56,"203066_at"
20260645,4,57,"216237_s_at"
20260645,4,58,"211466_at"
20260645,4,59,"214164_x_at"
20260645,4,60,"202134_s_at"
20260645,4,61,"222118_at"
20260645,4,62,"217744_s_at"
20260645,4,63,"203692_s_at"
20260645,4,64,"209122_at"
20260645,4,65,"221934_s_at"
20260645,4,66,"219741_x_at"
20260645,4,67,"218211_s_at"
20260645,4,68,"202240_at"
20260645,4,69,"204623_at"
20260645,4,70,"202263_at"
20260645,4,71,"203963_at"
20260645,4,72,"215867_x_at"
20260645,4,73,"205696_s_at"
20260645,4,74,"219197_s_at"
20260645,4,75,"209781_s_at"
20260645,4,76,"218486_at"
20260645,4,77,"209408_at"
20260645,4,78,"219806_s_at"
20260645,4,79,"213260_at"
20260645,4,80,"203397_s_at"
20260645,4,81,"204767_s_at"
20260645,4,82,"206391_at"
20260645,4,83,"222158_s_at"
20260645,4,84,"202589_at"
20260645,4,85,"208022_s_at"
20260645,4,86,"208451_s_at"
20260645,4,87,"210735_s_at"
20260645,4,88,"208650_s_at"
20260645,4,89,"209644_x_at"
20260645,4,90,"210024_s_at"
20260645,4,91,"216092_s_at"
20260645,4,92,"221872_at"
20260645,4,93,"204240_s_at"
20260645,4,94,"202933_s_at"
20260645,4,95,"214428_x_at"
20260645,4,96,"203406_at"
20260645,4,97,"206392_s_at"
20260645,4,98,"201231_s_at"
20260645,4,99,"216603_at"
20260645,4,100,"204567_s_at"
20260645,5,1,"203999_at"
20260645,5,2,"205225_at"
20260645,5,3,"204750_s_at"
20260645,5,4,"212099_at"
20260645,5,5,"213134_x_at"
20260645,5,6,"213032_at"
20260645,5,7,"212956_at"
20260645,5,8,"204825_at"
20260645,5,9,"213029_at"
20260645,5,10,"209289_at"
20260645,5,11,"210084_x_at"
20260645,5,12,"200718_s_at"
20260645,5,13,"205548_s_at"
20260645,5,14,"203702_s_at"
20260645,5,15,"214431_at"
20260645,5,16,"214440_at"
20260645,5,17,"221524_s_at"
20260645,5,18,"212960_at"
20260645,5,19,"209290_s_at"
20260645,5,20,"203038_at"
20260645,5,21,"219874_at"
20260645,5,22,"221872_at"
20260645,5,23,"206194_at"
20260645,5,24,"201231_s_at"
20260645,5,25,"220540_at"
20260645,5,26,"206373_at"
20260645,5,27,"206391_at"
20260645,5,28,"206754_s_at"
20260645,5,29,"219051_x_at"
20260645,5,30,"219686_at"
20260645,5,31,"209604_s_at"
20260645,5,32,"212492_s_at"
20260645,5,33,"214109_at"
20260645,5,34,"204775_at"
20260645,5,35,"203066_at"
20260645,5,36,"202035_s_at"
20260645,5,37,"221012_s_at"
20260645,5,38,"215034_s_at"
20260645,5,39,"209204_at"
20260645,5,40,"206392_s_at"
20260645,5,41,"216092_s_at"
20260645,5,42,"202134_s_at"
20260645,5,43,"209114_at"
20260645,5,44,"214428_x_at"
20260645,5,45,"215729_s_at"
20260645,5,46,"208451_s_at"
20260645,5,47,"209623_at"
20260645,5,48,"203397_s_at"
20260645,5,49,"218976_at"
20260645,5,50,"216237_s_at"
20260645,5,51,"201754_at"
20260645,5,52,"218211_s_at"
20260645,5,53,"212925_at"
20260645,5,54,"210024_s_at"
20260645,5,55,"210052_s_at"
20260645,5,56,"203693_s_at"
20260645,5,57,"209791_at"
20260645,5,58,"218902_at"
20260645,5,59,"204822_at"
20260645,5,60,"204600_at"
20260645,5,61,"210096_at"
20260645,5,62,"209173_at"
20260645,5,63,"203712_at"
20260645,5,64,"203998_s_at"
20260645,5,65,"202870_s_at"
20260645,5,66,"222275_at"
20260645,5,67,"219984_s_at"
20260645,5,68,"209603_at"
20260645,5,69,"212195_at"
20260645,5,70,"205696_s_at"
20260645,5,71,"204751_x_at"
20260645,5,72,"212219_at"
20260645,5,73,"214960_at"
20260645,5,74,"203256_at"
20260645,5,75,"203130_s_at"
20260645,5,76,"219752_at"
20260645,5,77,"212638_s_at"
20260645,5,78,"209832_s_at"
20260645,5,79,"221203_s_at"
20260645,5,80,"210735_s_at"
20260645,5,81,"218532_s_at"
20260645,5,82,"204493_at"
20260645,5,83,"209122_at"
20260645,5,84,"221253_s_at"
20260645,5,85,"205201_at"
20260645,5,86,"214164_x_at"
20260645,5,87,"212196_at"
20260645,5,88,"203963_at"
20260645,5,89,"206869_at"
20260645,5,90,"212441_at"
20260645,5,91,"211466_at"
20260645,5,92,"203143_s_at"
20260645,5,93,"218236_s_at"
20260645,5,94,"209781_s_at"
20260645,5,95,"204400_at"
20260645,5,96,"202263_at"
20260645,5,97,"203418_at"
20260645,5,98,"200960_x_at"
20260645,5,99,"218259_at"
20260645,5,100,"221823_at"
20260646,1,1,"203999_at"
20260646,1,2,"205225_at"
20260646,1,3,"204825_at"
20260646,1,4,"204750_s_at"
20260646,1,5,"212099_at"
20260646,1,6,"210052_s_at"
20260646,1,7,"219051_x_at"
20260646,1,8,"213134_x_at"
20260646,1,9,"214428_x_at"
20260646,1,10,"212330_at"
20260646,1,11,"216237_s_at"
20260646,1,12,"214440_at"
20260646,1,13,"219874_at"
20260646,1,14,"212956_at"
20260646,1,15,"203702_s_at"
20260646,1,16,"200718_s_at"
20260646,1,17,"209289_at"
20260646,1,18,"208451_s_at"
20260646,1,19,"221524_s_at"
20260646,1,20,"213032_at"
20260646,1,21,"212960_at"
20260646,1,22,"209204_at"
20260646,1,23,"209290_s_at"
20260646,1,24,"206754_s_at"
20260646,1,25,"209623_at"
20260646,1,26,"205548_s_at"
20260646,1,27,"204822_at"
20260646,1,28,"213029_at"
20260646,1,29,"222039_at"
20260646,1,30,"209604_s_at"
20260646,1,31,"210084_x_at"
20260646,1,32,"203143_s_at"
20260646,1,33,"203693_s_at"
20260646,1,34,"212638_s_at"
20260646,1,35,"202134_s_at"
20260646,1,36,"209747_at"
20260646,1,37,"206373_at"
20260646,1,38,"216092_s_at"
20260646,1,39,"202107_s_at"
20260646,1,40,"209122_at"
20260646,1,41,"222275_at"
20260646,1,42,"202263_at"
20260646,1,43,"206194_at"
20260646,1,44,"218259_at"
20260646,1,45,"220295_x_at"
20260646,1,46,"210024_s_at"
20260646,1,47,"203712_at"
20260646,1,48,"218211_s_at"
20260646,1,49,"201755_at"
20260646,1,50,"221823_at"
20260646,1,51,"204775_at"
20260646,1,52,"218542_at"
20260646,1,53,"209832_s_at"
20260646,1,54,"203418_at"
20260646,1,55,"221253_s_at"
20260646,1,56,"202870_s_at"
20260646,1,57,"203963_at"
20260646,1,58,"218976_at"
20260646,1,59,"204623_at"
20260646,1,60,"201930_at"
20260646,1,61,"205696_s_at"
20260646,1,62,"201231_s_at"
20260646,1,63,"218902_at"
20260646,1,64,"219956_at"
20260646,1,65,"222118_at"
20260646,1,66,"203571_s_at"
20260646,1,67,"214053_at"
20260646,1,68,"212492_s_at"
20260646,1,69,"214164_x_at"
20260646,1,70,"214431_at"
20260646,1,71,"209603_at"
20260646,1,72,"203038_at"
20260646,1,73,"209644_x_at"
20260646,1,74,"204012_s_at"
20260646,1,75,"221046_s_at"
20260646,1,76,"213627_at"
20260646,1,77,"218726_at"
20260646,1,78,"210735_s_at"
20260646,1,79,"220540_at"
20260646,1,80,"216603_at"
20260646,1,81,"204962_s_at"
20260646,1,82,"209114_at"
20260646,1,83,"200934_at"
20260646,1,84,"212022_s_at"
20260646,1,85,"212925_at"
20260646,1,86,"203397_s_at"
20260646,1,87,"212020_s_at"
20260646,1,88,"212196_at"
20260646,1,89,"211235_s_at"
20260646,1,90,"204400_at"
20260646,1,91,"221203_s_at"
20260646,1,92,"218692_at"
20260646,1,93,"202088_at"
20260646,1,94,"215867_x_at"
20260646,1,95,"204605_at"
20260646,1,96,"205009_at"
20260646,1,97,"209421_at"
20260646,1,98,"218532_s_at"
20260646,1,99,"214109_at"
20260646,1,100,"212441_at"
20260646,2,1,"204750_s_at"
20260646,2,2,"218532_s_at"
20260646,2,3,"205225_at"
20260646,2,4,"205548_s_at"
20260646,2,5,"212960_at"
20260646,2,6,"204825_at"
20260646,2,7,"210084_x_at"
20260646,2,8,"221524_s_at"
20260646,2,9,"210052_s_at"
20260646,2,10,"213134_x_at"
20260646,2,11,"204822_at"
20260646,2,12,"212956_at"
20260646,2,13,"200718_s_at"
20260646,2,14,"209204_at"
20260646,2,15,"212099_at"
20260646,2,16,"221203_s_at"
20260646,2,17,"203693_s_at"
20260646,2,18,"206391_at"
20260646,2,19,"221872_at"
20260646,2,20,"206392_s_at"
20260646,2,21,"202870_s_at"
20260646,2,22,"203999_at"
20260646,2,23,"218726_at"
20260646,2,24,"203702_s_at"
20260646,2,25,"214164_x_at"
20260646,2,26,"214109_at"
20260646,2,27,"218902_at"
20260646,2,28,"204962_s_at"
20260646,2,29,"214053_at"
20260646,2,30,"212022_s_at"
20260646,2,31,"201231_s_at"
20260646,2,32,"219197_s_at"
20260646,2,33,"215867_x_at"
20260646,2,34,"222275_at"
20260646,2,35,"202263_at"
20260646,2,36,"204023_at"
20260646,2,37,"209604_s_at"
20260646,2,38,"218211_s_at"
20260646,2,39,"205509_at"
20260646,2,40,"209623_at"
20260646,2,41,"209289_at"
20260646,2,42,"205696_s_at"
20260646,2,43,"201663_s_at"
20260646,2,44,"204012_s_at"
20260646,2,45,"219874_at"
20260646,2,46,"204400_at"
20260646,2,47,"213029_at"
20260646,2,48,"210735_s_at"
20260646,2,49,"214440_at"
20260646,2,50,"209290_s_at"
20260646,2,51,"202134_s_at"
20260646,2,52,"203963_at"
20260646,2,53,"212265_at"
20260646,2,54,"219051_x_at"
20260646,2,55,"218259_at"
20260646,2,56,"209644_x_at"
20260646,2,57,"214431_at"
20260646,2,58,"216092_s_at"
20260646,2,59,"203038_at"
20260646,2,60,"204775_at"
20260646,2,61,"218236_s_at"
20260646,2,62,"218755_at"
20260646,2,63,"210074_at"
20260646,2,64,"209642_at"
20260646,2,65,"206869_at"
20260646,2,66,"202589_at"
20260646,2,67,"213032_at"
20260646,2,68,"210096_at"
20260646,2,69,"202088_at"
20260646,2,70,"203712_at"
20260646,2,71,"216237_s_at"
20260646,2,72,"221986_s_at"
20260646,2,73,"202204_s_at"
20260646,2,74,"221934_s_at"
20260646,2,75,"222125_s_at"
20260646,2,76,"219752_at"
20260646,2,77,"203692_s_at"
20260646,2,78,"200783_s_at"
20260646,2,79,"222256_s_at"
20260646,2,80,"209109_s_at"
20260646,2,81,"212441_at"
20260646,2,82,"200934_at"
20260646,2,83,"212638_s_at"
20260646,2,84,"204203_at"
20260646,2,85,"218009_s_at"
20260646,2,86,"209791_at"
20260646,2,87,"218164_at"
20260646,2,88,"213249_at"
20260646,2,89,"206373_at"
20260646,2,90,"204568_at"
20260646,2,91,"222158_s_at"
20260646,2,92,"202089_s_at"
20260646,2,93,"201755_at"
20260646,2,94,"201116_s_at"
20260646,2,95,"204623_at"
20260646,2,96,"201976_s_at"
20260646,2,97,"205074_at"
20260646,2,98,"209122_at"
20260646,2,99,"203066_at"
20260646,2,100,"210024_s_at"
20260646,3,1,"204750_s_at"
20260646,3,2,"221986_s_at"
20260646,3,3,"203693_s_at"
20260646,3,4,"204825_at"
20260646,3,5,"205225_at"
20260646,3,6,"215034_s_at"
20260646,3,7,"210084_x_at"
20260646,3,8,"206194_at"
20260646,3,9,"209386_at"
20260646,3,10,"222275_at"
20260646,3,11,"214428_x_at"
20260646,3,12,"208451_s_at"
20260646,3,13,"213134_x_at"
20260646,3,14,"212956_at"
20260646,3,15,"205548_s_at"
20260646,3,16,"200718_s_at"
20260646,3,17,"218211_s_at"
20260646,3,18,"206373_at"
20260646,3,19,"209387_s_at"
20260646,3,20,"210052_s_at"
20260646,3,21,"202134_s_at"
20260646,3,22,"213032_at"
20260646,3,23,"209623_at"
20260646,3,24,"201407_s_at"
20260646,3,25,"204822_at"
20260646,3,26,"203999_at"
20260646,3,27,"200052_s_at"
20260646,3,28,"209604_s_at"
20260646,3,29,"201231_s_at"
20260646,3,30,"222039_at"
20260646,3,31,"214440_at"
20260646,3,32,"205074_at"
20260646,3,33,"212960_at"
20260646,3,34,"220239_at"
20260646,3,35,"218259_at"
20260646,3,36,"203780_at"
20260646,3,37,"212099_at"
20260646,3,38,"218886_at"
20260646,3,39,"210024_s_at"
20260646,3,40,"209408_at"
20260646,3,41,"203038_at"
20260646,3,42,"202341_s_at"
20260646,3,43,"209289_at"
20260646,3,44,"216603_at"
20260646,3,45,"213029_at"
20260646,3,46,"209173_at"
20260646,3,47,"200934_at"
20260646,3,48,"202933_s_at"
20260646,3,49,"201663_s_at"
20260646,3,50,"216092_s_at"
20260646,3,51,"219956_at"
20260646,3,52,"203702_s_at"
20260646,3,53,"203397_s_at"
20260646,3,54,"205597_at"
20260646,3,55,"214431_at"
20260646,3,56,"206392_s_at"
20260646,3,57,"204751_x_at"
20260646,3,58,"209421_at"
20260646,3,59,"215867_x_at"
20260646,3,60,"209290_s_at"
20260646,3,61,"204493_at"
20260646,3,62,"214164_x_at"
20260646,3,63,"205201_at"
20260646,3,64,"203418_at"
20260646,3,65,"202589_at"
20260646,3,66,"203712_at"
20260646,3,67,"218236_s_at"
20260646,3,68,"202263_at"
20260646,3,69,"209204_at"
20260646,3,70,"1438_at"
20260646,3,71,"219051_x_at"
20260646,3,72,"213523_at"
20260646,3,73,"204962_s_at"
20260646,3,74,"202690_s_at"
20260646,3,75,"202870_s_at"
20260646,3,76,"204400_at"
20260646,3,77,"213260_at"
20260646,3,78,"212492_s_at"
20260646,3,79,"204240_s_at"
20260646,3,80,"208682_s_at"
20260646,3,81,"218868_at"
20260646,3,82,"219631_at"
20260646,3,83,"203963_at"
20260646,3,84,"218902_at"
20260646,3,85,"202752_x_at"
20260646,3,86,"200755_s_at"
20260646,3,87,"210074_at"
20260646,3,88,"203066_at"
20260646,3,89,"211466_at"
20260646,3,90,"202932_at"
20260646,3,91,"202035_s_at"
20260646,3,92,"206391_at"
20260646,3,93,"209832_s_at"
20260646,3,94,"213476_x_at"
20260646,3,95,"209603_at"
20260646,3,96,"212638_s_at"
20260646,3,97,"203928_x_at"
20260646,3,98,"221872_at"
20260646,3,99,"210735_s_at"
20260646,3,100,"204667_at"
20260646,4,1,"204750_s_at"
20260646,4,2,"204825_at"
20260646,4,3,"210084_x_at"
20260646,4,4,"209832_s_at"
20260646,4,5,"205225_at"
20260646,4,6,"209644_x_at"
20260646,4,7,"205548_s_at"
20260646,4,8,"213134_x_at"
20260646,4,9,"214440_at"
20260646,4,10,"207039_at"
20260646,4,11,"209204_at"
20260646,4,12,"213032_at"
20260646,4,13,"214431_at"
20260646,4,14,"213029_at"
20260646,4,15,"212956_at"
20260646,4,16,"209289_at"
20260646,4,17,"212099_at"
20260646,4,18,"209781_s_at"
20260646,4,19,"219051_x_at"
20260646,4,20,"205696_s_at"
20260646,4,21,"205347_s_at"
20260646,4,22,"209290_s_at"
20260646,4,23,"202870_s_at"
20260646,4,24,"203999_at"
20260646,4,25,"203693_s_at"
20260646,4,26,"210052_s_at"
20260646,4,27,"216685_s_at"
20260646,4,28,"212960_at"
20260646,4,29,"218211_s_at"
20260646,4,30,"204822_at"
20260646,4,31,"206373_at"
20260646,4,32,"201970_s_at"
20260646,4,33,"206391_at"
20260646,4,34,"221872_at"
20260646,4,35,"218065_s_at"
20260646,4,36,"204400_at"
20260646,4,37,"201938_at"
20260646,4,38,"209604_s_at"
20260646,4,39,"203038_at"
20260646,4,40,"209421_at"
20260646,4,41,"202933_s_at"
20260646,4,42,"202240_at"
20260646,4,43,"202107_s_at"
20260646,4,44,"215034_s_at"
20260646,4,45,"221864_at"
20260646,4,46,"204315_s_at"
20260646,4,47,"208711_s_at"
20260646,4,48,"210735_s_at"
20260646,4,49,"212492_s_at"
20260646,4,50,"219197_s_at"
20260646,4,51,"221677_s_at"
20260646,4,52,"200052_s_at"
20260646,4,53,"216092_s_at"
20260646,4,54,"222039_at"
20260646,4,55,"206392_s_at"
20260646,4,56,"209122_at"
20260646,4,57,"218755_at"
20260646,4,58,"216237_s_at"
20260646,4,59,"203066_at"
20260646,4,60,"218259_at"
20260646,4,61,"204050_s_at"
20260646,4,62,"200718_s_at"
20260646,4,63,"204962_s_at"
20260646,4,64,"208941_s_at"
20260646,4,65,"200960_x_at"
20260646,4,66,"209408_at"
20260646,4,67,"202263_at"
20260646,4,68,"214053_at"
20260646,4,69,"209386_at"
20260646,4,70,"209114_at"
20260646,4,71,"200011_s_at"
20260646,4,72,"206869_at"
20260646,4,73,"210085_s_at"
20260646,4,74,"204623_at"
20260646,4,75,"212638_s_at"
20260646,4,76,"203571_s_at"
20260646,4,77,"213523_at"
20260646,4,78,"218726_at"
20260646,4,79,"204695_at"
20260646,4,80,"202589_at"
20260646,4,81,"219874_at"
20260646,4,82,"212195_at"
20260646,4,83,"203418_at"
20260646,4,84,"218532_s_at"
20260646,4,85,"214428_x_at"
20260646,4,86,"219752_at"
20260646,4,87,"209623_at"
20260646,4,88,"201231_s_at"
20260646,4,89,"211466_at"
20260646,4,90,"212022_s_at"
20260646,4,91,"214164_x_at"
20260646,4,92,"221203_s_at"
20260646,4,93,"201663_s_at"
20260646,4,94,"203702_s_at"
20260646,4,95,"215867_x_at"
20260646,4,96,"202932_at"
20260646,4,97,"218902_at"
20260646,4,98,"203963_at"
20260646,4,99,"202233_s_at"
20260646,4,100,"212330_at"
20260646,5,1,"203702_s_at"
20260646,5,2,"204750_s_at"
20260646,5,3,"205225_at"
20260646,5,4,"214440_at"
20260646,5,5,"204825_at"
20260646,5,6,"211466_at"
20260646,5,7,"203999_at"
20260646,5,8,"212492_s_at"
20260646,5,9,"203693_s_at"
20260646,5,10,"219051_x_at"
20260646,5,11,"216092_s_at"
20260646,5,12,"218236_s_at"
20260646,5,13,"212956_at"
20260646,5,14,"213032_at"
20260646,5,15,"222275_at"
20260646,5,16,"204400_at"
20260646,5,17,"204623_at"
20260646,5,18,"204315_s_at"
20260646,5,19,"209114_at"
20260646,5,20,"212638_s_at"
20260646,5,21,"212960_at"
20260646,5,22,"219752_at"
20260646,5,23,"213134_x_at"
20260646,5,24,"218211_s_at"
20260646,5,25,"209623_at"
20260646,5,26,"218902_at"
20260646,5,27,"206869_at"
20260646,5,28,"209289_at"
20260646,5,29,"210084_x_at"
20260646,5,30,"204822_at"
20260646,5,31,"200934_at"
20260646,5,32,"221934_s_at"
20260646,5,33,"218164_at"
20260646,5,34,"218726_at"
20260646,5,35,"206194_at"
20260646,5,36,"221524_s_at"
20260646,5,37,"209781_s_at"
20260646,5,38,"206391_at"
20260646,5,39,"209122_at"
20260646,5,40,"209604_s_at"
20260646,5,41,"205548_s_at"
20260646,5,42,"211084_x_at"
20260646,5,43,"210074_at"
20260646,5,44,"206373_at"
20260646,5,45,"202933_s_at"
20260646,5,46,"212099_at"
20260646,5,47,"210052_s_at"
20260646,5,48,"209204_at"
20260646,5,49,"216381_x_at"
20260646,5,50,"202134_s_at"
20260646,5,51,"206392_s_at"
20260646,5,52,"202752_x_at"
20260646,5,53,"202589_at"
20260646,5,54,"215034_s_at"
20260646,5,55,"221872_at"
20260646,5,56,"202870_s_at"
20260646,5,57,"204962_s_at"
20260646,5,58,"214431_at"
20260646,5,59,"209290_s_at"
20260646,5,60,"208451_s_at"
20260646,5,61,"203038_at"
20260646,5,62,"214109_at"
20260646,5,63,"202412_s_at"
20260646,5,64,"220238_s_at"
20260646,5,65,"208022_s_at"
20260646,5,66,"214428_x_at"
20260646,5,67,"202413_s_at"
20260646,5,68,"209386_at"
20260646,5,69,"214745_at"
20260646,5,70,"209644_x_at"
20260646,5,71,"219874_at"
20260646,5,72,"201754_at"
20260646,5,73,"200011_s_at"
20260646,5,74,"205044_at"
20260646,5,75,"217838_s_at"
20260646,5,76,"201563_at"
20260646,5,77,"213260_at"
20260646,5,78,"202263_at"
20260646,5,79,"206754_s_at"
20260646,5,80,"208650_s_at"
20260646,5,81,"221986_s_at"
20260646,5,82,"204667_at"
20260646,5,83,"213523_at"
20260646,5,84,"213029_at"
20260646,5,85,"203788_s_at"
20260646,5,86,"209387_s_at"
20260646,5,87,"202107_s_at"
20260646,5,88,"204304_s_at"
20260646,5,89,"214053_at"
20260646,5,90,"218542_at"
20260646,5,91,"204012_s_at"
20260646,5,92,"209173_at"
20260646,5,93,"209603_at"
20260646,5,94,"200718_s_at"
20260646,5,95,"207011_s_at"
20260646,5,96,"201970_s_at"
20260646,5,97,"212265_at"
20260646,5,98,"203929_s_at"
20260646,5,99,"221864_at"
20260646,5,100,"209832_s_at"
20260647,1,1,"204750_s_at"
20260647,1,2,"203999_at"
20260647,1,3,"213134_x_at"
20260647,1,4,"205225_at"
20260647,1,5,"221986_s_at"
20260647,1,6,"205548_s_at"
20260647,1,7,"204825_at"
20260647,1,8,"206373_at"
20260647,1,9,"202263_at"
20260647,1,10,"212099_at"
20260647,1,11,"203038_at"
20260647,1,12,"222275_at"
20260647,1,13,"214440_at"
20260647,1,14,"204775_at"
20260647,1,15,"212960_at"
20260647,1,16,"209289_at"
20260647,1,17,"221524_s_at"
20260647,1,18,"219874_at"
20260647,1,19,"209122_at"
20260647,1,20,"203702_s_at"
20260647,1,21,"203693_s_at"
20260647,1,22,"210084_x_at"
20260647,1,23,"204400_at"
20260647,1,24,"213032_at"
20260647,1,25,"213029_at"
20260647,1,26,"219051_x_at"
20260647,1,27,"212956_at"
20260647,1,28,"210024_s_at"
20260647,1,29,"209290_s_at"
20260647,1,30,"210052_s_at"
20260647,1,31,"218211_s_at"
20260647,1,32,"204822_at"
20260647,1,33,"214431_at"
20260647,1,34,"218259_at"
20260647,1,35,"214428_x_at"
20260647,1,36,"218902_at"
20260647,1,37,"209204_at"
20260647,1,38,"200718_s_at"
20260647,1,39,"209623_at"
20260647,1,40,"200934_at"
20260647,1,41,"206754_s_at"
20260647,1,42,"200011_s_at"
20260647,1,43,"205696_s_at"
20260647,1,44,"202134_s_at"
20260647,1,45,"212492_s_at"
20260647,1,46,"201231_s_at"
20260647,1,47,"208451_s_at"
20260647,1,48,"202870_s_at"
20260647,1,49,"202107_s_at"
20260647,1,50,"210074_at"
20260647,1,51,"218450_at"
20260647,1,52,"215034_s_at"
20260647,1,53,"212638_s_at"
20260647,1,54,"221934_s_at"
20260647,1,55,"218394_at"
20260647,1,56,"209604_s_at"
20260647,1,57,"203418_at"
20260647,1,58,"203143_s_at"
20260647,1,59,"221203_s_at"
20260647,1,60,"216092_s_at"
20260647,1,61,"219956_at"
20260647,1,62,"214053_at"
20260647,1,63,"219686_at"
20260647,1,64,"214109_at"
20260647,1,65,"216237_s_at"
20260647,1,66,"206392_s_at"
20260647,1,67,"204962_s_at"
20260647,1,68,"204493_at"
20260647,1,69,"206194_at"
20260647,1,70,"209781_s_at"
20260647,1,71,"218236_s_at"
20260647,1,72,"206391_at"
20260647,1,73,"213033_s_at"
20260647,1,74,"209114_at"
20260647,1,75,"209421_at"
20260647,1,76,"203073_at"
20260647,1,77,"221872_at"
20260647,1,78,"209832_s_at"
20260647,1,79,"222039_at"
20260647,1,80,"203256_at"
20260647,1,81,"203397_s_at"
20260647,1,82,"216603_at"
20260647,1,83,"40093_at"
20260647,1,84,"200052_s_at"
20260647,1,85,"202589_at"
20260647,1,86,"209747_at"
20260647,1,87,"202933_s_at"
20260647,1,88,"203712_at"
20260647,1,89,"201938_at"
20260647,1,90,"218856_at"
20260647,1,91,"205472_s_at"
20260647,1,92,"204623_at"
20260647,1,93,"204751_x_at"
20260647,1,94,"211235_s_at"
20260647,1,95,"218164_at"
20260647,1,96,"203928_x_at"
20260647,1,97,"205186_at"
20260647,1,98,"201754_at"
20260647,1,99,"218532_s_at"
20260647,1,100,"204315_s_at"
20260647,2,1,"205225_at"
20260647,2,2,"210084_x_at"
20260647,2,3,"214440_at"
20260647,2,4,"205548_s_at"
20260647,2,5,"212956_at"
20260647,2,6,"204750_s_at"
20260647,2,7,"212960_at"
20260647,2,8,"209604_s_at"
20260647,2,9,"213134_x_at"
20260647,2,10,"212099_at"
20260647,2,11,"218211_s_at"
20260647,2,12,"204825_at"
20260647,2,13,"209822_s_at"
20260647,2,14,"212265_at"
20260647,2,15,"218976_at"
20260647,2,16,"203702_s_at"
20260647,2,17,"209623_at"
20260647,2,18,"219051_x_at"
20260647,2,19,"212492_s_at"
20260647,2,20,"218259_at"
20260647,2,21,"202088_at"
20260647,2,22,"206391_at"
20260647,2,23,"221524_s_at"
20260647,2,24,"203999_at"
20260647,2,25,"203693_s_at"
20260647,2,26,"200718_s_at"
20260647,2,27,"221203_s_at"
20260647,2,28,"209603_at"
20260647,2,29,"202134_s_at"
20260647,2,30,"214164_x_at"
20260647,2,31,"210052_s_at"
20260647,2,32,"218532_s_at"
20260647,2,33,"217838_s_at"
20260647,2,34,"205696_s_at"
20260647,2,35,"204822_at"
20260647,2,36,"211235_s_at"
20260647,2,37,"206869_at"
20260647,2,38,"221872_at"
20260647,2,39,"203963_at"
20260647,2,40,"206392_s_at"
20260647,2,41,"213032_at"
20260647,2,42,"209114_at"
20260647,2,43,"212638_s_at"
20260647,2,44,"209289_at"
20260647,2,45,"216092_s_at"
20260647,2,46,"202089_s_at"
20260647,2,47,"210735_s_at"
20260647,2,48,"215867_x_at"
20260647,2,49,"212196_at"
20260647,2,50,"209408_at"
20260647,2,51,"205009_at"
20260647,2,52,"204623_at"
20260647,2,53,"209290_s_at"
20260647,2,54,"222275_at"
20260647,2,55,"201231_s_at"
20260647,2,56,"209173_at"
20260647,2,57,"50965_at"
20260647,2,58,"202341_s_at"
20260647,2,59,"206373_at"
20260647,2,60,"214053_at"
20260647,2,61,"202870_s_at"
20260647,2,62,"218902_at"
20260647,2,63,"213029_at"
20260647,2,64,"203038_at"
20260647,2,65,"204315_s_at"
20260647,2,66,"216381_x_at"
20260647,2,67,"218164_at"
20260647,2,68,"212263_at"
20260647,2,69,"204667_at"
20260647,2,70,"205186_at"
20260647,2,71,"210085_s_at"
20260647,2,72,"220295_x_at"
20260647,2,73,"214428_x_at"
20260647,2,74,"212195_at"
20260647,2,75,"208451_s_at"
20260647,2,76,"203773_x_at"
20260647,2,77,"218483_s_at"
20260647,2,78,"203788_s_at"
20260647,2,79,"206754_s_at"
20260647,2,80,"202263_at"
20260647,2,81,"211466_at"
20260647,2,82,"219752_at"
20260647,2,83,"209204_at"
20260647,2,84,"201976_s_at"
20260647,2,85,"212181_s_at"
20260647,2,86,"218236_s_at"
20260647,2,87,"216237_s_at"
20260647,2,88,"204304_s_at"
20260647,2,89,"201990_s_at"
20260647,2,90,"214431_at"
20260647,2,91,"209602_s_at"
20260647,2,92,"206194_at"
20260647,2,93,"219197_s_at"
20260647,2,94,"204012_s_at"
20260647,2,95,"209791_at"
20260647,2,96,"202204_s_at"
20260647,2,97,"211712_s_at"
20260647,2,98,"222125_s_at"
20260647,2,99,"204962_s_at"
20260647,2,100,"204508_s_at"
20260647,3,1,"204750_s_at"
20260647,3,2,"205225_at"
20260647,3,3,"215034_s_at"
20260647,3,4,"203693_s_at"
20260647,3,5,"204825_at"
20260647,3,6,"208451_s_at"
20260647,3,7,"200718_s_at"
20260647,3,8,"214428_x_at"
20260647,3,9,"213032_at"
20260647,3,10,"222275_at"
20260647,3,11,"203999_at"
20260647,3,12,"210084_x_at"
20260647,3,13,"209204_at"
20260647,3,14,"221986_s_at"
20260647,3,15,"209386_at"
20260647,3,16,"209604_s_at"
20260647,3,17,"201563_at"
20260647,3,18,"206194_at"
20260647,3,19,"206373_at"
20260647,3,20,"214431_at"
20260647,3,21,"209781_s_at"
20260647,3,22,"221524_s_at"
20260647,3,23,"202134_s_at"
20260647,3,24,"209644_x_at"
20260647,3,25,"212956_at"
20260647,3,26,"211466_at"
20260647,3,27,"209421_at"
20260647,3,28,"203702_s_at"
20260647,3,29,"205548_s_at"
20260647,3,30,"214109_at"
20260647,3,31,"214440_at"
20260647,3,32,"216092_s_at"
20260647,3,33,"209387_s_at"
20260647,3,34,"202035_s_at"
20260647,3,35,"35666_at"
20260647,3,36,"204775_at"
20260647,3,37,"204050_s_at"
20260647,3,38,"210052_s_at"
20260647,3,39,"209289_at"
20260647,3,40,"213134_x_at"
20260647,3,41,"213029_at"
20260647,3,42,"218211_s_at"
20260647,3,43,"204822_at"
20260647,3,44,"212099_at"
20260647,3,45,"218486_at"
20260647,3,46,"212492_s_at"
20260647,3,47,"209290_s_at"
20260647,3,48,"203066_at"
20260647,3,49,"212660_at"
20260647,3,50,"201970_s_at"
20260647,3,51,"205696_s_at"
20260647,3,52,"211084_x_at"
20260647,3,53,"218902_at"
20260647,3,54,"204962_s_at"
20260647,3,55,"220238_s_at"
20260647,3,56,"200052_s_at"
20260647,3,57,"204400_at"
20260647,3,58,"202870_s_at"
20260647,3,59,"200011_s_at"
20260647,3,60,"206869_at"
20260647,3,61,"204751_x_at"
20260647,3,62,"203397_s_at"
20260647,3,63,"212960_at"
20260647,3,64,"205569_at"
20260647,3,65,"205074_at"
20260647,3,66,"219741_x_at"
20260647,3,67,"212219_at"
20260647,3,68,"201923_at"
20260647,3,69,"212638_s_at"
20260647,3,70,"218236_s_at"
20260647,3,71,"219051_x_at"
20260647,3,72,"218726_at"
20260647,3,73,"211467_s_at"
20260647,3,74,"203038_at"
20260647,3,75,"202341_s_at"
20260647,3,76,"209114_at"
20260647,3,77,"214746_s_at"
20260647,3,78,"217744_s_at"
20260647,3,79,"213249_at"
20260647,3,80,"216640_s_at"
20260647,3,81,"218755_at"
20260647,3,82,"209832_s_at"
20260647,3,83,"40093_at"
20260647,3,84,"210758_at"
20260647,3,85,"216603_at"
20260647,3,86,"200934_at"
20260647,3,87,"208711_s_at"
20260647,3,88,"201754_at"
20260647,3,89,"216685_s_at"
20260647,3,90,"209109_s_at"
20260647,3,91,"204623_at"
20260647,3,92,"201663_s_at"
20260647,3,93,"211450_s_at"
20260647,3,94,"206392_s_at"
20260647,3,95,"202589_at"
20260647,3,96,"203130_s_at"
20260647,3,97,"209122_at"
20260647,3,98,"202932_at"
20260647,3,99,"202933_s_at"
20260647,3,100,"222039_at"
20260647,4,1,"204825_at"
20260647,4,2,"204750_s_at"
20260647,4,3,"210052_s_at"
20260647,4,4,"212960_at"
20260647,4,5,"209204_at"
20260647,4,6,"204822_at"
20260647,4,7,"222039_at"
20260647,4,8,"205225_at"
20260647,4,9,"212022_s_at"
20260647,4,10,"203693_s_at"
20260647,4,11,"202870_s_at"
20260647,4,12,"213134_x_at"
20260647,4,13,"212956_at"
20260647,4,14,"216092_s_at"
20260647,4,15,"209623_at"
20260647,4,16,"202107_s_at"
20260647,4,17,"200718_s_at"
20260647,4,18,"201231_s_at"
20260647,4,19,"205548_s_at"
20260647,4,20,"209832_s_at"
20260647,4,21,"218886_at"
20260647,4,22,"206392_s_at"
20260647,4,23,"204012_s_at"
20260647,4,24,"204623_at"
20260647,4,25,"210735_s_at"
20260647,4,26,"213032_at"
20260647,4,27,"201177_s_at"
20260647,4,28,"218726_at"
20260647,4,29,"200960_x_at"
20260647,4,30,"218211_s_at"
20260647,4,31,"200934_at"
20260647,4,32,"202911_at"
20260647,4,33,"214164_x_at"
20260647,4,34,"209289_at"
20260647,4,35,"221872_at"
20260647,4,36,"201663_s_at"
20260647,4,37,"218542_at"
20260647,4,38,"209290_s_at"
20260647,4,39,"213029_at"
20260647,4,40,"212099_at"
20260647,4,41,"202589_at"
20260647,4,42,"219051_x_at"
20260647,4,43,"204962_s_at"
20260647,4,44,"203702_s_at"
20260647,4,45,"214440_at"
20260647,4,46,"203999_at"
20260647,4,47,"206194_at"
20260647,4,48,"204023_at"
20260647,4,49,"213523_at"
20260647,4,50,"218009_s_at"
20260647,4,51,"210024_s_at"
20260647,4,52,"215867_x_at"
20260647,4,53,"218238_at"
20260647,4,54,"202263_at"
20260647,4,55,"202752_x_at"
20260647,4,56,"219874_at"
20260647,4,57,"203712_at"
20260647,4,58,"216237_s_at"
20260647,4,59,"206391_at"
20260647,4,60,"214053_at"
20260647,4,61,"209644_x_at"
20260647,4,62,"212638_s_at"
20260647,4,63,"219197_s_at"
20260647,4,64,"214431_at"
20260647,4,65,"201930_at"
20260647,4,66,"203418_at"
20260647,4,67,"203226_s_at"
20260647,4,68,"221203_s_at"
20260647,4,69,"203963_at"
20260647,4,70,"202412_s_at"
20260647,4,71,"210084_x_at"
20260647,4,72,"201664_at"
20260647,4,73,"218236_s_at"
20260647,4,74,"207039_at"
20260647,4,75,"201938_at"
20260647,4,76,"212441_at"
20260647,4,77,"222275_at"
20260647,4,78,"221253_s_at"
20260647,4,79,"201407_s_at"
20260647,4,80,"219275_at"
20260647,4,81,"204317_at"
20260647,4,82,"202240_at"
20260647,4,83,"203358_s_at"
20260647,4,84,"218755_at"
20260647,4,85,"204318_s_at"
20260647,4,86,"209408_at"
20260647,4,87,"206869_at"
20260647,4,88,"211466_at"
20260647,4,89,"202690_s_at"
20260647,4,90,"206754_s_at"
20260647,4,91,"221677_s_at"
20260647,4,92,"208682_s_at"
20260647,4,93,"207828_s_at"
20260647,4,94,"219752_at"
20260647,4,95,"219990_at"
20260647,4,96,"218902_at"
20260647,4,97,"216603_at"
20260647,4,98,"200670_at"
20260647,4,99,"205074_at"
20260647,4,100,"203038_at"
20260647,5,1,"204400_at"
20260647,5,2,"210084_x_at"
20260647,5,3,"204825_at"
20260647,5,4,"204750_s_at"
20260647,5,5,"205225_at"
20260647,5,6,"209644_x_at"
20260647,5,7,"215034_s_at"
20260647,5,8,"218726_at"
20260647,5,9,"219051_x_at"
20260647,5,10,"210052_s_at"
20260647,5,11,"218259_at"
20260647,5,12,"203702_s_at"
20260647,5,13,"204822_at"
20260647,5,14,"220238_s_at"
20260647,5,15,"203693_s_at"
20260647,5,16,"212099_at"
20260647,5,17,"205201_at"
20260647,5,18,"209387_s_at"
20260647,5,19,"203999_at"
20260647,5,20,"208022_s_at"
20260647,5,21,"213134_x_at"
20260647,5,22,"209386_at"
20260647,5,23,"221864_at"
20260647,5,24,"202483_s_at"
20260647,5,25,"209289_at"
20260647,5,26,"216237_s_at"
20260647,5,27,"209204_at"
20260647,5,28,"207039_at"
20260647,5,29,"212956_at"
20260647,5,30,"213032_at"
20260647,5,31,"209832_s_at"
20260647,5,32,"205548_s_at"
20260647,5,33,"212330_at"
20260647,5,34,"209604_s_at"
20260647,5,35,"214440_at"
20260647,5,36,"204315_s_at"
20260647,5,37,"200052_s_at"
20260647,5,38,"203929_s_at"
20260647,5,39,"204962_s_at"
20260647,5,40,"218902_at"
20260647,5,41,"212960_at"
20260647,5,42,"210074_at"
20260647,5,43,"209623_at"
20260647,5,44,"213029_at"
20260647,5,45,"206373_at"
20260647,5,46,"209408_at"
20260647,5,47,"200783_s_at"
20260647,5,48,"214745_at"
20260647,5,49,"209290_s_at"
20260647,5,50,"219752_at"
20260647,5,51,"202870_s_at"
20260647,5,52,"222275_at"
20260647,5,53,"221872_at"
20260647,5,54,"205296_at"
20260647,5,55,"206391_at"
20260647,5,56,"202589_at"
20260647,5,57,"205347_s_at"
20260647,5,58,"209443_at"
20260647,5,59,"209114_at"
20260647,5,60,"214431_at"
20260647,5,61,"220295_x_at"
20260647,5,62,"203571_s_at"
20260647,5,63,"203692_s_at"
20260647,5,64,"202933_s_at"
20260647,5,65,"218532_s_at"
20260647,5,66,"219956_at"
20260647,5,67,"216092_s_at"
20260647,5,68,"203397_s_at"
20260647,5,69,"206194_at"
20260647,5,70,"218211_s_at"
20260647,5,71,"219197_s_at"
20260647,5,72,"203712_at"
20260647,5,73,"202263_at"
20260647,5,74,"219874_at"
20260647,5,75,"212638_s_at"
20260647,5,76,"214428_x_at"
20260647,5,77,"222039_at"
20260647,5,78,"202107_s_at"
20260647,5,79,"206392_s_at"
20260647,5,80,"221986_s_at"
20260647,5,81,"218164_at"
20260647,5,82,"208711_s_at"
20260647,5,83,"221524_s_at"
20260647,5,84,"209122_at"
20260647,5,85,"212022_s_at"
20260647,5,86,"201663_s_at"
20260647,5,87,"208451_s_at"
20260647,5,88,"213346_at"
20260647,5,89,"214053_at"
20260647,5,90,"209642_at"
20260647,5,91,"202134_s_at"
20260647,5,92,"214164_x_at"
20260647,5,93,"209173_at"
20260647,5,94,"203038_at"
20260647,5,95,"220892_s_at"
20260647,5,96,"204767_s_at"
20260647,5,97,"215867_x_at"
20260647,5,98,"221934_s_at"
20260647,5,99,"203358_s_at"
20260647,5,100,"205339_at"
20260648,1,1,"210084_x_at"
20260648,1,2,"210052_s_at"
20260648,1,3,"204825_at"
20260648,1,4,"204400_at"
20260648,1,5,"218726_at"
20260648,1,6,"222039_at"
20260648,1,7,"209408_at"
20260648,1,8,"204962_s_at"
20260648,1,9,"204822_at"
20260648,1,10,"221258_s_at"
20260648,1,11,"209642_at"
20260648,1,12,"205225_at"
20260648,1,13,"203702_s_at"
20260648,1,14,"218755_at"
20260648,1,15,"205548_s_at"
20260648,1,16,"204750_s_at"
20260648,1,17,"202107_s_at"
20260648,1,18,"204767_s_at"
20260648,1,19,"203397_s_at"
20260648,1,20,"203418_at"
20260648,1,21,"200052_s_at"
20260648,1,22,"203999_at"
20260648,1,23,"214431_at"
20260648,1,24,"203693_s_at"
20260648,1,25,"209832_s_at"
20260648,1,26,"202870_s_at"
20260648,1,27,"213134_x_at"
20260648,1,28,"218355_at"
20260648,1,29,"215034_s_at"
20260648,1,30,"206102_at"
20260648,1,31,"219752_at"
20260648,1,32,"220865_s_at"
20260648,1,33,"202589_at"
20260648,1,34,"206373_at"
20260648,1,35,"218542_at"
20260648,1,36,"209421_at"
20260648,1,37,"202240_at"
20260648,1,38,"201555_at"
20260648,1,39,"205347_s_at"
20260648,1,40,"219051_x_at"
20260648,1,41,"201663_s_at"
20260648,1,42,"221864_at"
20260648,1,43,"200718_s_at"
20260648,1,44,"220238_s_at"
20260648,1,45,"221520_s_at"
20260648,1,46,"211519_s_at"
20260648,1,47,"209122_at"
20260648,1,48,"209644_x_at"
20260648,1,49,"205394_at"
20260648,1,50,"212956_at"
20260648,1,51,"221922_at"
20260648,1,52,"203967_at"
20260648,1,53,"212022_s_at"
20260648,1,54,"204240_s_at"
20260648,1,55,"209464_at"
20260648,1,56,"211931_s_at"
20260648,1,57,"208650_s_at"
20260648,1,58,"214428_x_at"
20260648,1,59,"205683_x_at"
20260648,1,60,"208451_s_at"
20260648,1,61,"216237_s_at"
20260648,1,62,"205339_at"
20260648,1,63,"205240_at"
20260648,1,64,"201291_s_at"
20260648,1,65,"222118_at"
20260648,1,66,"209387_s_at"
20260648,1,67,"211714_x_at"
20260648,1,68,"201970_s_at"
20260648,1,69,"201088_at"
20260648,1,70,"207134_x_at"
20260648,1,71,"218532_s_at"
20260648,1,72,"204315_s_at"
20260648,1,73,"209204_at"
20260648,1,74,"221524_s_at"
20260648,1,75,"220651_s_at"
20260648,1,76,"220239_at"
20260648,1,77,"209680_s_at"
20260648,1,78,"212195_at"
20260648,1,79,"218350_s_at"
20260648,1,80,"216092_s_at"
20260648,1,81,"208712_at"
20260648,1,82,"209747_at"
20260648,1,83,"201990_s_at"
20260648,1,84,"206194_at"
20260648,1,85,"202483_s_at"
20260648,1,86,"211762_s_at"
20260648,1,87,"217924_at"
20260648,1,88,"203126_at"
20260648,1,89,"202134_s_at"
20260648,1,90,"209026_x_at"
20260648,1,91,"221677_s_at"
20260648,1,92,"214053_at"
20260648,1,93,"202705_at"
20260648,1,94,"203571_s_at"
20260648,1,95,"200934_at"
20260648,1,96,"203712_at"
20260648,1,97,"220295_x_at"
20260648,1,98,"218009_s_at"
20260648,1,99,"214440_at"
20260648,1,100,"212586_at"
20260648,2,1,"204750_s_at"
20260648,2,2,"204825_at"
20260648,2,3,"218886_at"
20260648,2,4,"213134_x_at"
20260648,2,5,"222275_at"
20260648,2,6,"205225_at"
20260648,2,7,"205548_s_at"
20260648,2,8,"203038_at"
20260648,2,9,"214440_at"
20260648,2,10,"221986_s_at"
20260648,2,11,"218211_s_at"
20260648,2,12,"209623_at"
20260648,2,13,"221524_s_at"
20260648,2,14,"206194_at"
20260648,2,15,"203999_at"
20260648,2,16,"203693_s_at"
20260648,2,17,"201407_s_at"
20260648,2,18,"204822_at"
20260648,2,19,"204315_s_at"
20260648,2,20,"201177_s_at"
20260648,2,21,"216092_s_at"
20260648,2,22,"219051_x_at"
20260648,2,23,"218236_s_at"
20260648,2,24,"218483_s_at"
20260648,2,25,"200052_s_at"
20260648,2,26,"203702_s_at"
20260648,2,27,"213523_at"
20260648,2,28,"204061_at"
20260648,2,29,"213032_at"
20260648,2,30,"207781_s_at"
20260648,2,31,"212960_at"
20260648,2,32,"209289_at"
20260648,2,33,"206392_s_at"
20260648,2,34,"201930_at"
20260648,2,35,"206391_at"
20260648,2,36,"210024_s_at"
20260648,2,37,"206869_at"
20260648,2,38,"209114_at"
20260648,2,39,"212956_at"
20260648,2,40,"202933_s_at"
20260648,2,41,"221864_at"
20260648,2,42,"216237_s_at"
20260648,2,43,"201231_s_at"
20260648,2,44,"209290_s_at"
20260648,2,45,"210052_s_at"
20260648,2,46,"212099_at"
20260648,2,47,"209604_s_at"
20260648,2,48,"221872_at"
20260648,2,49,"200718_s_at"
20260648,2,50,"200934_at"
20260648,2,51,"209204_at"
20260648,2,52,"201938_at"
20260648,2,53,"214428_x_at"
20260648,2,54,"200960_x_at"
20260648,2,55,"210074_at"
20260648,2,56,"201833_at"
20260648,2,57,"221203_s_at"
20260648,2,58,"202293_at"
20260648,2,59,"210735_s_at"
20260648,2,60,"217744_s_at"
20260648,2,61,"213029_at"
20260648,2,62,"214431_at"
20260648,2,63,"200755_s_at"
20260648,2,64,"218259_at"
20260648,2,65,"210084_x_at"
20260648,2,66,"204203_at"
20260648,2,67,"204962_s_at"
20260648,2,68,"208451_s_at"
20260648,2,69,"212492_s_at"
20260648,2,70,"204775_at"
20260648,2,71,"216603_at"
20260648,2,72,"214109_at"
20260648,2,73,"211466_at"
20260648,2,74,"214164_x_at"
20260648,2,75,"203963_at"
20260648,2,76,"202911_at"
20260648,2,77,"202870_s_at"
20260648,2,78,"204914_s_at"
20260648,2,79,"221934_s_at"
20260648,2,80,"202263_at"
20260648,2,81,"205696_s_at"
20260648,2,82,"209358_at"
20260648,2,83,"203418_at"
20260648,2,84,"215034_s_at"
20260648,2,85,"218486_at"
20260648,2,86,"204493_at"
20260648,2,87,"218394_at"
20260648,2,88,"202204_s_at"
20260648,2,89,"202483_s_at"
20260648,2,90,"209386_at"
20260648,2,91,"204400_at"
20260648,2,92,"205201_at"
20260648,2,93,"218726_at"
20260648,2,94,"213702_x_at"
20260648,2,95,"216381_x_at"
20260648,2,96,"209832_s_at"
20260648,2,97,"215867_x_at"
20260648,2,98,"222039_at"
20260648,2,99,"209211_at"
20260648,2,100,"218532_s_at"
20260648,3,1,"204750_s_at"
20260648,3,2,"208451_s_at"
20260648,3,3,"204825_at"
20260648,3,4,"212099_at"
20260648,3,5,"214428_x_at"
20260648,3,6,"205225_at"
20260648,3,7,"209204_at"
20260648,3,8,"203130_s_at"
20260648,3,9,"212956_at"
20260648,3,10,"218902_at"
20260648,3,11,"203999_at"
20260648,3,12,"200011_s_at"
20260648,3,13,"219874_at"
20260648,3,14,"216237_s_at"
20260648,3,15,"203693_s_at"
20260648,3,16,"215034_s_at"
20260648,3,17,"212960_at"
20260648,3,18,"212330_at"
20260648,3,19,"202870_s_at"
20260648,3,20,"213134_x_at"
20260648,3,21,"210052_s_at"
20260648,3,22,"202134_s_at"
20260648,3,23,"204822_at"
20260648,3,24,"214440_at"
20260648,3,25,"209289_at"
20260648,3,26,"206754_s_at"
20260648,3,27,"213032_at"
20260648,3,28,"202035_s_at"
20260648,3,29,"214109_at"
20260648,3,30,"209290_s_at"
20260648,3,31,"222275_at"
20260648,3,32,"204012_s_at"
20260648,3,33,"202263_at"
20260648,3,34,"209604_s_at"
20260648,3,35,"216092_s_at"
20260648,3,36,"210084_x_at"
20260648,3,37,"209623_at"
20260648,3,38,"214431_at"
20260648,3,39,"205296_at"
20260648,3,40,"205548_s_at"
20260648,3,41,"213029_at"
20260648,3,42,"203929_s_at"
20260648,3,43,"204400_at"
20260648,3,44,"222039_at"
20260648,3,45,"201563_at"
20260648,3,46,"210074_at"
20260648,3,47,"209644_x_at"
20260648,3,48,"204315_s_at"
20260648,3,49,"209386_at"
20260648,3,50,"218211_s_at"
20260648,3,51,"206373_at"
20260648,3,52,"212638_s_at"
20260648,3,53,"203702_s_at"
20260648,3,54,"218259_at"
20260648,3,55,"221524_s_at"
20260648,3,56,"218726_at"
20260648,3,57,"204623_at"
20260648,3,58,"221436_s_at"
20260648,3,59,"212492_s_at"
20260648,3,60,"203038_at"
20260648,3,61,"219268_at"
20260648,3,62,"212441_at"
20260648,3,63,"202589_at"
20260648,3,64,"205597_at"
20260648,3,65,"209114_at"
20260648,3,66,"209832_s_at"
20260648,3,67,"204775_at"
20260648,3,68,"202413_s_at"
20260648,3,69,"221986_s_at"
20260648,3,70,"216603_at"
20260648,3,71,"201755_at"
20260648,3,72,"202107_s_at"
20260648,3,73,"206194_at"
20260648,3,74,"209173_at"
20260648,3,75,"202933_s_at"
20260648,3,76,"211466_at"
20260648,3,77,"203143_s_at"
20260648,3,78,"202412_s_at"
20260648,3,79,"207039_at"
20260648,3,80,"215729_s_at"
20260648,3,81,"220625_s_at"
20260648,3,82,"219806_s_at"
20260648,3,83,"203397_s_at"
20260648,3,84,"209408_at"
20260648,3,85,"201664_at"
20260648,3,86,"219051_x_at"
20260648,3,87,"213260_at"
20260648,3,88,"219197_s_at"
20260648,3,89,"220238_s_at"
20260648,3,90,"201231_s_at"
20260648,3,91,"209387_s_at"
20260648,3,92,"221872_at"
20260648,3,93,"209122_at"
20260648,3,94,"208945_s_at"
20260648,3,95,"200934_at"
20260648,3,96,"200718_s_at"
20260648,3,97,"214053_at"
20260648,3,98,"204605_at"
20260648,3,99,"202762_at"
20260648,3,100,"209781_s_at"
20260648,4,1,"204750_s_at"
20260648,4,2,"205225_at"
20260648,4,3,"212960_at"
20260648,4,4,"209204_at"
20260648,4,5,"212956_at"
20260648,4,6,"203999_at"
20260648,4,7,"204825_at"
20260648,4,8,"213029_at"
20260648,4,9,"200718_s_at"
20260648,4,10,"209289_at"
20260648,4,11,"209290_s_at"
20260648,4,12,"213032_at"
20260648,4,13,"209604_s_at"
20260648,4,14,"210084_x_at"
20260648,4,15,"206373_at"
20260648,4,16,"210052_s_at"
20260648,4,17,"212099_at"
20260648,4,18,"213134_x_at"
20260648,4,19,"203712_at"
20260648,4,20,"219197_s_at"
20260648,4,21,"209122_at"
20260648,4,22,"202263_at"
20260648,4,23,"205548_s_at"
20260648,4,24,"209781_s_at"
20260648,4,25,"218259_at"
20260648,4,26,"221524_s_at"
20260648,4,27,"204822_at"
20260648,4,28,"203693_s_at"
20260648,4,29,"214053_at"
20260648,4,30,"218211_s_at"
20260648,4,31,"203476_at"
20260648,4,32,"202870_s_at"
20260648,4,33,"211235_s_at"
20260648,4,34,"202240_at"
20260648,4,35,"206869_at"
20260648,4,36,"219874_at"
20260648,4,37,"214440_at"
20260648,4,38,"204623_at"
20260648,4,39,"201231_s_at"
20260648,4,40,"219051_x_at"
20260648,4,41,"208022_s_at"
20260648,4,42,"209623_at"
20260648,4,43,"210735_s_at"
20260648,4,44,"209832_s_at"
20260648,4,45,"203702_s_at"
20260648,4,46,"209644_x_at"
20260648,4,47,"204962_s_at"
20260648,4,48,"219752_at"
20260648,4,49,"209603_at"
20260648,4,50,"216092_s_at"
20260648,4,51,"212022_s_at"
20260648,4,52,"203571_s_at"
20260648,4,53,"216685_s_at"
20260648,4,54,"202088_at"
20260648,4,55,"202089_s_at"
20260648,4,56,"214164_x_at"
20260648,4,57,"218902_at"
20260648,4,58,"214431_at"
20260648,4,59,"204400_at"
20260648,4,60,"203066_at"
20260648,4,61,"214109_at"
20260648,4,62,"215867_x_at"
20260648,4,63,"204775_at"
20260648,4,64,"214428_x_at"
20260648,4,65,"203963_at"
20260648,4,66,"40093_at"
20260648,4,67,"211467_s_at"
20260648,4,68,"212638_s_at"
20260648,4,69,"202134_s_at"
20260648,4,70,"212441_at"
20260648,4,71,"202589_at"
20260648,4,72,"204493_at"
20260648,4,73,"212195_at"
20260648,4,74,"220295_x_at"
20260648,4,75,"216237_s_at"
20260648,4,76,"205074_at"
20260648,4,77,"202204_s_at"
20260648,4,78,"218009_s_at"
20260648,4,79,"203143_s_at"
20260648,4,80,"203418_at"
20260648,4,81,"200960_x_at"
20260648,4,82,"218532_s_at"
20260648,4,83,"201397_at"
20260648,4,84,"200934_at"
20260648,4,85,"221986_s_at"
20260648,4,86,"204012_s_at"
20260648,4,87,"208451_s_at"
20260648,4,88,"218726_at"
20260648,4,89,"210024_s_at"
20260648,4,90,"214552_s_at"
20260648,4,91,"212196_at"
20260648,4,92,"200052_s_at"
20260648,4,93,"206392_s_at"
20260648,4,94,"218755_at"
20260648,4,95,"208682_s_at"
20260648,4,96,"202341_s_at"
20260648,4,97,"209669_s_at"
20260648,4,98,"222275_at"
20260648,4,99,"205357_s_at"
20260648,4,100,"221203_s_at"
20260648,5,1,"205225_at"
20260648,5,2,"204750_s_at"
20260648,5,3,"214440_at"
20260648,5,4,"205696_s_at"
20260648,5,5,"205548_s_at"
20260648,5,6,"206392_s_at"
20260648,5,7,"206391_at"
20260648,5,8,"212099_at"
20260648,5,9,"221872_at"
20260648,5,10,"213134_x_at"
20260648,5,11,"213032_at"
20260648,5,12,"212638_s_at"
20260648,5,13,"212956_at"
20260648,5,14,"219051_x_at"
20260648,5,15,"212960_at"
20260648,5,16,"202341_s_at"
20260648,5,17,"203693_s_at"
20260648,5,18,"203702_s_at"
20260648,5,19,"218211_s_at"
20260648,5,20,"204304_s_at"
20260648,5,21,"212492_s_at"
20260648,5,22,"209289_at"
20260648,5,23,"213029_at"
20260648,5,24,"203773_x_at"
20260648,5,25,"222275_at"
20260648,5,26,"209604_s_at"
20260648,5,27,"215867_x_at"
20260648,5,28,"210084_x_at"
20260648,5,29,"214164_x_at"
20260648,5,30,"204825_at"
20260648,5,31,"218236_s_at"
20260648,5,32,"200718_s_at"
20260648,5,33,"204623_at"
20260648,5,34,"212265_at"
20260648,5,35,"209290_s_at"
20260648,5,36,"209623_at"
20260648,5,37,"210735_s_at"
20260648,5,38,"203963_at"
20260648,5,39,"205009_at"
20260648,5,40,"216092_s_at"
20260648,5,41,"201754_at"
20260648,5,42,"203999_at"
20260648,5,43,"206373_at"
20260648,5,44,"208711_s_at"
20260648,5,45,"218532_s_at"
20260648,5,46,"212771_at"
20260648,5,47,"209791_at"
20260648,5,48,"211712_s_at"
20260648,5,49,"221986_s_at"
20260648,5,50,"202134_s_at"
20260648,5,51,"205044_at"
20260648,5,52,"209644_x_at"
20260648,5,53,"216381_x_at"
20260648,5,54,"209603_at"
20260648,5,55,"218164_at"
20260648,5,56,"211729_x_at"
20260648,5,57,"205081_at"
20260648,5,58,"201231_s_at"
20260648,5,59,"214053_at"
20260648,5,60,"200011_s_at"
20260648,5,61,"203038_at"
20260648,5,62,"210085_s_at"
20260648,5,63,"201970_s_at"
20260648,5,64,"203066_at"
20260648,5,65,"203637_s_at"
20260648,5,66,"206194_at"
20260648,5,67,"221203_s_at"
20260648,5,68,"204012_s_at"
20260648,5,69,"202035_s_at"
20260648,5,70,"204822_at"
20260648,5,71,"210024_s_at"
20260648,5,72,"220540_at"
20260648,5,73,"202263_at"
20260648,5,74,"204540_at"
20260648,5,75,"204702_s_at"
20260648,5,76,"215945_s_at"
20260648,5,77,"211466_at"
20260648,5,78,"212181_s_at"
20260648,5,79,"219956_at"
20260648,5,80,"209204_at"
20260648,5,81,"211084_x_at"
20260648,5,82,"210740_s_at"
20260648,5,83,"209173_at"
20260648,5,84,"204508_s_at"
20260648,5,85,"202762_at"
20260648,5,86,"213249_at"
20260648,5,87,"220625_s_at"
20260648,5,88,"204667_at"
20260648,5,89,"222125_s_at"
20260648,5,90,"209386_at"
20260648,5,91,"221524_s_at"
20260648,5,92,"206754_s_at"
20260648,5,93,"218259_at"
20260648,5,94,"221934_s_at"
20260648,5,95,"208712_at"
20260648,5,96,"209822_s_at"
20260648,5,97,"209114_at"
20260648,5,98,"219741_x_at"
20260648,5,99,"206869_at"
20260648,5,100,"218902_at"
20260649,1,1,"204750_s_at"
20260649,1,2,"203999_at"
20260649,1,3,"204825_at"
20260649,1,4,"212099_at"
20260649,1,5,"205548_s_at"
20260649,1,6,"209623_at"
20260649,1,7,"213134_x_at"
20260649,1,8,"210084_x_at"
20260649,1,9,"209114_at"
20260649,1,10,"205225_at"
20260649,1,11,"203693_s_at"
20260649,1,12,"208103_s_at"
20260649,1,13,"210758_at"
20260649,1,14,"210052_s_at"
20260649,1,15,"202263_at"
20260649,1,16,"200718_s_at"
20260649,1,17,"214428_x_at"
20260649,1,18,"218211_s_at"
20260649,1,19,"200934_at"
20260649,1,20,"206194_at"
20260649,1,21,"216092_s_at"
20260649,1,22,"209290_s_at"
20260649,1,23,"207039_at"
20260649,1,24,"212330_at"
20260649,1,25,"213032_at"
20260649,1,26,"208451_s_at"
20260649,1,27,"213029_at"
20260649,1,28,"209289_at"
20260649,1,29,"212956_at"
20260649,1,30,"218776_s_at"
20260649,1,31,"212960_at"
20260649,1,32,"221524_s_at"
20260649,1,33,"218902_at"
20260649,1,34,"202412_s_at"
20260649,1,35,"209644_x_at"
20260649,1,36,"222039_at"
20260649,1,37,"203702_s_at"
20260649,1,38,"200011_s_at"
20260649,1,39,"210024_s_at"
20260649,1,40,"220295_x_at"
20260649,1,41,"212638_s_at"
20260649,1,42,"216237_s_at"
20260649,1,43,"206373_at"
20260649,1,44,"214440_at"
20260649,1,45,"214109_at"
20260649,1,46,"209832_s_at"
20260649,1,47,"219051_x_at"
20260649,1,48,"201938_at"
20260649,1,49,"204623_at"
20260649,1,50,"202870_s_at"
20260649,1,51,"203712_at"
20260649,1,52,"212492_s_at"
20260649,1,53,"205597_at"
20260649,1,54,"209204_at"
20260649,1,55,"201563_at"
20260649,1,56,"201231_s_at"
20260649,1,57,"204061_at"
20260649,1,58,"204822_at"
20260649,1,59,"204012_s_at"
20260649,1,60,"201923_at"
20260649,1,61,"221505_at"
20260649,1,62,"206754_s_at"
20260649,1,63,"210886_x_at"
20260649,1,64,"203038_at"
20260649,1,65,"209408_at"
20260649,1,66,"216685_s_at"
20260649,1,67,"221584_s_at"
20260649,1,68,"203143_s_at"
20260649,1,69,"202589_at"
20260649,1,70,"202413_s_at"
20260649,1,71,"203571_s_at"
20260649,1,72,"218886_at"
20260649,1,73,"204667_at"
20260649,1,74,"201663_s_at"
20260649,1,75,"216603_at"
20260649,1,76,"221872_at"
20260649,1,77,"202134_s_at"
20260649,1,78,"214431_at"
20260649,1,79,"203397_s_at"
20260649,1,80,"219874_at"
20260649,1,81,"218532_s_at"
20260649,1,82,"204605_at"
20260649,1,83,"205044_at"
20260649,1,84,"209191_at"
20260649,1,85,"202752_x_at"
20260649,1,86,"218726_at"
20260649,1,87,"200052_s_at"
20260649,1,88,"202620_s_at"
20260649,1,89,"204023_at"
20260649,1,90,"219734_at"
20260649,1,91,"212022_s_at"
20260649,1,92,"206392_s_at"
20260649,1,93,"209522_s_at"
20260649,1,94,"209173_at"
20260649,1,95,"213523_at"
20260649,1,96,"220238_s_at"
20260649,1,97,"221012_s_at"
20260649,1,98,"210074_at"
20260649,1,99,"220865_s_at"
20260649,1,100,"200755_s_at"
20260649,2,1,"205548_s_at"
20260649,2,2,"204750_s_at"
20260649,2,3,"205225_at"
20260649,2,4,"204825_at"
20260649,2,5,"213134_x_at"
20260649,2,6,"203702_s_at"
20260649,2,7,"204775_at"
20260649,2,8,"218532_s_at"
20260649,2,9,"210084_x_at"
20260649,2,10,"210052_s_at"
20260649,2,11,"204822_at"
20260649,2,12,"218726_at"
20260649,2,13,"212099_at"
20260649,2,14,"222118_at"
20260649,2,15,"202134_s_at"
20260649,2,16,"212956_at"
20260649,2,17,"200718_s_at"
20260649,2,18,"213249_at"
20260649,2,19,"209604_s_at"
20260649,2,20,"212960_at"
20260649,2,21,"215034_s_at"
20260649,2,22,"205696_s_at"
20260649,2,23,"209204_at"
20260649,2,24,"219874_at"
20260649,2,25,"214053_at"
20260649,2,26,"203999_at"
20260649,2,27,"214440_at"
20260649,2,28,"204962_s_at"
20260649,2,29,"218211_s_at"
20260649,2,30,"220892_s_at"
20260649,2,31,"206373_at"
20260649,2,32,"203693_s_at"
20260649,2,33,"218259_at"
20260649,2,34,"212265_at"
20260649,2,35,"209623_at"
20260649,2,36,"209642_at"
20260649,2,37,"210024_s_at"
20260649,2,38,"219051_x_at"
20260649,2,39,"222125_s_at"
20260649,2,40,"209421_at"
20260649,2,41,"217744_s_at"
20260649,2,42,"212492_s_at"
20260649,2,43,"40093_at"
20260649,2,44,"206869_at"
20260649,2,45,"201755_at"
20260649,2,46,"221986_s_at"
20260649,2,47,"217294_s_at"
20260649,2,48,"200052_s_at"
20260649,2,49,"202870_s_at"
20260649,2,50,"214428_x_at"
20260649,2,51,"221934_s_at"
20260649,2,52,"221203_s_at"
20260649,2,53,"206392_s_at"
20260649,2,54,"206194_at"
20260649,2,55,"218902_at"
20260649,2,56,"209109_s_at"
20260649,2,57,"218486_at"
20260649,2,58,"219197_s_at"
20260649,2,59,"201976_s_at"
20260649,2,60,"201663_s_at"
20260649,2,61,"218164_at"
20260649,2,62,"214431_at"
20260649,2,63,"222275_at"
20260649,2,64,"202933_s_at"
20260649,2,65,"221872_at"
20260649,2,66,"216092_s_at"
20260649,2,67,"203418_at"
20260649,2,68,"218236_s_at"
20260649,2,69,"209114_at"
20260649,2,70,"209173_at"
20260649,2,71,"202240_at"
20260649,2,72,"209387_s_at"
20260649,2,73,"203929_s_at"
20260649,2,74,"201923_at"
20260649,2,75,"210074_at"
20260649,2,76,"206391_at"
20260649,2,77,"203038_at"
20260649,2,78,"209747_at"
20260649,2,79,"209289_at"
20260649,2,80,"217640_x_at"
20260649,2,81,"208451_s_at"
20260649,2,82,"203963_at"
20260649,2,83,"205379_at"
20260649,2,84,"214164_x_at"
20260649,2,85,"221591_s_at"
20260649,2,86,"222158_s_at"
20260649,2,87,"212219_at"
20260649,2,88,"222039_at"
20260649,2,89,"212208_at"
20260649,2,90,"208941_s_at"
20260649,2,91,"212452_x_at"
20260649,2,92,"200881_s_at"
20260649,2,93,"221864_at"
20260649,2,94,"201231_s_at"
20260649,2,95,"213032_at"
20260649,2,96,"215867_x_at"
20260649,2,97,"218542_at"
20260649,2,98,"203538_at"
20260649,2,99,"220935_s_at"
20260649,2,100,"214109_at"
20260649,3,1,"221986_s_at"
20260649,3,2,"210084_x_at"
20260649,3,3,"204750_s_at"
20260649,3,4,"205696_s_at"
20260649,3,5,"205225_at"
20260649,3,6,"213032_at"
20260649,3,7,"222275_at"
20260649,3,8,"209289_at"
20260649,3,9,"219051_x_at"
20260649,3,10,"213029_at"
20260649,3,11,"202341_s_at"
20260649,3,12,"206392_s_at"
20260649,3,13,"209290_s_at"
20260649,3,14,"221524_s_at"
20260649,3,15,"214440_at"
20260649,3,16,"221872_at"
20260649,3,17,"219956_at"
20260649,3,18,"204825_at"
20260649,3,19,"206391_at"
20260649,3,20,"212638_s_at"
20260649,3,21,"209604_s_at"
20260649,3,22,"203693_s_at"
20260649,3,23,"203999_at"
20260649,3,24,"204623_at"
20260649,3,25,"212956_at"
20260649,3,26,"212960_at"
20260649,3,27,"213134_x_at"
20260649,3,28,"210735_s_at"
20260649,3,29,"209122_at"
20260649,3,30,"218211_s_at"
20260649,3,31,"203038_at"
20260649,3,32,"205548_s_at"
20260649,3,33,"212492_s_at"
20260649,3,34,"212099_at"
20260649,3,35,"203963_at"
20260649,3,36,"200718_s_at"
20260649,3,37,"215867_x_at"
20260649,3,38,"214164_x_at"
20260649,3,39,"216092_s_at"
20260649,3,40,"205009_at"
20260649,3,41,"209386_at"
20260649,3,42,"215034_s_at"
20260649,3,43,"203702_s_at"
20260649,3,44,"201231_s_at"
20260649,3,45,"206194_at"
20260649,3,46,"204400_at"
20260649,3,47,"211467_s_at"
20260649,3,48,"218259_at"
20260649,3,49,"203066_at"
20260649,3,50,"206373_at"
20260649,3,51,"218807_at"
20260649,3,52,"202263_at"
20260649,3,53,"214431_at"
20260649,3,54,"209204_at"
20260649,3,55,"209623_at"
20260649,3,56,"218236_s_at"
20260649,3,57,"204304_s_at"
20260649,3,58,"219741_x_at"
20260649,3,59,"209791_at"
20260649,3,60,"218902_at"
20260649,3,61,"211466_at"
20260649,3,62,"201970_s_at"
20260649,3,63,"220540_at"
20260649,3,64,"200011_s_at"
20260649,3,65,"221864_at"
20260649,3,66,"202134_s_at"
20260649,3,67,"202933_s_at"
20260649,3,68,"201030_x_at"
20260649,3,69,"220425_x_at"
20260649,3,70,"216381_x_at"
20260649,3,71,"218164_at"
20260649,3,72,"211712_s_at"
20260649,3,73,"209747_at"
20260649,3,74,"221203_s_at"
20260649,3,75,"200711_s_at"
20260649,3,76,"202035_s_at"
20260649,3,77,"212181_s_at"
20260649,3,78,"213564_x_at"
20260649,3,79,"219752_at"
20260649,3,80,"220625_s_at"
20260649,3,81,"203712_at"
20260649,3,82,"203773_x_at"
20260649,3,83,"209603_at"
20260649,3,84,"205074_at"
20260649,3,85,"201579_at"
20260649,3,86,"207134_x_at"
20260649,3,87,"206869_at"
20260649,3,88,"204822_at"
20260649,3,89,"210740_s_at"
20260649,3,90,"209644_x_at"
20260649,3,91,"211084_x_at"
20260649,3,92,"202342_s_at"
20260649,3,93,"216237_s_at"
20260649,3,94,"214053_at"
20260649,3,95,"221934_s_at"
20260649,3,96,"200934_at"
20260649,3,97,"205044_at"
20260649,3,98,"202870_s_at"
20260649,3,99,"204508_s_at"
20260649,3,100,"205472_s_at"
20260649,4,1,"204825_at"
20260649,4,2,"204750_s_at"
20260649,4,3,"204400_at"
20260649,4,4,"204822_at"
20260649,4,5,"209832_s_at"
20260649,4,6,"203693_s_at"
20260649,4,7,"205225_at"
20260649,4,8,"218350_s_at"
20260649,4,9,"204315_s_at"
20260649,4,10,"214440_at"
20260649,4,11,"209122_at"
20260649,4,12,"210052_s_at"
20260649,4,13,"205201_at"
20260649,4,14,"203999_at"
20260649,4,15,"213134_x_at"
20260649,4,16,"219752_at"
20260649,4,17,"202107_s_at"
20260649,4,18,"203702_s_at"
20260649,4,19,"221864_at"
20260649,4,20,"219051_x_at"
20260649,4,21,"222039_at"
20260649,4,22,"213032_at"
20260649,4,23,"205548_s_at"
20260649,4,24,"212956_at"
20260649,4,25,"204767_s_at"
20260649,4,26,"218259_at"
20260649,4,27,"204962_s_at"
20260649,4,28,"200052_s_at"
20260649,4,29,"202263_at"
20260649,4,30,"222275_at"
20260649,4,31,"212099_at"
20260649,4,32,"212960_at"
20260649,4,33,"201177_s_at"
20260649,4,34,"201555_at"
20260649,4,35,"209289_at"
20260649,4,36,"206194_at"
20260649,4,37,"200934_at"
20260649,4,38,"209604_s_at"
20260649,4,39,"209204_at"
20260649,4,40,"218902_at"
20260649,4,41,"214053_at"
20260649,4,42,"204493_at"
20260649,4,43,"208451_s_at"
20260649,4,44,"215034_s_at"
20260649,4,45,"203712_at"
20260649,4,46,"211466_at"
20260649,4,47,"218211_s_at"
20260649,4,48,"219874_at"
20260649,4,49,"214428_x_at"
20260649,4,50,"210074_at"
20260649,4,51,"216092_s_at"
20260649,4,52,"209623_at"
20260649,4,53,"209421_at"
20260649,4,54,"216237_s_at"
20260649,4,55,"206391_at"
20260649,4,56,"209644_x_at"
20260649,4,57,"210084_x_at"
20260649,4,58,"214431_at"
20260649,4,59,"206373_at"
20260649,4,60,"209386_at"
20260649,4,61,"203692_s_at"
20260649,4,62,"213033_s_at"
20260649,4,63,"221934_s_at"
20260649,4,64,"202240_at"
20260649,4,65,"202870_s_at"
20260649,4,66,"203126_at"
20260649,4,67,"218236_s_at"
20260649,4,68,"209387_s_at"
20260649,4,69,"203418_at"
20260649,4,70,"202483_s_at"
20260649,4,71,"213029_at"
20260649,4,72,"201970_s_at"
20260649,4,73,"218726_at"
20260649,4,74,"221524_s_at"
20260649,4,75,"221253_s_at"
20260649,4,76,"202933_s_at"
20260649,4,77,"209464_at"
20260649,4,78,"218319_at"
20260649,4,79,"216685_s_at"
20260649,4,80,"214745_at"
20260649,4,81,"203397_s_at"
20260649,4,82,"207039_at"
20260649,4,83,"209290_s_at"
20260649,4,84,"202134_s_at"
20260649,4,85,"205347_s_at"
20260649,4,86,"218542_at"
20260649,4,87,"202589_at"
20260649,4,88,"209114_at"
20260649,4,89,"209173_at"
20260649,4,90,"213260_at"
20260649,4,91,"202911_at"
20260649,4,92,"206869_at"
20260649,4,93,"202690_s_at"
20260649,4,94,"201930_at"
20260649,4,95,"209680_s_at"
20260649,4,96,"209408_at"
20260649,4,97,"213523_at"
20260649,4,98,"203144_s_at"
20260649,4,99,"202752_x_at"
20260649,4,100,"203038_at"
20260649,5,1,"204750_s_at"
20260649,5,2,"205225_at"
20260649,5,3,"204825_at"
20260649,5,4,"212956_at"
20260649,5,5,"210052_s_at"
20260649,5,6,"209204_at"
20260649,5,7,"212960_at"
20260649,5,8,"210084_x_at"
20260649,5,9,"202870_s_at"
20260649,5,10,"209644_x_at"
20260649,5,11,"204822_at"
20260649,5,12,"200718_s_at"
20260649,5,13,"218755_at"
20260649,5,14,"204318_s_at"
20260649,5,15,"203999_at"
20260649,5,16,"213134_x_at"
20260649,5,17,"218009_s_at"
20260649,5,18,"214431_at"
20260649,5,19,"219197_s_at"
20260649,5,20,"203693_s_at"
20260649,5,21,"212022_s_at"
20260649,5,22,"201231_s_at"
20260649,5,23,"209781_s_at"
20260649,5,24,"214440_at"
20260649,5,25,"202589_at"
20260649,5,26,"203418_at"
20260649,5,27,"209604_s_at"
20260649,5,28,"205548_s_at"
20260649,5,29,"218726_at"
20260649,5,30,"218259_at"
20260649,5,31,"210096_at"
20260649,5,32,"206373_at"
20260649,5,33,"221524_s_at"
20260649,5,34,"212099_at"
20260649,5,35,"203702_s_at"
20260649,5,36,"200783_s_at"
20260649,5,37,"212638_s_at"
20260649,5,38,"204962_s_at"
20260649,5,39,"218211_s_at"
20260649,5,40,"213032_at"
20260649,5,41,"214053_at"
20260649,5,42,"214428_x_at"
20260649,5,43,"216092_s_at"
20260649,5,44,"208451_s_at"
20260649,5,45,"218542_at"
20260649,5,46,"222275_at"
20260649,5,47,"209289_at"
20260649,5,48,"216237_s_at"
20260649,5,49,"214164_x_at"
20260649,5,50,"201663_s_at"
20260649,5,51,"209603_at"
20260649,5,52,"221203_s_at"
20260649,5,53,"204315_s_at"
20260649,5,54,"215867_x_at"
20260649,5,55,"205074_at"
20260649,5,56,"203038_at"
20260649,5,57,"206869_at"
20260649,5,58,"211714_x_at"
20260649,5,59,"202240_at"
20260649,5,60,"204203_at"
20260649,5,61,"212441_at"
20260649,5,62,"213476_x_at"
20260649,5,63,"203929_s_at"
20260649,5,64,"222039_at"
20260649,5,65,"209623_at"
20260649,5,66,"209290_s_at"
20260649,5,67,"213029_at"
20260649,5,68,"202263_at"
20260649,5,69,"206392_s_at"
20260649,5,70,"215034_s_at"
20260649,5,71,"209832_s_at"
20260649,5,72,"202107_s_at"
20260649,5,73,"201754_at"
20260649,5,74,"203963_at"
20260649,5,75,"219051_x_at"
20260649,5,76,"219752_at"
20260649,5,77,"203066_at"
20260649,5,78,"204012_s_at"
20260649,5,79,"210735_s_at"
20260649,5,80,"214109_at"
20260649,5,81,"221012_s_at"
20260649,5,82,"219990_at"
20260649,5,83,"218065_s_at"
20260649,5,84,"201930_at"
20260649,5,85,"206391_at"
20260649,5,86,"206364_at"
20260649,5,87,"203928_x_at"
20260649,5,88,"206754_s_at"
20260649,5,89,"204400_at"
20260649,5,90,"211931_s_at"
20260649,5,91,"202134_s_at"
20260649,5,92,"212195_at"
20260649,5,93,"202095_s_at"
20260649,5,94,"218902_at"
20260649,5,95,"222118_at"
20260649,5,96,"202752_x_at"
20260649,5,97,"209408_at"
20260649,5,98,"221986_s_at"
20260649,5,99,"212330_at"
20260649,5,100,"212196_at"
