"permutation_id","is_identity","leaky_auroc","leaky_pr_auc","leaky_balanced_accuracy","leaky_mcc","leaky_sensitivity","leaky_specificity","guarded_auroc","guarded_pr_auc","guarded_balanced_accuracy","guarded_mcc","guarded_sensitivity","guarded_specificity","gap_auroc","gap_pr_auc","runtime_secs"
0,TRUE,0.783047981399282,0.42569750647668,0.552462481504967,0.194463931371644,0.129824561403509,0.975100401606426,0.703163531318256,0.3476121961286,0.572394842528007,0.213804867936281,0.192982456140351,0.951807228915663,0.0798844500810265,0.0780853103480801,13.0648701190948
1,FALSE,0.8427393785669,0.616965072101876,0.693595434369055,0.457984547376553,0.43859649122807,0.94859437751004,0.479250334672021,0.197475645448172,0.521242866201649,0.0583171413371802,0.12280701754386,0.919678714859438,0.363489043894879,0.419489426653705,12.411957025528
2,FALSE,0.886676530684142,0.666279857175291,0.716148805749313,0.490702407575842,0.487719298245614,0.944578313253012,0.53462974705841,0.203019889393706,0.509723102938068,0.0293090316741824,0.087719298245614,0.931726907630522,0.352046783625732,0.463259967781585,12.3859360218048
3,FALSE,0.812625942365955,0.528953147229913,0.648087085182837,0.385674761468619,0.340350877192982,0.955823293172691,0.435355456915381,0.157889062064619,0.4713591206933,-0.0814198466215159,0.0350877192982456,0.907630522088353,0.377270485450574,0.371064085165294,12.4954559803009
4,FALSE,0.904319030508,0.741812106568771,0.746734305643627,0.561854134903202,0.536842105263158,0.956626506024096,0.423025435073628,0.177091232755771,0.496935108856479,-0.00905159294912722,0.0701754385964912,0.923694779116466,0.481293595434372,0.564720873813,7.27285218238831
5,FALSE,0.773733530613682,0.39962129432649,0.596998520397379,0.258110045531952,0.252631578947368,0.94136546184739,0.466215740153597,0.18239291523467,0.525998731769182,0.0680775773127043,0.140350877192982,0.911646586345382,0.307517790460085,0.21722837909182,7.59152388572693
6,FALSE,0.84660043683506,0.526752804105132,0.642760515747199,0.347837019844207,0.347368421052632,0.938152610441767,0.46015641513422,0.161281955837745,0.462058761361234,-0.0928239262754115,0.0526315789473684,0.8714859437751,0.386444021700839,0.365470848267386,7.30952715873718
7,FALSE,0.897019657577679,0.697620435055847,0.750834918621856,0.549182533228949,0.557894736842105,0.943775100401606,0.456492637215529,0.17276146942019,0.509934474741069,0.0234559383564876,0.140350877192982,0.879518072289157,0.440527020362151,0.524858965635657,7.30234384536743
8,FALSE,0.963629958430213,0.892046406820638,0.859480025364616,0.766496997916271,0.743859649122807,0.975100401606426,0.45001056859015,0.172775095545239,0.477383217078842,-0.0681753562855982,0.0350877192982456,0.919678714859438,0.513619389840063,0.719271311275399,7.66457200050354
9,FALSE,0.929246811808639,0.823069498558997,0.810251532445572,0.680529531377602,0.652631578947368,0.967871485943775,0.514831254843937,0.194614103163388,0.498943140984993,-0.00318576431241113,0.0701754385964912,0.927710843373494,0.414415556964702,0.62845539539561,7.46442794799805
10,FALSE,0.861001902346228,0.617286682749327,0.700612978228704,0.471668573814161,0.452631578947368,0.94859437751004,0.510674276051574,0.197459535729169,0.508454872120059,0.0228335126131849,0.105263157894737,0.911646586345382,0.350327626294654,0.419827147020158,7.73409914970398
11,FALSE,0.976044528993166,0.904082140434527,0.874719932361023,0.791992146389304,0.771929824561403,0.977510040160643,0.531529627281053,0.210469318235413,0.506975269499049,0.0230831775701028,0.0701754385964912,0.943775100401606,0.444514901712113,0.693612822199114,7.45671820640564
12,FALSE,0.888762065807089,0.706812931705867,0.752589304586768,0.551562200138058,0.56140350877193,0.943775100401606,0.391178750088071,0.144965137973271,0.473367152821814,-0.0771355390910794,0.0350877192982456,0.911646586345382,0.497583315719018,0.561847793732596,6.71037578582764
13,FALSE,0.722158810681321,0.352710184842753,0.555358275206087,0.177581521953921,0.150877192982456,0.959839357429719,0.434791798774044,0.157753087354676,0.476643415768336,-0.0793968083970153,0.0175438596491228,0.93574297188755,0.287367011907277,0.194957097488078,7.0583610534668
14,FALSE,0.840019728034947,0.580721509940109,0.66577890509406,0.414442989131197,0.378947368421053,0.952610441767068,0.529415909251039,0.187704780788,0.489642781652928,-0.0263548141786691,0.087719298245614,0.891566265060241,0.310603818783908,0.393016729152108,7.04653382301331
15,FALSE,0.759050236031846,0.385334712363488,0.58000422743606,0.21602160472627,0.221052631578947,0.938955823293173,0.519551891777637,0.226836945072189,0.50718664130205,0.0178061142448941,0.12280701754386,0.891566265060241,0.239498344254209,0.158497767291299,7.14178991317749
16,FALSE,0.831184386669485,0.600091630986065,0.688184316212217,0.455258700142944,0.424561403508772,0.951807228915663,0.494398647220461,0.173943904795867,0.480131050517861,-0.0554850923150585,0.0526315789473684,0.907630522088353,0.336785739449025,0.426147726190197,6.91263389587402
17,FALSE,0.94111181568379,0.839349766127998,0.822278588036356,0.691640078925578,0.680701754385965,0.963855421686747,0.439089692101741,0.159617575845595,0.490911012470936,-0.0253814783994416,0.0701754385964912,0.911646586345382,0.502022123582049,0.679732190282403,6.79263210296631
18,FALSE,0.825280067638977,0.564711278854995,0.671528218135701,0.395670176375657,0.410526315789474,0.932530120481928,0.426900584795322,0.166286056925456,0.511202705559078,0.0285062275810095,0.12280701754386,0.899598393574297,0.398379482843656,0.398425221929539,6.83568978309631
19,FALSE,0.898273796942156,0.704828046687928,0.749080532656944,0.544220813685277,0.554385964912281,0.943775100401606,0.44155569647009,0.155672242729018,0.464066793489748,-0.0890305712244703,0.0526315789473684,0.875502008032129,0.456718100472066,0.54915580395891,6.89878296852112
20,FALSE,0.847474106954133,0.638038854480193,0.696406679348975,0.472543401175327,0.43859649122807,0.954216867469879,0.534488832523074,0.213335973449648,0.521242866201649,0.0583171413371802,0.12280701754386,0.919678714859438,0.312985274431059,0.424702881030545,6.58577990531921
21,FALSE,0.938702177129572,0.821287645725485,0.778270978651448,0.631607622065102,0.589473684210526,0.967068273092369,0.512647079546255,0.189245258418455,0.498414711477489,-0.00397957889442263,0.105263157894737,0.891566265060241,0.426055097583317,0.63204238730703,6.27450585365295
22,FALSE,0.864989783696188,0.707686770830187,0.75144789685056,0.574458408523898,0.543859649122807,0.959036144578313,0.363770872965547,0.142308187879953,0.4713591206933,-0.0814198466215159,0.0350877192982456,0.907630522088353,0.501218910730641,0.565378582950234,6.43924903869629
23,FALSE,0.65050376946382,0.272540704142253,0.501648700063412,NA,0.0105263157894737,0.992771084337349,0.489748467554428,0.18998235302607,0.494187275417459,-0.0187555193281926,0.0526315789473684,0.93574297188755,0.160755301909392,0.0825583511161823,6.88350486755371
24,FALSE,0.867512153878673,0.615819068533719,0.715049672373705,0.496812631340164,0.480701754385965,0.949397590361446,0.571901641654337,0.249005382275424,0.517966603255126,0.0445152856122352,0.140350877192982,0.895582329317269,0.295610512224336,0.366813686258294,6.52973890304565
25,FALSE,0.910674276051575,0.761357125958853,0.76277742549144,0.595990230848096,0.564912280701754,0.960642570281125,0.570140209962658,0.255106048100597,0.518495032762629,0.0546216815895608,0.105263157894737,0.931726907630522,0.340534066088918,0.506251077858256,6.50681805610657
26,FALSE,0.816994292961319,0.483316502010911,0.619805537941239,0.306240268906656,0.298245614035088,0.94136546184739,0.53709575142676,0.195113293361528,0.480131050517861,-0.0554850923150585,0.0526315789473684,0.907630522088353,0.27989854153456,0.288203208649384,6.47848391532898
27,FALSE,0.822208130768689,0.516979046727692,0.62707672796449,0.328024580952957,0.308771929824561,0.945381526104418,0.563024025928275,0.246309738948582,0.529274994715705,0.0864583188589049,0.12280701754386,0.93574297188755,0.259184104840414,0.27066930777911,6.50427794456482
28,FALSE,0.941534559289792,0.816568698432791,0.835954343690552,0.692791828611808,0.719298245614035,0.952610441767068,0.52666807581202,0.195568061515624,0.510462904248573,0.0287233681212977,0.105263157894737,0.91566265060241,0.414866483477772,0.621000636917167,6.5940318107605
29,FALSE,0.890199394067498,0.675351987685541,0.710737687592475,0.486875998141373,0.473684210526316,0.947791164658635,0.576763193123371,0.214157001003846,0.490911012470936,-0.0253814783994416,0.0701754385964912,0.911646586345382,0.313436200944127,0.461194986681695,6.53109312057495
30,FALSE,0.853984358486578,0.573758852040674,0.66998520397379,0.412894793709267,0.392982456140351,0.946987951807229,0.472204607905306,0.183781432452104,0.503699006552526,0.0105154783459522,0.087719298245614,0.919678714859438,0.381779750581273,0.38997741958857,6.65891790390015
31,FALSE,0.969196082575917,0.893518938460186,0.864087930670049,0.763623400441462,0.757894736842105,0.970281124497992,0.47530472768266,0.195922799848947,0.494187275417459,-0.0187555193281926,0.0526315789473684,0.93574297188755,0.493891354893257,0.697596138611239,6.31508111953735
32,FALSE,0.862467413513705,0.614651986884348,0.698351299936588,0.454512844987338,0.456140350877193,0.940562248995984,0.506658211794546,0.186820771233376,0.497674910166984,-0.00627921596862586,0.087719298245614,0.907630522088353,0.355809201719158,0.427831215650972,6.72819113731384
33,FALSE,0.882519551891778,0.638833291156495,0.716191080109913,0.477854071292326,0.498245614035088,0.934136546184739,0.508278728950891,0.183756480833357,0.466603255125766,-0.100670152272192,0.0175438596491228,0.91566265060241,0.374240822940887,0.455076810323138,6.74549198150635
34,FALSE,0.846163601775524,0.558799631072046,0.685119425068696,0.433970722881462,0.428070175438596,0.942168674698795,0.530472768266046,0.228702315277967,0.521242866201649,0.0583171413371802,0.12280701754386,0.919678714859438,0.315690833509478,0.330097315794079,6.75306701660156
35,FALSE,0.902473050095118,0.744448759420199,0.776601141407736,0.593316069740524,0.607017543859649,0.946184738955823,0.516663143803283,0.187171934494562,0.483618685267385,-0.0400771826537292,0.087719298245614,0.879518072289157,0.385809906291834,0.557276824925637,6.64279794692993
36,FALSE,0.930275487916579,0.790882016619664,0.787782709786514,0.618692771961977,0.624561403508772,0.951004016064257,0.43986472204608,0.155756150594761,0.476854787571338,-0.0581018518585704,0.0701754385964912,0.883534136546185,0.4904107658705,0.635125866024902,6.5647919178009
37,FALSE,0.908659198196294,0.712642205877866,0.750940604523357,0.559919203907386,0.550877192982456,0.951004016064257,0.471711407031635,0.190343879410524,0.503170577045022,0.0076625315479046,0.12280701754386,0.883534136546185,0.436947791164659,0.522298326467342,6.6362030506134
38,FALSE,0.886831536673009,0.681010861494026,0.732086239695625,0.513450740517714,0.52280701754386,0.94136546184739,0.441767068273092,0.154964641625393,0.477383217078842,-0.0681753562855982,0.0350877192982456,0.919678714859438,0.445064468399917,0.526046219868634,6.50185894966125
39,FALSE,0.83124075248362,0.530385456689706,0.666476432043965,0.405732097099264,0.385964912280702,0.946987951807229,0.490100753892765,0.180084741883288,0.503699006552526,0.0105154783459522,0.087719298245614,0.919678714859438,0.341139998590855,0.350300714806418,6.64853692054749
40,FALSE,0.916944972873952,0.763866144692756,0.769541323187487,0.599444024162371,0.582456140350877,0.956626506024096,0.414993306559571,0.174804337219344,0.494187275417459,-0.0187555193281926,0.0526315789473684,0.93574297188755,0.501951666314381,0.589061807473412,6.35974311828613
41,FALSE,0.917001338688086,0.722210714403771,0.782625237793278,0.621745546746525,0.607017543859649,0.958232931726908,0.451701543014162,0.164339442121764,0.489431409849926,-0.0369679325449436,0.0350877192982456,0.943775100401606,0.465299795673924,0.557871272282007,6.31029295921326
42,FALSE,0.867977171845276,0.602725799398659,0.676601141407736,0.423866425867618,0.407017543859649,0.946184738955823,0.529486366518707,0.2220336230505,0.514478968505601,0.0411605866684416,0.105263157894737,0.923694779116466,0.33849080532657,0.380692176348159,6.37370204925537
43,FALSE,0.902036215035582,0.706006165484773,0.725533713802579,0.532785145258295,0.491228070175439,0.959839357429719,0.607059818220249,0.294548730962306,0.553582752060875,0.147098460984828,0.175438596491228,0.931726907630522,0.294976396815333,0.411457434522467,6.51903200149536
44,FALSE,0.949806242513914,0.832488156219984,0.805284295075037,0.662402287169089,0.649122807017544,0.96144578313253,0.521172408933981,0.205241034492382,0.523990699640668,0.0619102869148224,0.140350877192982,0.907630522088353,0.428633833579933,0.627247121727602,7.0792248249054
45,FALSE,0.966236877333897,0.895934966568007,0.852758402029169,0.745050122993408,0.736842105263158,0.968674698795181,0.506869583597549,0.185518800468789,0.49566687803847,-0.011519380573009,0.087719298245614,0.903614457831325,0.459367293736349,0.710416166099218,6.97060203552246
46,FALSE,0.935447051363348,0.778313867337292,0.768738110336081,0.59529857330042,0.582456140350877,0.955020080321285,0.471852321566969,0.172540415604399,0.500951173113507,0.00292950730570781,0.0701754385964912,0.931726907630522,0.463594729796379,0.605773451732892,7.01878118515015
47,FALSE,0.823575001761433,0.459636955705811,0.596639188332276,0.243818135073486,0.263157894736842,0.930120481927711,0.558303388994574,0.216560045926955,0.499682942295498,-0.000870405094584779,0.087719298245614,0.911646586345382,0.265271612766858,0.243076909778855,7.38608002662659
48,FALSE,0.912492073557388,0.758528525901134,0.78427393785669,0.613182305044542,0.617543859649123,0.951004016064257,0.479602621010357,0.200319368837026,0.509934474741069,0.0234559383564876,0.140350877192982,0.879518072289157,0.432889452547031,0.558209157064108,6.69389200210571
49,FALSE,0.846191784682591,0.565182655785365,0.66000845487212,0.390119171902502,0.375438596491228,0.944578313253012,0.473966039596984,0.186660745624799,0.494927076727964,-0.0146924836363961,0.0701754385964912,0.919678714859438,0.372225745085607,0.378521910160565,6.73287510871887
50,FALSE,0.78858592263792,0.464988928555841,0.614098499260199,0.307858796252488,0.27719298245614,0.951004016064257,0.471852321566969,0.172503189387227,0.499682942295498,-0.000870405094584779,0.087719298245614,0.911646586345382,0.316733601070951,0.292485739168614,6.79804801940918
51,FALSE,0.899922497005567,0.737323478464495,0.754407102092581,0.583367160986452,0.547368421052632,0.96144578313253,0.472415979708307,0.170414418465424,0.490171211160431,-0.030271575492314,0.0526315789473684,0.927710843373494,0.42750651729726,0.566909059999071,6.56029391288757
52,FALSE,0.865187064045657,0.659161351819016,0.70568590150074,0.505081908484092,0.449122807017544,0.962248995983936,0.46339744944691,0.179913132082271,0.521242866201649,0.0583171413371802,0.12280701754386,0.919678714859438,0.401789614598747,0.479248219736744,6.66445899009705
53,FALSE,0.894708659198197,0.691529699207367,0.71720566476432,0.50233249061627,0.48421052631579,0.950200803212851,0.513422109490594,0.185476247657358,0.486155146903403,-0.0408882302184713,0.0526315789473684,0.919678714859438,0.381286549707603,0.50605345155001,6.52551603317261
54,FALSE,0.907137321214684,0.722035109564996,0.761023039526527,0.592944372093122,0.56140350877193,0.960642570281124,0.516169942929613,0.182765764201699,0.486155146903403,-0.0408882302184713,0.0526315789473684,0.919678714859438,0.390967378285071,0.539269345363297,6.54477000236511
55,FALSE,0.837581906573663,0.606776968942003,0.68427393785669,0.44498694009331,0.417543859649123,0.951004016064257,0.466215740153597,0.166666619271493,0.474106954132319,-0.068835322936273,0.0526315789473684,0.895582329317269,0.371366166420067,0.440110349670511,6.60728096961975
56,FALSE,0.957810188120905,0.86192305223183,0.841027266962587,0.723135859854136,0.71578947368421,0.966265060240964,0.515042626646938,0.192934860529649,0.506446839991545,0.0171385906086231,0.105263157894737,0.907630522088353,0.442767561473967,0.668988191702181,6.87141609191895
57,FALSE,0.865778905094062,0.62885367344014,0.701162544916508,0.467587717357507,0.456140350877193,0.946184738955823,0.609173536250265,0.288528333978148,0.534030860283238,0.0950329772630257,0.140350877192982,0.927710843373494,0.256605368843797,0.340325339461992,6.91739296913147
58,FALSE,0.833171281617699,0.513552017014717,0.629634326780807,0.334493624371379,0.312280701754386,0.946987951807229,0.450433312196153,0.164694599168518,0.48287888395688,-0.0448315753034882,0.0701754385964912,0.895582329317269,0.382737969421546,0.348857417846199,6.96081495285034
59,FALSE,0.853984358486579,0.605035826054304,0.665081378144156,0.423064831226433,0.371929824561403,0.958232931726908,0.512999365884591,0.217165837126376,0.509194673430564,0.0230815575876512,0.12280701754386,0.895582329317269,0.340984992601987,0.387869988927928,6.97315001487732
60,FALSE,0.829239766081872,0.535513039343686,0.605389980976538,0.322675332283515,0.242105263157895,0.968674698795181,0.539702670330444,0.207175685381287,0.521242866201649,0.0583171413371802,0.12280701754386,0.919678714859438,0.289537095751427,0.328337353962399,6.8476779460907
61,FALSE,0.883830057070388,0.704032788660231,0.747833439019235,0.554953876160198,0.543859649122807,0.951807228915663,0.468963573592615,0.167076011585509,0.470619319382794,-0.0925616174185779,0.0175438596491228,0.923694779116466,0.414866483477773,0.536956777074722,6.63160610198975
62,FALSE,0.933939265835272,0.83082240102873,0.811350665821179,0.673583625647106,0.659649122807018,0.963052208835341,0.448390051433805,0.189723179194898,0.521242866201649,0.0583171413371802,0.12280701754386,0.919678714859438,0.485549214401468,0.641099221833832,6.55641603469849
63,FALSE,0.952286338335799,0.859723784712071,0.84709363770873,0.735127082548069,0.726315789473684,0.967871485943775,0.406749806242514,0.150740692406546,0.477383217078842,-0.0681753562855982,0.0350877192982456,0.919678714859438,0.545536532093285,0.708983092305525,6.47356700897217
64,FALSE,0.788402733741986,0.529235522735532,0.636060029592052,0.368839603375945,0.312280701754386,0.959839357429719,0.512365250475587,0.211302522857507,0.513210737687593,0.0340915676843736,0.12280701754386,0.903614457831325,0.276037483266399,0.317932999878026,6.89129781723022
65,FALSE,0.798337208483056,0.482682476135149,0.633650391037836,0.355775476902193,0.312280701754386,0.955020080321285,0.49763968153315,0.182260015578778,0.480659480025365,-0.0697498244746048,0.0175438596491228,0.943775100401606,0.300697526949906,0.300422460556372,6.90613198280334
66,FALSE,0.853040231099839,0.615333803100704,0.69283449587825,0.441424808676973,0.449122807017544,0.936546184738956,0.453885718311844,0.170270145197846,0.503699006552526,0.0105154783459522,0.087719298245614,0.919678714859438,0.399154512787995,0.445063657902858,6.66806387901306
67,FALSE,0.926217149298951,0.766774748912885,0.789135489325724,0.618452176400001,0.628070175438596,0.950200803212851,0.520186007186642,0.209354817952036,0.508454872120059,0.0228335126131849,0.105263157894737,0.911646586345382,0.40603114211231,0.557419930960849,6.65345191955566
68,FALSE,0.827788346367928,0.547154104931339,0.660959627985627,0.390978202390872,0.378947368421053,0.942971887550201,0.504614951032199,0.195211263208043,0.484147114774889,-0.0459140113637377,0.0526315789473684,0.91566265060241,0.323173395335729,0.351942841723296,7.30772495269775
69,FALSE,0.890157119706898,0.670279836533658,0.711287254280279,0.484048022610182,0.47719298245614,0.945381526104418,0.576622278588036,0.236735903249675,0.499682942295498,-0.000870405094584779,0.087719298245614,0.911646586345382,0.313534841118862,0.433543933283983,7.20144104957581
70,FALSE,0.880377650954696,0.669748898310563,0.726928767702389,0.5154854829161,0.505263157894737,0.94859437751004,0.53089551187205,0.22424762433074,0.538786725850771,0.103112504153519,0.157894736842105,0.919678714859438,0.349482139082647,0.445501273979823,7.01296281814575
71,FALSE,0.845078559853449,0.588502127708565,0.676199534982033,0.421655831275803,0.407017543859649,0.945381526104418,0.578735996618051,0.232038020829899,0.515218769816106,0.0398502891586561,0.12280701754386,0.907630522088353,0.266342563235399,0.356464106878667,6.94901704788208
72,FALSE,0.861156908335096,0.585863842514584,0.681314732614669,0.437469888455858,0.414035087719298,0.94859437751004,0.539279926724442,0.211347871130112,0.500422743606003,0.00107570670117017,0.105263157894737,0.895582329317269,0.321876981610654,0.374515971384472,7.56860399246216
73,FALSE,0.87382512506165,0.620217940032461,0.718706404565631,0.497489587983311,0.491228070175439,0.946184738955823,0.539702670330444,0.204795332920714,0.53001479602621,0.0810589697768066,0.140350877192982,0.919678714859438,0.334122454731206,0.415422607111747,7.45729303359985
74,FALSE,0.821221729021349,0.482924519080745,0.626717395899387,0.312298631947693,0.319298245614035,0.934136546184739,0.452617487493835,0.159425839978205,0.46861128725428,-0.0966737410883576,0.0175438596491228,0.919678714859438,0.368604241527515,0.323498679102539,7.66027092933655
75,FALSE,0.87698161065314,0.624657660063344,0.691883322764743,0.439418578722015,0.445614035087719,0.938152610441767,0.498273796942155,0.180970414709346,0.498203339674487,-0.00610744679977041,0.0526315789473684,0.943775100401606,0.378707813710985,0.443687245353998,7.4773108959198
76,FALSE,0.923722962023534,0.740941024041509,0.773198055379412,0.60029361780496,0.592982456140351,0.953413654618474,0.573874445149018,0.215101031751277,0.513739167195096,0.0432842095842271,0.087719298245614,0.939759036144578,0.349848516874516,0.525839992290232,7.29386401176453
77,FALSE,0.80287465652082,0.498591538126899,0.598266751215388,0.291346828662961,0.235087719298246,0.96144578313253,0.433734939759036,0.15704353534827,0.476643415768336,-0.0793968083970153,0.0175438596491228,0.93574297188755,0.369139716761784,0.341548002778629,7.51759099960327
78,FALSE,0.922229267948989,0.783929376750642,0.786134009723103,0.626718287725137,0.614035087719298,0.958232931726908,0.441907982808426,0.164384568016892,0.482139082646375,-0.0507747382990265,0.0526315789473684,0.911646586345382,0.480321285140563,0.61954480873375,7.20121121406555
79,FALSE,0.755034171774818,0.458038727740955,0.608391460579159,0.309915589491464,0.256140350877193,0.960642570281125,0.445078559853449,0.174020648042898,0.517755231452124,0.0587571792693525,0.087719298245614,0.947791164658635,0.309955611921369,0.284018079698057,7.21603584289551
80,FALSE,0.840301557105615,0.599730377006498,0.677002747833439,0.42497053396833,0.407017543859649,0.946987951807229,0.490523497498767,0.180937189618458,0.506446839991545,0.0171385906086231,0.105263157894737,0.907630522088353,0.349778059606848,0.41879318738804,8.10413312911987
81,FALSE,0.85599943634186,0.623985243557552,0.715451278799408,0.499261468501154,0.480701754385965,0.950200803212851,0.529415909251038,0.188385113579716,0.486155146903403,-0.0408882302184713,0.0526315789473684,0.919678714859438,0.326583527090822,0.435600129977836,7.9846920967102
82,FALSE,0.926076234763616,0.747480845884498,0.785077150708095,0.6158098470036,0.617543859649123,0.952610441767068,0.489325723948426,0.187783005179371,0.496406679348975,-0.00890305712244703,0.105263157894737,0.887550200803213,0.436750510815191,0.559697840705127,7.91553092002869
83,FALSE,0.916226308743747,0.71400133198979,0.738659902768971,0.540164109081696,0.526315789473684,0.951004016064257,0.471922778834637,0.173621271677611,0.494187275417459,-0.0187555193281926,0.0526315789473684,0.93574297188755,0.44430352990911,0.54038006031218,8.05001187324524
84,FALSE,0.839160149369408,0.583710700772901,0.69429296131896,0.45264652432514,0.445614035087719,0.942971887550201,0.473895582329317,0.168213658944795,0.476114986260833,-0.0645046731322475,0.0526315789473684,0.899598393574297,0.365264567040092,0.415497041828106,7.03207087516785
85,FALSE,0.818107517790461,0.523024564314146,0.631536673007821,0.333510688237641,0.319298245614035,0.943775100401606,0.563024025928275,0.212395906846597,0.511202705559078,0.0285062275810095,0.12280701754386,0.899598393574297,0.255083491862186,0.310628657467549,7.71504306793213
86,FALSE,0.913069823152259,0.690116990455335,0.729887972944409,0.524569323624185,0.508771929824561,0.951004016064257,0.539209469456775,0.210877806183648,0.512470936377087,0.034825749431792,0.105263157894737,0.919678714859438,0.373860353695484,0.479239184271688,6.80424189567566
87,FALSE,0.726808990347354,0.367377872288513,0.533312196153033,0.130684518744185,0.0947368421052631,0.971887550200803,0.517860917353626,0.17810020038102,0.473895582329317,-0.100780293838309,0,0.947791164658635,0.208948072993728,0.189277671907493,7.05061411857605
88,FALSE,0.882449094624111,0.676277678392406,0.718664130205031,0.515434652755359,0.480701754385965,0.956626506024096,0.455999436341858,0.160943361364813,0.48139928133587,-0.0586001606678767,0.0350877192982456,0.927710843373494,0.426449658282253,0.515334317027592,6.84669804573059
89,FALSE,0.868414006904813,0.637799668288512,0.70858169520186,0.483902337692735,0.470175438596491,0.946987951807229,0.480236736419362,0.175330127718357,0.500951173113507,0.00292950730570781,0.0701754385964912,0.931726907630522,0.388177270485451,0.462469540570155,6.706946849823
90,FALSE,0.875473825125063,0.63295356815059,0.675354047770027,0.435756789476186,0.396491228070175,0.95421686746988,0.53758895230043,0.23255491032047,0.517755231452124,0.0587571792693525,0.087719298245614,0.947791164658635,0.337884872824633,0.40039865783012,6.91094493865967
91,FALSE,0.808793067004861,0.562004791551081,0.67860917353625,0.433583332912642,0.407017543859649,0.950200803212851,0.443528499964771,0.158876172895842,0.488163179031917,-0.0356805602990047,0.0526315789473684,0.923694779116466,0.36526456704009,0.403128618655239,6.86791205406189
92,FALSE,0.892439935179315,0.694407900926171,0.729232720355105,0.514064658532762,0.512280701754386,0.946184738955823,0.49143944197844,0.208606759265105,0.502430775734517,0.00627284845392473,0.105263157894737,0.899598393574297,0.401000493200875,0.485801141661066,6.98601508140564
93,FALSE,0.849686465158882,0.581833628938569,0.678397801733249,0.41266635575025,0.421052631578947,0.93574297188755,0.445642217994787,0.165100756647382,0.470619319382794,-0.0925616174185779,0.0175438596491228,0.923694779116466,0.404044247164095,0.416732872291187,6.95014595985413
94,FALSE,0.906658211794548,0.761185198724502,0.757006975269499,0.572654566052938,0.56140350877193,0.952610441767068,0.49242584372578,0.206158723958831,0.517226801944621,0.0457965617902551,0.12280701754386,0.911646586345382,0.414232368068767,0.555026474765671,7.17316317558289
95,FALSE,0.886535616148807,0.638808212156924,0.707672796448954,0.466729745217001,0.47719298245614,0.938152610441767,0.487775664059747,0.175166728331413,0.476114986260833,-0.0645046731322475,0.0526315789473684,0.899598393574297,0.39875995208906,0.463641483825511,7.07720112800598
96,FALSE,0.859480025364617,0.655926139143896,0.719763263580638,0.509024937281658,0.487719298245614,0.951807228915663,0.576199534982034,0.221194959139848,0.521242866201649,0.0583171413371802,0.12280701754386,0.919678714859438,0.283280490382583,0.434731180004048,8.03364610671997
97,FALSE,0.875727471288664,0.635472676908029,0.7142464595223,0.493235582589967,0.480701754385965,0.947791164658635,0.494257732685126,0.204416844102984,0.512470936377087,0.034825749431792,0.105263157894737,0.919678714859438,0.381469738603538,0.431055832805045,8.12150192260742
98,FALSE,0.810498132882407,0.586397389280378,0.691650813781442,0.479166285540897,0.421052631578947,0.962248995983936,0.444655816247446,0.193238002713447,0.483407313464384,-0.0535384824459315,0.0350877192982456,0.931726907630522,0.365842316634961,0.393159386566932,8.26048398017883
99,FALSE,0.888085676037485,0.716054535339043,0.737560769393363,0.546011340694912,0.519298245614035,0.955823293172691,0.566546889311633,0.200452165340541,0.49291904459945,-0.0201296299765371,0.0701754385964912,0.91566265060241,0.321538786725852,0.515602369998502,8.17300605773926
100,FALSE,0.873613753258649,0.629450421184105,0.704016064257028,0.465615828340723,0.466666666666667,0.94136546184739,0.44381032903544,0.167352464139147,0.511202705559078,0.0285062275810095,0.12280701754386,0.899598393574297,0.42980342422321,0.462097957044957,7.48296594619751
101,FALSE,0.842147537518495,0.585482124148442,0.67860917353625,0.434446166231958,0.407017543859649,0.950200803212851,0.51102656238991,0.217225294891442,0.498943140984993,-0.00318576431241113,0.0701754385964912,0.927710843373494,0.331120975128585,0.368256829256999,7.3289589881897
102,FALSE,0.894328189952795,0.679504635629851,0.715451278799408,0.499468617594777,0.480701754385965,0.950200803212851,0.459663214260551,0.176838980481402,0.494187275417459,-0.0187555193281926,0.0526315789473684,0.93574297188755,0.434664975692244,0.502665655148449,7.31624794006348
103,FALSE,0.880772211653633,0.685516470615687,0.742464595222997,0.53562794723007,0.540350877192982,0.944578313253012,0.445008102585781,0.169143981212801,0.501690974424012,0.00472213551617519,0.087719298245614,0.91566265060241,0.435764109067851,0.516372489402887,7.27714896202087
104,FALSE,0.828225181427464,0.526854049672406,0.658697949693511,0.375594028641082,0.382456140350877,0.934939759036145,0.472838723314309,0.161266759252374,0.462587190868738,-0.108357066818421,0.0175438596491228,0.907630522088353,0.355386458113155,0.365587290420031,7.37076783180237
105,FALSE,0.935545691538083,0.7905553852456,0.814605791587402,0.67170687279419,0.670175438596491,0.959036144578313,0.560769393362926,0.214305780172879,0.500951173113507,0.00292950730570781,0.0701754385964912,0.931726907630522,0.374776298175157,0.576249605072721,7.22657704353333
106,FALSE,0.944634679067146,0.81674787366909,0.821919255971253,0.672402410254237,0.691228070175439,0.952610441767068,0.520608750792644,0.201534752581008,0.507715070809554,0.0227850443202168,0.087719298245614,0.927710843373494,0.424025928274502,0.615213121088082,7.30585098266602
107,FALSE,0.862086944268302,0.649293244994919,0.70708095540055,0.486171341884114,0.463157894736842,0.951004016064257,0.485309659691397,0.194335759479781,0.494927076727964,-0.0146924836363961,0.0701754385964912,0.919678714859438,0.376777284576905,0.454957485515138,7.39982986450195
108,FALSE,0.809906291834003,0.51011758484726,0.633692665398436,0.339800403582539,0.32280701754386,0.944578313253012,0.592404706545481,0.227427595836665,0.490171211160431,-0.030271575492314,0.0526315789473684,0.927710843373494,0.217501585288522,0.282689989010596,6.96639895439148
109,FALSE,0.906390474177412,0.67349690931119,0.726273515113084,0.506839736060847,0.508771929824561,0.943775100401606,0.566828718382302,0.203439021590127,0.494927076727964,-0.0146924836363961,0.0701754385964912,0.919678714859438,0.33956175579511,0.470057887721063,6.72843599319458
110,FALSE,0.904502219403933,0.758140760828133,0.773557387444515,0.619025768698218,0.582456140350877,0.964658634538153,0.401042767561474,0.150494675236103,0.474846755442824,-0.0623213998571292,0.0701754385964912,0.879518072289157,0.503459451842458,0.60764608559203,6.97634196281433
111,FALSE,0.867793982949342,0.663148624019337,0.712238427393786,0.483402722598031,0.480701754385965,0.943775100401606,0.419361657154936,0.167516200802517,0.504438807863031,0.011623001004608,0.105263157894737,0.903614457831325,0.448432325794406,0.49563242321682,6.93077802658081
112,FALSE,0.836510956105122,0.622801379666349,0.693954766434158,0.478285084712343,0.428070175438596,0.959839357429719,0.533854717114069,0.20893350454289,0.513210737687593,0.0340915676843736,0.12280701754386,0.903614457831325,0.302656238991053,0.413867875123459,8.97903203964233
113,FALSE,0.920932854223915,0.761771481627776,0.808285774677658,0.654366420469341,0.663157894736842,0.953413654618474,0.433946311562037,0.15558128214783,0.461847389558233,-0.123104408681409,0,0.923694779116466,0.486986542661878,0.606190199479946,8.45253920555115
114,FALSE,0.887113365743678,0.694478985290987,0.74136546184739,0.541820718460473,0.533333333333333,0.949397590361446,0.497005566124145,0.180617121889795,0.50570703868104,0.0165290440909456,0.087719298245614,0.923694779116466,0.390107799619532,0.513861863401192,8.51976585388184
115,FALSE,0.820362150355809,0.550833799167071,0.657598816317903,0.381124823770049,0.375438596491228,0.939759036144578,0.542661875572465,0.207891208083923,0.515958571126612,0.0390429327787943,0.140350877192982,0.891566265060241,0.277700274783343,0.342942591083148,8.55921101570129
116,FALSE,0.805650672866906,0.514506334483056,0.635848657789051,0.345322457918242,0.326315789473684,0.945381526104418,0.491791728316776,0.183890878726084,0.510462904248573,0.0287233681212977,0.105263157894737,0.91566265060241,0.31385894455013,0.330615455756972,8.18113207817078
117,FALSE,0.880941309096034,0.612664828658848,0.705368843796238,0.467043276127618,0.470175438596491,0.940562248995984,0.491298527443106,0.209445610416122,0.498943140984993,-0.00318576431241113,0.0701754385964912,0.927710843373494,0.389642781652928,0.403219218242726,7.80122900009155
118,FALSE,0.853857535404777,0.614413926635771,0.695857112661171,0.475959263401483,0.435087719298246,0.956626506024096,0.480025364616361,0.183466855639774,0.504967237370535,0.0160274437895464,0.0701754385964912,0.939759036144578,0.373832170788417,0.430947070995996,7.99057197570801
119,FALSE,0.829958430212076,0.612499329134588,0.714901712111604,0.502820451802383,0.47719298245614,0.952610441767068,0.519129148171634,0.191988586989921,0.500951173113507,0.00292950730570781,0.0701754385964912,0.931726907630522,0.310829282040442,0.420510742144667,7.93132495880127
120,FALSE,0.873994222504052,0.643305087435966,0.697801733248785,0.459319997641341,0.452631578947368,0.942971887550201,0.456915380821531,0.15907005797064,0.460579158740224,-0.112064954944005,0.0175438596491228,0.903614457831325,0.417078841682521,0.484235029465326,8.28296113014221
121,FALSE,0.926513069823152,0.793995107859867,0.788184316212217,0.61917021588771,0.624561403508772,0.951807228915663,0.396251673360107,0.143004203696816,0.455823293172691,-0.133164948258785,0,0.911646586345382,0.530261396463045,0.650990904163051,8.16991400718689
122,FALSE,0.896836468681746,0.700599453908383,0.720312830268442,0.506233633466604,0.491228070175439,0.949397590361446,0.523849785105334,0.189269967024458,0.488902980342422,-0.0304641783104673,0.0701754385964912,0.907630522088353,0.372986683576412,0.511329486883925,7.61319994926453
123,FALSE,0.805636581413373,0.482476831917481,0.612090467131685,0.297625496652384,0.27719298245614,0.946987951807229,0.579722398365391,0.265241652111146,0.544810822236314,0.125136591178643,0.157894736842105,0.931726907630522,0.225914183047982,0.217235179806336,7.870845079422
124,FALSE,0.920552384978511,0.780072396286117,0.776262946522934,0.621482101099628,0.589473684210526,0.963052208835341,0.437257803142394,0.156117772189009,0.49291904459945,-0.0201296299765371,0.0701754385964912,0.91566265060241,0.483294581836117,0.623954624097107,8.20913696289062
125,FALSE,0.951314028041992,0.824042682122579,0.805833861762841,0.657515240902653,0.652631578947368,0.959036144578313,0.497780596068485,0.190366305322273,0.501690974424012,0.00472213551617519,0.087719298245614,0.91566265060241,0.453533431973507,0.633676376800306,8.11804795265198
126,FALSE,0.803790601000494,0.468684705422678,0.626273515113084,0.321959854590339,0.308771929824561,0.943775100401606,0.479954907348694,0.168320930692434,0.461318960050729,-0.101286151611584,0.0350877192982456,0.887550200803213,0.3238356936518,0.300363774730244,8.17205905914307
127,FALSE,0.855971253434792,0.600188559477076,0.68006763897696,0.44776361156892,0.403508771929825,0.956626506024096,0.599168604241528,0.288213925619043,0.536038892411752,0.10245080331342,0.140350877192982,0.931726907630522,0.256802649193265,0.311974633858033,8.26194906234741
128,FALSE,0.842457549496232,0.573571899983584,0.654850982878884,0.392593134174322,0.357894736842105,0.951807228915663,0.56485591488762,0.212022715033148,0.500951173113507,0.00292950730570781,0.0701754385964912,0.931726907630522,0.277601634608612,0.361549184950437,7.49633812904358
129,FALSE,0.939491298527443,0.807144239913777,0.807989854153456,0.662771260608271,0.656140350877193,0.959839357429719,0.48523920242373,0.179306039601405,0.490911012470936,-0.0253814783994416,0.0701754385964912,0.911646586345382,0.454252096103713,0.627838200312372,7.35867786407471
130,FALSE,0.861621926301699,0.617576710883355,0.684929190445994,0.455495132076094,0.414035087719298,0.955823293172691,0.540689072077785,0.216322037215208,0.519234834073135,0.0519462411949957,0.12280701754386,0.91566265060241,0.320932854223914,0.401254673668147,7.60451507568359
131,FALSE,0.741605016557457,0.404833044223479,0.575100401606426,0.221435463417025,0.2,0.950200803212851,0.549707602339181,0.198927533010464,0.486155146903403,-0.0408882302184713,0.0526315789473684,0.919678714859438,0.191897414218276,0.205905511213015,7.68179392814636
132,FALSE,0.894962305361799,0.722600129537554,0.729592052420207,0.534715502629335,0.501754385964912,0.957429718875502,0.481575424505037,0.177906012588009,0.487634749524413,-0.0310407153764965,0.087719298245614,0.887550200803213,0.413386880856762,0.544694116949545,7.40196394920349
133,FALSE,0.869344042838019,0.660013784026207,0.734939759036145,0.510313463348121,0.533333333333333,0.936546184738956,0.569153808215318,0.215106912187741,0.508454872120059,0.0228335126131849,0.105263157894737,0.911646586345382,0.300190234622701,0.444906871838467,7.2566990852356
134,FALSE,0.841752976819559,0.593178752526182,0.683724371168886,0.448293993062944,0.414035087719298,0.953413654618474,0.402804199253153,0.146288252195771,0.4713591206933,-0.0814198466215159,0.0350877192982456,0.907630522088353,0.438948777566406,0.446890500330411,7.22162103652954
135,FALSE,0.95859930951878,0.863761680735167,0.846142464595223,0.736854720294733,0.72280701754386,0.969477911646586,0.533079687169733,0.187932990044912,0.480870851828366,-0.0493645900069729,0.0701754385964912,0.891566265060241,0.425519622349047,0.675828690690255,7.19865679740906
136,FALSE,0.840245191291482,0.586159007258004,0.66436271401395,0.386555663631431,0.392982456140351,0.93574297188755,0.507151412668217,0.192475504727823,0.491650813781442,-0.0215458707765241,0.087719298245614,0.895582329317269,0.333093778623265,0.393683502530181,7.99640107154846
137,FALSE,0.904967237370536,0.7332699911975,0.774698795180723,0.59471294638004,0.6,0.949397590361446,0.516029028394279,0.201659348084089,0.510462904248573,0.0287233681212977,0.105263157894737,0.91566265060241,0.388938208976257,0.53161064311341,7.67027187347412
138,FALSE,0.913478475304729,0.72797610048921,0.769034030860283,0.584197793810521,0.589473684210526,0.94859437751004,0.450574226731487,0.172971839845301,0.494927076727964,-0.0146924836363961,0.0701754385964912,0.919678714859438,0.462904248573241,0.555004260643909,7.85323405265808
139,FALSE,0.936405270203621,0.768976413051077,0.787782709786515,0.617967404537755,0.624561403508772,0.951004016064257,0.57753822306771,0.236964556426799,0.522511097019658,0.0693316729017514,0.105263157894737,0.939759036144578,0.358867047135911,0.532011856624278,7.60064697265625
140,FALSE,0.94173183963926,0.79509457023642,0.800507292327204,0.622060733034658,0.659649122807017,0.94136546184739,0.448953709575142,0.173740110176999,0.480131050517861,-0.0554850923150585,0.0526315789473684,0.907630522088353,0.492778130064117,0.621354460059421,7.78682613372803
141,FALSE,0.9378707813711,0.818998570671912,0.806679348974847,0.645203463085256,0.663157894736842,0.950200803212851,0.435284999647714,0.175552860861992,0.53001479602621,0.0810589697768066,0.140350877192982,0.919678714859438,0.502585781723386,0.64344570980992,7.69372320175171
142,FALSE,0.916085394208415,0.757863522549198,0.779264426125555,0.611064102842017,0.603508771929825,0.955020080321285,0.442894384555767,0.161878965184658,0.486894948213908,-0.0353919445504367,0.0701754385964912,0.903614457831325,0.473191009652648,0.59598455736454,7.88176703453064
143,FALSE,0.868287183823011,0.674456955238385,0.713147326146692,0.499055450846925,0.473684210526316,0.952610441767068,0.468259000915944,0.167228919163114,0.462587190868738,-0.108357066818421,0.0175438596491228,0.907630522088353,0.400028182907067,0.507228036075271,8.00470590591431
144,FALSE,0.944423307264144,0.798480969830347,0.781124497991968,0.626088423898133,0.6,0.962248995983936,0.492778130064116,0.193119305691475,0.511731135066582,0.0361305901037296,0.087719298245614,0.93574297188755,0.451645177200028,0.605361664138872,7.2321240901947
145,FALSE,0.924272528711337,0.773100189491187,0.798816317903192,0.647664208382458,0.63859649122807,0.959036144578313,0.502219403931516,0.188442930584623,0.513739167195096,0.0432842095842271,0.087719298245614,0.939759036144578,0.422053124779821,0.584657258906563,7.17524313926697
146,FALSE,0.85612625942366,0.611112416784665,0.680469245402663,0.450518791918117,0.403508771929825,0.957429718875502,0.4095680969492,0.146412123966567,0.456563094483196,-0.119245497958115,0.0175438596491228,0.895582329317269,0.446558162474461,0.464700292818098,7.26823377609253
147,FALSE,0.715282181357007,0.376934295971418,0.541682519551892,0.160423253558469,0.112280701754386,0.971084337349398,0.572465299795675,0.221112572991474,0.513739167195096,0.0432842095842271,0.087719298245614,0.939759036144578,0.142816881561332,0.155821722979944,7.47706294059753
148,FALSE,0.895596420770804,0.712569137104123,0.764574085816952,0.579842401273722,0.578947368421053,0.950200803212851,0.490100753892764,0.173602895979687,0.461318960050729,-0.101286151611584,0.0350877192982456,0.887550200803213,0.40549566687804,0.538966241124435,6.9544529914856
149,FALSE,0.949115761290778,0.843191873247579,0.822024941872754,0.684365057390394,0.68421052631579,0.959839357429719,0.438032833086732,0.158511515841159,0.48287888395688,-0.0448315753034882,0.0701754385964912,0.895582329317269,0.511082928204046,0.68468035740642,6.84336018562317
150,FALSE,0.90732051011062,0.701219106875615,0.753646163601775,0.560734551532984,0.557894736842105,0.949397590361446,0.427041499330656,0.152785192217652,0.463326992179243,-0.0974932941179051,0.0350877192982456,0.891566265060241,0.480279010779964,0.548433914657963,6.87598299980164
151,FALSE,0.913675755654197,0.747749988494833,0.770746142464595,0.60480001473817,0.582456140350877,0.959036144578313,0.506165010920877,0.194746150777361,0.51574719932361,0.0508104069072853,0.087719298245614,0.943775100401606,0.407510744733321,0.553003837717472,6.95983195304871
152,FALSE,0.957528359050236,0.859157175475678,0.833502430775734,0.698043370625012,0.708771929824561,0.958232931726908,0.462411047699569,0.17858565690274,0.484147114774889,-0.0459140113637377,0.0526315789473684,0.91566265060241,0.495117311350667,0.680571518572938,7.89769411087036
153,FALSE,0.952990911012472,0.875003926293588,0.842232086239696,0.729466608621794,0.71578947368421,0.968674698795181,0.407947579792855,0.151900314416841,0.473367152821814,-0.0771355390910794,0.0350877192982456,0.911646586345382,0.545043331219617,0.723103611876747,7.93750882148743
154,FALSE,0.861466920312831,0.569633344601064,0.68285774677658,0.41846608080474,0.431578947368421,0.934136546184739,0.538434439512436,0.217731775614461,0.504438807863031,0.011623001004608,0.105263157894737,0.903614457831325,0.323032480800395,0.351901568986603,7.87888813018799
155,FALSE,0.924103431268937,0.780110722819519,0.782371591629677,0.614399705906072,0.610526315789474,0.95421686746988,0.590713732121469,0.310599166770772,0.548826886493342,0.141415155000312,0.157894736842105,0.939759036144578,0.333389699147468,0.469511556048747,7.93108606338501
156,FALSE,0.894257732685127,0.705168270800842,0.746079053054323,0.554827828650123,0.540350877192982,0.951807228915663,0.419995772563939,0.157255489930807,0.492179243288945,-0.0246387039171754,0.0526315789473684,0.931726907630522,0.474261960121188,0.547912780870035,9.46765685081482
157,FALSE,0.898020150778553,0.737756969269883,0.765229338406257,0.58893811176283,0.575438596491228,0.955020080321285,0.46466568026492,0.174291316223535,0.496406679348975,-0.00890305712244703,0.105263157894737,0.887550200803213,0.433354470513633,0.563465653046348,9.56351113319397
158,FALSE,0.938011695906433,0.774763588884625,0.774149228492919,0.597280701795605,0.596491228070175,0.951807228915663,0.486789262312408,0.1753592572356,0.468082857746777,-0.0812158559383477,0.0526315789473684,0.883534136546185,0.451222433594025,0.599404331649025,9.26017594337463
159,FALSE,0.766983724371169,0.410425910879103,0.573198055379412,0.218241465417128,0.192982456140351,0.953413654618474,0.544986965405482,0.199083197990502,0.496195307545973,-0.012590824129147,0.0526315789473684,0.939759036144578,0.221996758965688,0.211342712888602,9.7313539981842
160,FALSE,0.881349961248503,0.677484544263485,0.710293806806172,0.503438511395484,0.463157894736842,0.957429718875502,0.419079828084266,0.156232936422853,0.474846755442824,-0.0623213998571292,0.0701754385964912,0.879518072289157,0.462270133164237,0.521251607840633,7.65796113014221
161,FALSE,0.950947650250125,0.839753583951952,0.812005918410484,0.683733415869395,0.656140350877193,0.967871485943775,0.427464242936659,0.152957309626679,0.464806594800254,-0.0821751399988589,0.0701754385964912,0.859437751004016,0.523483407313465,0.686796274325274,7.4510440826416
162,FALSE,0.823011343620095,0.595346407461372,0.662566053688438,0.4002596046691,0.378947368421053,0.946184738955823,0.478334390192348,0.20685685044426,0.491122384273938,-0.0200880060620331,0.12280701754386,0.859437751004016,0.344676953427746,0.388489557017112,7.70850992202759
163,FALSE,0.828337913055732,0.561448459724926,0.682054533925174,0.414755140881815,0.431578947368421,0.932530120481928,0.55745790178257,0.215608396455958,0.525998731769182,0.0680775773127043,0.140350877192982,0.911646586345382,0.270880011273161,0.345840063268968,7.67372798919678
164,FALSE,0.818544352849997,0.50564151431594,0.627520608750793,0.315134981198344,0.319298245614035,0.93574297188755,0.541605016557458,0.22840135693135,0.509723102938068,0.0293090316741824,0.087719298245614,0.931726907630522,0.276939336292539,0.27724015738459,8.54873895645142
165,FALSE,0.903332628760658,0.705526316971949,0.749630099344747,0.542718066784142,0.557894736842105,0.94136546184739,0.532445571760728,0.18926310800118,0.455823293172691,-0.133164948258785,0,0.911646586345382,0.37088705699993,0.516263208970769,8.3128650188446
166,FALSE,0.938420348058902,0.796170239422464,0.782371591629677,0.61511826228052,0.610526315789474,0.95421686746988,0.573874445149018,0.216525080047483,0.49566687803847,-0.011519380573009,0.087719298245614,0.903614457831325,0.364545902909885,0.579645159374981,8.32942700386047
167,FALSE,0.822898611991827,0.578680062417072,0.677658000422744,0.43470627442974,0.403508771929825,0.951807228915663,0.566546889311633,0.227689396226226,0.514478968505601,0.0411605866684416,0.105263157894737,0.923694779116466,0.256351722680194,0.350990666190846,8.5335259437561
168,FALSE,0.81712111604312,0.516924301024364,0.617057704502219,0.318311792783632,0.280701754385965,0.953413654618474,0.48671880504474,0.180081065166287,0.482139082646375,-0.0507747382990265,0.0526315789473684,0.911646586345382,0.33040231099838,0.336843235858077,9.62034702301025
169,FALSE,0.86359472979638,0.6365764631077,0.717501585288522,0.49263580661583,0.491228070175439,0.943775100401606,0.434157683365039,0.172946039176056,0.516487000634115,0.0477505718182872,0.105263157894737,0.927710843373494,0.429437046431341,0.463630423931644,9.36492276191711
170,FALSE,0.855886704713592,0.576864965253731,0.64567744662862,0.372861660008121,0.340350877192982,0.951004016064257,0.434932713309378,0.167349537293696,0.469351088564785,-0.0855887062306753,0.0350877192982456,0.903614457831325,0.420953991404214,0.409515427960036,9.40787196159363
171,FALSE,0.901810751779046,0.712195299273344,0.773050095117311,0.604578978292021,0.589473684210526,0.956626506024096,0.516169942929614,0.227986560033345,0.516487000634115,0.0477505718182872,0.105263157894737,0.927710843373494,0.385640808849433,0.484208739239999,9.4560489654541
172,FALSE,0.875981117452266,0.642359008824562,0.695497780596068,0.458728477069096,0.445614035087719,0.945381526104418,0.484886916085394,0.190982386519462,0.506446839991545,0.0171385906086231,0.105263157894737,0.907630522088353,0.391094201366872,0.4513766223051,8.83248901367188
173,FALSE,0.866835764109069,0.629845839268845,0.676199534982033,0.42220830078874,0.407017543859649,0.945381526104418,0.478545761995351,0.185302587661352,0.514478968505601,0.0411605866684416,0.105263157894737,0.923694779116466,0.388290002113719,0.444543251607493,8.88934087753296
174,FALSE,0.880307193687029,0.676425673229947,0.719361657154935,0.508124240397972,0.487719298245614,0.951004016064257,0.42520961037131,0.157502176509991,0.496195307545973,-0.012590824129147,0.0526315789473684,0.939759036144578,0.455097583315719,0.518923496719956,8.65481495857239
175,FALSE,0.905460438244205,0.720104546225122,0.771084337349398,0.5772098030097,0.6,0.942168674698795,0.492355386458113,0.175075712749329,0.49291904459945,-0.0201296299765371,0.0701754385964912,0.91566265060241,0.413105051786091,0.545028833475794,8.54597806930542
176,FALSE,0.872599168604242,0.638823076790603,0.724075248361869,0.52062075389995,0.494736842105263,0.953413654618474,0.567674205594307,0.210912684489386,0.493658845909956,-0.0166042871494401,0.087719298245614,0.899598393574297,0.304924963009934,0.427910392301216,10.1432149410248
177,FALSE,0.927344465581626,0.816284228631912,0.79852039737899,0.658641814839987,0.631578947368421,0.965461847389558,0.424293665891636,0.158558847441401,0.490171211160431,-0.030271575492314,0.0526315789473684,0.927710843373494,0.503050799689989,0.657725381190511,10.0615141391754
178,FALSE,0.877531177340943,0.688730875994728,0.733544705136335,0.526155210440088,0.519298245614035,0.947791164658635,0.459170013386881,0.191495313184995,0.511731135066582,0.0361305901037296,0.087719298245614,0.93574297188755,0.418361163954062,0.497235562809733,10.0979599952698
179,FALSE,0.883830057070388,0.65801761132875,0.702261678292116,0.462357288471128,0.463157894736842,0.94136546184739,0.526879447615021,0.191895662732148,0.496195307545973,-0.012590824129147,0.0526315789473684,0.939759036144578,0.356950609455366,0.466121948596602,10.1139380931854
180,FALSE,0.848361868526739,0.569649425188569,0.680870851828366,0.451413247370711,0.403508771929825,0.958232931726908,0.459522299725216,0.16176018923191,0.483407313464384,-0.0535384824459315,0.0350877192982456,0.931726907630522,0.388839568801522,0.407889235956658,9.59936809539795
181,FALSE,0.905953639117876,0.683170101637148,0.723419995772564,0.509412276623482,0.498245614035088,0.94859437751004,0.493482702740788,0.225649082142261,0.513739167195096,0.0432842095842271,0.087719298245614,0.939759036144578,0.412470936377088,0.457521019494886,9.3072669506073
182,FALSE,0.837511449305996,0.490118669984533,0.622511097019658,0.310243609281653,0.305263157894737,0.939759036144578,0.544211935461143,0.195814812758543,0.517966603255126,0.0445152856122352,0.140350877192982,0.895582329317269,0.293299513844854,0.29430385722599,9.33701992034912
183,FALSE,0.866892129923202,0.65114234862999,0.737412809131262,0.552109568705431,0.515789473684211,0.959036144578313,0.483125484393716,0.207499899495559,0.534030860283238,0.0950329772630257,0.140350877192982,0.927710843373494,0.383766645529486,0.44364244913443,9.25961184501648
184,FALSE,0.844388078630312,0.55399090608504,0.667025998731769,0.404102024209302,0.389473684210526,0.944578313253012,0.414147819347565,0.149505650069686,0.452547030226168,-0.126151265299537,0.0175438596491228,0.887550200803213,0.430240259282746,0.404485256015354,9.0733699798584
185,FALSE,0.873543295990983,0.637109318014445,0.720608750792644,0.496439022157188,0.498245614035088,0.942971887550201,0.413443246670894,0.14801102398921,0.460579158740224,-0.112064954944005,0.0175438596491228,0.903614457831325,0.460100049320089,0.489098294025235,8.84075403213501
186,FALSE,0.766645529486367,0.412072023378894,0.596744874233777,0.254074177934581,0.256140350877193,0.937349397590361,0.488339322201085,0.178555300456179,0.499682942295498,-0.000870405094584779,0.087719298245614,0.911646586345382,0.278306207285282,0.233516722922715,8.96511387825012
187,FALSE,0.833875854294371,0.594997754911878,0.660811667723526,0.396757077663588,0.375438596491228,0.946184738955823,0.504051292890861,0.173638986672189,0.474635383639822,-0.0839388275276465,0.0175438596491228,0.931726907630522,0.32982456140351,0.421358768239689,9.28378105163574
188,FALSE,0.840160642570282,0.582031482914756,0.674445149017121,0.418504638628268,0.403508771929825,0.945381526104418,0.524342985979004,0.208701949491508,0.521242866201649,0.0583171413371802,0.12280701754386,0.919678714859438,0.315817656591278,0.373329533423248,8.93885898590088
189,FALSE,0.848319594166139,0.549486326324951,0.652293384062566,0.384198479250111,0.354385964912281,0.950200803212851,0.564855914887621,0.251410766033201,0.555590784189389,0.155240205094259,0.175438596491228,0.93574297188755,0.283463679278518,0.298075560291749,8.86916208267212
190,FALSE,0.951187204960192,0.835692644718429,0.820270555907842,0.681734430246476,0.680701754385965,0.959839357429719,0.354470513633481,0.137628434001306,0.466074825618263,-0.0851629883406443,0.0526315789473684,0.879518072289157,0.596716691326711,0.698064210717123,8.69255709648132
191,FALSE,0.952892270837737,0.834778716280055,0.831304164024519,0.71109999767429,0.694736842105263,0.967871485943775,0.486366518706404,0.181858680544242,0.50570703868104,0.0165290440909456,0.087719298245614,0.923694779116466,0.466525752131333,0.652920035735813,8.57461214065552
192,FALSE,0.927978580990629,0.764762258947426,0.778313253012048,0.612324816647271,0.6,0.956626506024096,0.512083421404918,0.180640171756669,0.470830691185796,-0.0704952902407223,0.0701754385964912,0.8714859437751,0.415895159585711,0.584122087190757,8.85805892944336
193,FALSE,0.856140350877194,0.521379884240767,0.653033185373071,0.364931053111579,0.371929824561403,0.934136546184739,0.380962446276334,0.144499647002292,0.479391249207356,-0.0634726582903358,0.0350877192982456,0.923694779116466,0.47517790460086,0.376880237238475,8.98596382141113
194,FALSE,0.816698372437118,0.574864219132653,0.67429718875502,0.422883095550098,0.4,0.94859437751004,0.400338194884802,0.170060078349156,0.476114986260833,-0.0645046731322475,0.0526315789473684,0.899598393574297,0.416360177552316,0.404804140783497,8.89182019233704
195,FALSE,0.829338406256605,0.521310304218507,0.610547452969774,0.318379455267591,0.259649122807018,0.96144578313253,0.476713873036004,0.166749194120295,0.475375184950328,-0.0727248674878153,0.0350877192982456,0.91566265060241,0.352624533220601,0.354561110098212,9.15268802642822
196,FALSE,0.84048474600155,0.643346183880128,0.711244979919679,0.50105444427273,0.466666666666667,0.955823293172691,0.489043894877757,0.18835782377164,0.513210737687593,0.0340915676843736,0.12280701754386,0.903614457831325,0.351440851123794,0.454988360108487,11.5562789440155
197,FALSE,0.830071161840344,0.534135662965378,0.662206721623335,0.380797388448138,0.389473684210526,0.934939759036145,0.427252871133658,0.158638026308784,0.478862819699852,-0.0537853350585084,0.0701754385964912,0.887550200803213,0.402818290706686,0.375497636656594,11.4140069484711
198,FALSE,0.865172972592124,0.541776717741333,0.63574297188755,0.336156403518402,0.333333333333333,0.938152610441767,0.565701402099626,0.194258627565156,0.46861128725428,-0.0966737410883576,0.0175438596491228,0.919678714859438,0.299471570492498,0.347518090176177,11.0558340549469
199,FALSE,0.914112590713733,0.760996217455742,0.763876558867047,0.588087511197421,0.571929824561404,0.955823293172691,0.50658775452688,0.190752261463684,0.498943140984993,-0.00318576431241113,0.0701754385964912,0.927710843373494,0.407524836186853,0.570243955992058,12.3478581905365
200,FALSE,0.826646938631721,0.570188915497818,0.654745296977383,0.381264250911657,0.364912280701754,0.944578313253012,0.466215740153597,0.172227119392039,0.511942506869584,0.028522369042138,0.140350877192982,0.883534136546185,0.360431198478124,0.397961796105779,10.0799689292908
201,FALSE,0.931896005072926,0.817223210435764,0.79720989220038,0.639798303094347,0.63859649122807,0.955823293172691,0.487775664059748,0.177021342733422,0.504438807863031,0.011623001004608,0.105263157894737,0.903614457831325,0.444120341013178,0.640201867702342,9.57879209518433
202,FALSE,0.795645740858169,0.48044311211784,0.600169097442401,0.292014687676453,0.242105263157895,0.958232931726908,0.539632213062777,0.209945686819267,0.509723102938068,0.0293090316741824,0.087719298245614,0.931726907630522,0.256013527795392,0.270497425298573,9.84379196166992
203,FALSE,0.866990770097937,0.664822050473011,0.697505812724583,0.468729571038576,0.445614035087719,0.949397590361446,0.550130345945184,0.230245763643755,0.526527161276686,0.0855933700250242,0.105263157894737,0.947791164658635,0.316860424152753,0.434576286829256,8.5625958442688
204,FALSE,0.803297400126823,0.455492556392748,0.615197632635806,0.303125978277609,0.28421052631579,0.946184738955823,0.483830057070387,0.179081381807413,0.498943140984993,-0.00318576431241113,0.0701754385964912,0.927710843373494,0.319467343056436,0.276411174585335,8.15597701072693
205,FALSE,0.903529909110126,0.709571361891186,0.75284295075037,0.558208234984448,0.557894736842105,0.947791164658635,0.469738603536955,0.194908707605986,0.4713591206933,-0.0814198466215159,0.0350877192982456,0.907630522088353,0.433791305573171,0.5146626542852,7.79784202575684
206,FALSE,0.900908898752907,0.723189990939456,0.763918833227647,0.571665809087462,0.582456140350877,0.945381526104418,0.518706404565631,0.202358636696904,0.511202705559078,0.0285062275810095,0.12280701754386,0.899598393574297,0.382202494187276,0.520831354242552,7.65002608299255
207,FALSE,0.904459945043331,0.712990645295091,0.717057704502219,0.507729600119777,0.480701754385965,0.953413654618474,0.482420911717043,0.179682151232269,0.496406679348975,-0.00890305712244703,0.105263157894737,0.887550200803213,0.422039033326288,0.533308494062821,7.8309018611908
208,FALSE,0.862340590431904,0.589619520479788,0.690932149651237,0.442100212695541,0.442105263157895,0.939759036144578,0.565701402099628,0.273747373923972,0.55432255337138,0.138228311100367,0.192982456140351,0.91566265060241,0.296639188332277,0.315872146555816,8.02574896812439
209,FALSE,0.902895793701121,0.692969372372773,0.746374973578525,0.542716362976262,0.547368421052632,0.945381526104418,0.548862115127175,0.194282843153142,0.49291904459945,-0.0201296299765371,0.0701754385964912,0.91566265060241,0.354033678573946,0.498686529219631,7.81781220436096
210,FALSE,0.934784753047279,0.833377698344514,0.80137391671951,0.65517648930257,0.642105263157895,0.960642570281125,0.548721200591841,0.216742910808267,0.540794757979286,0.110171698358617,0.157894736842105,0.923694779116466,0.386063552455438,0.616634787536248,7.88375306129456
211,FALSE,0.901049813288242,0.70718313218176,0.749439864722046,0.56382735826299,0.543859649122807,0.955020080321285,0.547452969773832,0.206167617912422,0.490171211160431,-0.030271575492314,0.0526315789473684,0.927710843373494,0.35359684351441,0.501015514269338,7.93450593948364
212,FALSE,0.92120059184105,0.813024234510856,0.806742760515747,0.676131012204084,0.645614035087719,0.967871485943775,0.391390121891073,0.151025262145723,0.469351088564785,-0.0855887062306753,0.0350877192982456,0.903614457831325,0.529810469949977,0.661998972365132,8.00517582893372
213,FALSE,0.894736842105264,0.671699049433453,0.756203762418093,0.568397800328021,0.56140350877193,0.951004016064257,0.451983372084831,0.174765046139533,0.509194673430564,0.0230815575876512,0.12280701754386,0.895582329317269,0.442753470020433,0.49693400329392,8.11751198768616
214,FALSE,0.885027830620728,0.670080839197814,0.707968716973156,0.460060885439471,0.484210526315789,0.931726907630522,0.388994574790388,0.160901215329606,0.488163179031917,-0.0356805602990047,0.0526315789473684,0.923694779116466,0.49603325583034,0.509179623868207,8.10036897659302
215,FALSE,0.86835764109068,0.625678947010447,0.712386387655887,0.479312013705975,0.484210526315789,0.940562248995984,0.583527090819418,0.238986895985667,0.525258930458677,0.071805694990931,0.12280701754386,0.927710843373494,0.284830550271261,0.38669205102478,8.26930809020996
216,FALSE,0.864933417882056,0.60760561415862,0.688226590572818,0.437481433681358,0.435087719298246,0.94136546184739,0.475516099485662,0.209319489404752,0.510462904248573,0.0287233681212977,0.105263157894737,0.91566265060241,0.389417318396393,0.398286124753867,7.97286105155945
217,FALSE,0.836074121045586,0.53873219727038,0.636207989854153,0.363653591321608,0.31578947368421,0.956626506024096,0.527936306630028,0.190385982304847,0.469351088564785,-0.0855887062306753,0.0350877192982456,0.903614457831325,0.308137814415558,0.348346214965533,9.18960690498352
218,FALSE,0.837102797153527,0.594483621459954,0.700359332065102,0.464971001734071,0.456140350877193,0.944578313253012,0.530190939195378,0.196141746254388,0.520503064891144,0.061803827660776,0.105263157894737,0.93574297188755,0.306911857958149,0.398341875205566,7.89189982414246
219,FALSE,0.936828013809625,0.801013318863288,0.809342633692665,0.663908994855749,0.659649122807017,0.959036144578313,0.383851194250687,0.150531528837253,0.475375184950328,-0.0727248674878153,0.0350877192982456,0.91566265060241,0.552976819558938,0.650481790026036,7.81020498275757
220,FALSE,0.868597195800748,0.627229191176339,0.719551891777637,0.485827368898161,0.501754385964912,0.937349397590362,0.473261466920313,0.173290137985022,0.494187275417459,-0.0187555193281926,0.0526315789473684,0.93574297188755,0.395335728880435,0.453939053191318,8.42230892181396
221,FALSE,0.854548016627916,0.581717168308544,0.668378778270979,0.405266512398516,0.392982456140351,0.943775100401606,0.571831184386669,0.219416326784216,0.529274994715705,0.0864583188589049,0.12280701754386,0.93574297188755,0.282716832241247,0.362300841524328,8.55803298950195
222,FALSE,0.916254491650815,0.78095650582601,0.796702599873177,0.625571879095619,0.645614035087719,0.947791164658635,0.456351722680194,0.165244542356314,0.4713591206933,-0.0814198466215159,0.0350877192982456,0.907630522088353,0.45990276897062,0.615711963469697,8.31961989402771
223,FALSE,0.904953145917003,0.673173871838724,0.735193405199746,0.51778551617617,0.529824561403509,0.940562248995984,0.453251602902839,0.172353330851824,0.466074825618263,-0.0851629883406443,0.0526315789473684,0.879518072289157,0.451701543014164,0.5008205409869,8.35647797584534
224,FALSE,0.919918269569508,0.742170073219381,0.76713168463327,0.587773754202575,0.582456140350877,0.951807228915663,0.403438314662157,0.152198767498791,0.464066793489748,-0.0890305712244703,0.0526315789473684,0.875502008032129,0.516479954907351,0.58997130572059,10.1260759830475
225,FALSE,0.911237934192913,0.737015202484215,0.749735785246248,0.553432099428167,0.550877192982456,0.94859437751004,0.464806594800254,0.165168229275031,0.488163179031917,-0.0356805602990047,0.0526315789473684,0.923694779116466,0.446431339392659,0.571846973209184,10.0085151195526
226,FALSE,0.908039174240824,0.753354515863246,0.773240329740013,0.581575790814362,0.603508771929825,0.942971887550201,0.385964912280702,0.146499862796246,0.49291904459945,-0.0201296299765371,0.0701754385964912,0.91566265060241,0.522074261960122,0.606854653067,10.2202889919281
227,FALSE,0.896286901993942,0.746403061499878,0.742570281124498,0.547746329375184,0.533333333333333,0.951807228915663,0.48897343761009,0.17328489606675,0.482139082646375,-0.0507747382990265,0.0526315789473684,0.911646586345382,0.407313464383852,0.573118165433127,10.4024441242218
228,FALSE,0.882843655323047,0.662052302529722,0.727731980553794,0.519834039847787,0.505263157894737,0.950200803212851,0.382230677094342,0.147725060696313,0.478862819699852,-0.0537853350585084,0.0701754385964912,0.887550200803213,0.500612978228705,0.514327241833409,7.07544994354248
229,FALSE,0.871429577960967,0.656794565099418,0.694504333121962,0.477743908922373,0.431578947368421,0.957429718875502,0.605721130134574,0.227777428804663,0.509723102938068,0.0293090316741824,0.087719298245614,0.931726907630522,0.265708447826393,0.429017136294755,7.04739284515381
230,FALSE,0.926428521101953,0.726568695880516,0.764130205030649,0.59538975512053,0.568421052631579,0.959839357429719,0.528781793842034,0.198349318448913,0.521242866201649,0.0583171413371802,0.12280701754386,0.919678714859438,0.397646727259919,0.528219377431604,7.00292205810547
231,FALSE,0.909631508490102,0.747975536919172,0.751849503276263,0.57650962674402,0.543859649122807,0.959839357429719,0.495878249841472,0.182969884886049,0.501690974424012,0.00472213551617519,0.087719298245614,0.91566265060241,0.41375325864863,0.565005652033124,7.01591300964355
232,FALSE,0.938575354047771,0.832034458788092,0.803931515535828,0.661347996015868,0.645614035087719,0.962248995983936,0.489818924822096,0.172076313388373,0.482139082646375,-0.0507747382990265,0.0526315789473684,0.911646586345382,0.448756429225676,0.659958145399718,8.28892302513123
233,FALSE,0.886648347777074,0.678156273606374,0.703276262946523,0.490317359385742,0.449122807017544,0.957429718875502,0.414852392024236,0.148296828335688,0.441767068273092,-0.154809236481169,0,0.883534136546185,0.471795955752838,0.529859445270686,8.70075988769531
234,FALSE,0.850926513069824,0.617217683568719,0.681314732614669,0.438353865474086,0.414035087719298,0.94859437751004,0.499753399563165,0.186591680485886,0.48287888395688,-0.0448315753034882,0.0701754385964912,0.895582329317269,0.35117311350666,0.430626003082833,8.54482316970825
235,FALSE,0.909321496512366,0.732212524768914,0.748192771084337,0.576445271151327,0.533333333333333,0.963052208835341,0.47805256112168,0.175201948954574,0.492179243288945,-0.0246387039171754,0.0526315789473684,0.931726907630522,0.431268935390687,0.55701057581434,9.02495908737183
236,FALSE,0.933854717114071,0.803553102760556,0.800718664130205,0.645280843302563,0.645614035087719,0.955823293172691,0.504685408299866,0.203339937826614,0.523250898330163,0.0649293633474089,0.12280701754386,0.923694779116466,0.429169308814205,0.600213164933942,13.5342240333557
237,FALSE,0.917395899387022,0.771036425343355,0.778461213274149,0.606624135906472,0.603508771929825,0.953413654618474,0.563305854998944,0.248136638329384,0.515218769816106,0.0398502891586561,0.12280701754386,0.907630522088353,0.354090044388078,0.522899787013971,13.2966041564941
238,FALSE,0.815838793771578,0.437353599351617,0.616043119847812,0.294599954222098,0.294736842105263,0.937349397590362,0.556823786373565,0.208603430184207,0.502959205242021,0.00932275283352584,0.0701754385964912,0.93574297188755,0.259015007398013,0.22875016916741,14.4405701160431
239,FALSE,0.886408793067006,0.67400527607407,0.724730500951173,0.529253937827824,0.491228070175439,0.958232931726908,0.454942577326851,0.172074380193502,0.474106954132319,-0.068835322936273,0.0526315789473684,0.895582329317269,0.431466215740156,0.501930895880567,14.5511589050293
240,FALSE,0.895554146410203,0.69343585202414,0.737307123229761,0.539248402983922,0.52280701754386,0.951807228915663,0.451912914817164,0.164857477198275,0.476854787571338,-0.0581018518585704,0.0701754385964912,0.883534136546185,0.443641231593039,0.528578374825865,9.80300092697144
241,FALSE,0.857295850066936,0.630495772210811,0.697949693510886,0.452751714171425,0.456140350877193,0.939759036144578,0.461495103219897,0.178826146267673,0.507715070809554,0.0227850443202168,0.087719298245614,0.927710843373494,0.395800746847038,0.451669625943138,9.45214009284973
242,FALSE,0.833157190164166,0.525577309542039,0.639822447685479,0.386372613529871,0.31578947368421,0.963855421686747,0.388430916649051,0.142686255622933,0.466603255125766,-0.100670152272192,0.0175438596491228,0.91566265060241,0.444726273515115,0.382891053919105,9.21888208389282
243,FALSE,0.872162333544706,0.675166665882313,0.712301838934686,0.513065783302267,0.463157894736842,0.96144578313253,0.401676882970478,0.150839870748298,0.470830691185796,-0.0704952902407223,0.0701754385964912,0.8714859437751,0.470485450574229,0.524326795134015,8.12450313568115
244,FALSE,0.836482773198056,0.540390728637638,0.657493130416402,0.369033561020877,0.382456140350877,0.932530120481928,0.570069752694991,0.22873923208403,0.522511097019658,0.0693316729017514,0.105263157894737,0.939759036144578,0.266413020503065,0.311651496553609,8.8820629119873
245,FALSE,0.908010991333757,0.73404224152618,0.76713168463327,0.586505665192735,0.582456140350877,0.951807228915663,0.543084619178468,0.202216296317367,0.50570703868104,0.0165290440909456,0.087719298245614,0.923694779116466,0.364926372155289,0.531825945208813,8.76846694946289
246,FALSE,0.850236031846686,0.596046658658209,0.652948636651871,0.397874813979204,0.350877192982456,0.955020080321285,0.511590220531248,0.182318127147072,0.469351088564785,-0.0855887062306753,0.0350877192982456,0.903614457831325,0.338645811315438,0.413728531511137,9.4968831539154
247,FALSE,0.935517508631017,0.802155100379244,0.81716339040372,0.677371035556369,0.673684210526316,0.960642570281125,0.551750863101529,0.20373243996538,0.488691608539421,-0.0472999389780985,0.0175438596491228,0.959839357429719,0.383766645529488,0.598422660413864,9.33909296989441
248,FALSE,0.907235961389417,0.656264204503958,0.731283026844219,0.509486318537467,0.52280701754386,0.939759036144578,0.457479038962869,0.164501616365878,0.467343056436271,-0.0896517247422323,0.0350877192982456,0.899598393574297,0.449756922426548,0.491762588138079,9.68245911598206
249,FALSE,0.959374339463116,0.888805176045238,0.843394631156204,0.756478651205585,0.705263157894737,0.981526104417671,0.507433241738885,0.19313794463165,0.507715070809554,0.0227850443202168,0.087719298245614,0.927710843373494,0.451941097724231,0.695667231413588,9.54924702644348
250,FALSE,0.898287888395688,0.69431012944705,0.743331219615303,0.569763818244467,0.52280701754386,0.963855421686747,0.475163813147326,0.167311692122494,0.482139082646375,-0.0507747382990265,0.0526315789473684,0.911646586345382,0.423124075248362,0.526998437324556,11.9326310157776
251,FALSE,0.846262241950257,0.666619152518093,0.720714436694145,0.507576873607418,0.491228070175439,0.950200803212851,0.39322201085042,0.157612646264159,0.496935108856479,-0.00905159294912722,0.0701754385964912,0.923694779116466,0.453040231099838,0.509006506253933,11.4299139976501
252,FALSE,0.860677798914959,0.629865403027307,0.705876136123441,0.481639416205685,0.463157894736842,0.94859437751004,0.483618685267385,0.174620790548061,0.486894948213908,-0.0353919445504367,0.0701754385964912,0.903614457831325,0.377059113647574,0.455244612479246,11.2290480136871
253,FALSE,0.847910942013669,0.553735942827772,0.672479391249207,0.395821679953092,0.414035087719298,0.930923694779117,0.464313393926584,0.167032839149739,0.497674910166984,-0.00627921596862586,0.087719298245614,0.907630522088353,0.383597548087085,0.386703103678033,10.9537010192871
254,FALSE,0.918466849855563,0.771704395418858,0.777404354259142,0.596078418342793,0.607017543859649,0.947791164658635,0.429155217360671,0.161515977866315,0.498943140984993,-0.00318576431241113,0.0701754385964912,0.927710843373494,0.489311632494893,0.610188417552543,8.90613412857056
255,FALSE,0.852969773832172,0.611197044894727,0.69714648065948,0.450351638311271,0.456140350877193,0.938152610441767,0.544705136334814,0.219760636287968,0.517226801944621,0.0457965617902551,0.12280701754386,0.911646586345382,0.308264637497359,0.391436408606759,8.6259651184082
256,FALSE,0.79573028957937,0.430747352943891,0.608180088776157,0.289087291438758,0.270175438596491,0.946184738955823,0.502994433875854,0.173388971548961,0.490171211160431,-0.030271575492314,0.0526315789473684,0.927710843373494,0.292735855703516,0.25735838139493,8.28149080276489
257,FALSE,0.917734094271824,0.774493778699918,0.78858592263792,0.621811532936377,0.624561403508772,0.952610441767068,0.538223067709433,0.228800495548352,0.536778693722257,0.0963048654667524,0.157894736842105,0.91566265060241,0.379511026562391,0.545693283151566,7.76345014572144
258,FALSE,0.815768336503911,0.487730482049541,0.627816529274995,0.309060714508472,0.326315789473684,0.929317269076305,0.606496160078911,0.284000555692872,0.549566687803847,0.131770475335151,0.175438596491228,0.923694779116466,0.209272176424999,0.203729926356669,8.11406803131104
259,FALSE,0.875347002043262,0.647139998725244,0.720608750792644,0.496803039751032,0.498245614035088,0.942971887550201,0.447896850560135,0.163280431152197,0.49566687803847,-0.011519380573009,0.087719298245614,0.903614457831325,0.427450151483127,0.483859567573047,7.92684102058411
260,FALSE,0.825730994152047,0.567458653095482,0.658909321496512,0.395386644609552,0.368421052631579,0.949397590361446,0.488832523074754,0.169083589082733,0.470090889875291,-0.0771833092374217,0.0526315789473684,0.887550200803213,0.336898471077292,0.398375064012749,7.91307091712952
261,FALSE,0.834834073134644,0.600509880214567,0.681969985203974,0.445081937136519,0.410526315789474,0.953413654618474,0.493130416402452,0.184212517721824,0.494187275417459,-0.0187555193281926,0.0526315789473684,0.93574297188755,0.341703656732192,0.416297362492743,7.72403407096863
262,FALSE,0.949566687803847,0.816867943468955,0.819615303318537,0.672376559915501,0.68421052631579,0.955020080321285,0.455365320932855,0.183096879706058,0.529274994715705,0.0864583188589049,0.12280701754386,0.93574297188755,0.494201366870993,0.633771063762897,8.59053683280945
263,FALSE,0.885140562248996,0.663388076295962,0.704016064257028,0.46513672610085,0.466666666666667,0.94136546184739,0.473543295990981,0.169867535627387,0.470090889875291,-0.0771833092374217,0.0526315789473684,0.887550200803213,0.411597266258015,0.493520540668575,8.54151105880737
264,FALSE,0.925822588600015,0.799957274262592,0.791650813781442,0.642457881537344,0.621052631578947,0.962248995983936,0.494046360882125,0.190706917114741,0.516487000634115,0.0477505718182872,0.105263157894737,0.927710843373494,0.431776227717889,0.609250357147851,9.64678597450256
265,FALSE,0.911252025646447,0.727902897828625,0.771887550200803,0.581453185160748,0.6,0.943775100401606,0.527090819418023,0.236685843858047,0.555590784189389,0.155240205094259,0.175438596491228,0.93574297188755,0.384161206228424,0.491217053970578,9.47751903533936
266,FALSE,0.850123300218418,0.579791699511611,0.677848235045445,0.415087114780351,0.417543859649123,0.938152610441767,0.451278799408159,0.157927051073567,0.473367152821814,-0.0771355390910794,0.0350877192982456,0.911646586345382,0.398844500810259,0.421864648438044,9.15461707115173
267,FALSE,0.939392658352709,0.769990465464723,0.771697315578102,0.603183063672597,0.585964912280702,0.957429718875502,0.442401183682098,0.190335878755445,0.508454872120059,0.0228335126131849,0.105263157894737,0.911646586345382,0.496991474670612,0.579654586709278,9.05095195770264
268,FALSE,0.836031846684986,0.523818481638683,0.64853096596914,0.369542552525209,0.350877192982456,0.946184738955823,0.532234199957725,0.195006284445729,0.500951173113507,0.00292950730570781,0.0701754385964912,0.931726907630522,0.303797646727261,0.328812197192954,8.34447121620178
269,FALSE,0.866878038469669,0.636684277918479,0.696300993447474,0.463767616482178,0.445614035087719,0.946987951807229,0.415416050165574,0.162726122027465,0.49291904459945,-0.0201296299765371,0.0701754385964912,0.91566265060241,0.451461988304095,0.473958155891014,8.18580889701843
270,FALSE,0.803071936870288,0.549301837597499,0.658000422743606,0.384343802400615,0.375438596491228,0.940562248995984,0.427886986542661,0.153642778433328,0.482139082646375,-0.0507747382990265,0.0526315789473684,0.911646586345382,0.375184950327626,0.395659059164171,8.49555993080139
271,FALSE,0.846684985556261,0.561587468372949,0.665377298668358,0.411946679051157,0.378947368421053,0.951807228915663,0.47431832593532,0.181118813796659,0.50570703868104,0.0165290440909456,0.087719298245614,0.923694779116466,0.37236665962094,0.38046865457629,8.47155499458313
272,FALSE,0.798619037553724,0.488689068141417,0.639146057915874,0.333359662638544,0.347368421052632,0.930923694779116,0.474881984076657,0.189035018329324,0.53149439864722,0.0743603152152481,0.175438596491228,0.887550200803213,0.323737053477066,0.299654049812093,9.56436991691589
273,FALSE,0.821461283731417,0.565295981647786,0.670534770661594,0.41088491399363,0.396491228070175,0.944578313253012,0.48375959980272,0.173518082499897,0.48287888395688,-0.0448315753034882,0.0701754385964912,0.895582329317269,0.337701683928697,0.391777899147889,9.20709991455078
274,FALSE,0.925723948425281,0.801690367135483,0.829148171633904,0.707513721687808,0.691228070175439,0.96706827309237,0.532234199957726,0.236021259588334,0.528006763897696,0.0744545329718872,0.140350877192982,0.91566265060241,0.393489748467555,0.56566910754715,9.99759721755981
275,FALSE,0.925822588600016,0.751111189714851,0.766074825618262,0.575948095415426,0.585964912280702,0.946184738955823,0.467554428239273,0.184559120259125,0.511731135066582,0.0361305901037296,0.087719298245614,0.93574297188755,0.458268160360743,0.566552069455725,10.4982461929321
276,FALSE,0.919509617417036,0.718730143454148,0.753751849503276,0.574492560172214,0.550877192982456,0.956626506024096,0.552948636651871,0.233710617397362,0.524730500951173,0.0597677460736559,0.157894736842105,0.891566265060241,0.366560980765165,0.485019526056786,10.2698328495026
277,FALSE,0.914197139434933,0.725027241257855,0.738110336081167,0.544749705380312,0.52280701754386,0.953413654618474,0.429437046431339,0.153796978570167,0.456563094483196,-0.119245497958115,0.0175438596491228,0.895582329317269,0.484760093003594,0.571230262687689,9.85068988800049
278,FALSE,0.892369477911647,0.714561497524909,0.73149439864722,0.532428136373706,0.508771929824561,0.95421686746988,0.352286338335799,0.136716783541075,0.476643415768336,-0.0793968083970153,0.0175438596491228,0.93574297188755,0.540083139575848,0.577844713983835,9.57885193824768
279,FALSE,0.958881138589446,0.856694032661705,0.834009723102938,0.712940988959701,0.701754385964912,0.966265060240964,0.459451842457549,0.167443852154709,0.478651447896851,-0.074675223740786,0.0175438596491228,0.939759036144578,0.499429296131896,0.689250180506997,10.0480790138245
280,FALSE,0.886676530684142,0.67202359430062,0.729380680617206,0.511675205227851,0.515789473684211,0.942971887550201,0.53906855492144,0.201403724662834,0.515218769816106,0.0398502891586561,0.12280701754386,0.907630522088353,0.347607975762702,0.470619869637786,9.79057312011719
281,FALSE,0.928598604946101,0.786415546761337,0.813400972310294,0.665471259050782,0.670175438596491,0.956626506024096,0.443035299091102,0.161782268674678,0.48139928133587,-0.0586001606678767,0.0350877192982456,0.927710843373494,0.485563305855,0.624633278086659,9.65273404121399
282,FALSE,0.871528218135701,0.64037209097823,0.689389135489326,0.458921662182077,0.424561403508772,0.95421686746988,0.447474106954133,0.163286986118244,0.486155146903403,-0.0408882302184713,0.0526315789473684,0.919678714859438,0.424054111181568,0.477085104859987,9.29699993133545
283,FALSE,0.903572183470726,0.685560244785732,0.720756711054745,0.491782717697583,0.501754385964912,0.939759036144578,0.504474036496865,0.183229874591127,0.499682942295498,-0.000870405094584779,0.087719298245614,0.911646586345382,0.39909814697386,0.502330370194604,8.83980298042297
284,FALSE,0.905939547664343,0.692824964200821,0.749186218558444,0.555874550867942,0.547368421052632,0.951004016064257,0.492003100119777,0.209226778177003,0.5428027901078,0.117504687768945,0.157894736842105,0.927710843373494,0.413936447544565,0.483598186023818,8.36984992027283
285,FALSE,0.903360811667725,0.710870730770091,0.763918833227647,0.570656480798195,0.582456140350877,0.945381526104418,0.505671810047206,0.195940923042924,0.512470936377087,0.034825749431792,0.105263157894737,0.919678714859438,0.397689001620518,0.514929807727166,8.29969787597656
286,FALSE,0.851828366095962,0.597737135615029,0.675797928556331,0.420626435670177,0.407017543859649,0.944578313253012,0.475022898611991,0.170327705324246,0.472627351511308,-0.0883214455636704,0.0175438596491228,0.927710843373494,0.376805467483971,0.427409430290783,8.40058183670044
287,FALSE,0.864877052067921,0.588501296180199,0.694694567744663,0.45091543695011,0.445614035087719,0.943775100401606,0.494750933558797,0.217022148246563,0.520503064891144,0.061803827660776,0.105263157894737,0.93574297188755,0.370126118509124,0.371479147933636,8.22791504859924
288,FALSE,0.899767491016699,0.75108985817006,0.775502008032129,0.599539130442974,0.6,0.951004016064257,0.500739801310505,0.178952676403967,0.488163179031917,-0.0356805602990047,0.0526315789473684,0.923694779116466,0.399027689706194,0.572137181766093,9.2598090171814
289,FALSE,0.810371309800607,0.475340891736886,0.625618262523779,0.315298700621472,0.312280701754386,0.938955823293173,0.464806594800253,0.202187909047862,0.480870851828366,-0.0493645900069729,0.0701754385964912,0.891566265060241,0.345564715000354,0.273152982689025,9.12155103683472
290,FALSE,0.964179525118015,0.871220931597254,0.830754597336715,0.716156272507981,0.691228070175439,0.970281124497992,0.472556894243641,0.190269593173761,0.482139082646375,-0.0507747382990265,0.0526315789473684,0.911646586345382,0.491622630874374,0.680951338423493,9.07279586791992
291,FALSE,0.785175790882829,0.477646724623366,0.612745719720989,0.305642829191513,0.273684210526316,0.951807228915663,0.515324455717607,0.183927125307751,0.482139082646375,-0.0507747382990265,0.0526315789473684,0.911646586345382,0.269851335165222,0.293719599315615,9.13522791862488
292,FALSE,0.828464736137533,0.553941259468482,0.649735785246248,0.37691278309348,0.350877192982456,0.94859437751004,0.380680617205665,0.141313064114227,0.465335024307757,-0.0936174017140583,0.0350877192982456,0.895582329317269,0.447784118931868,0.412628195354255,7.5028760433197
293,FALSE,0.831043472134152,0.509485520199749,0.620460790530543,0.315060539430614,0.294736842105263,0.946184738955823,0.534207003452406,0.188943385160627,0.498943140984993,-0.00318576431241113,0.0701754385964912,0.927710843373494,0.296836468681745,0.320542135039122,7.42683291435242
294,FALSE,0.853688437962376,0.606513720968732,0.71289367998309,0.49192397280253,0.47719298245614,0.94859437751004,0.476009300359332,0.173860132961944,0.492390615091947,-0.018390075714971,0.105263157894737,0.879518072289157,0.377679137603044,0.432653588006788,7.52983784675598
295,FALSE,0.891115338547172,0.681065574524139,0.714500105685901,0.499304366598112,0.47719298245614,0.951807228915663,0.462340590431903,0.195158306205655,0.510462904248573,0.0287233681212977,0.105263157894737,0.91566265060241,0.428774748115269,0.485907268318484,7.66381406784058
296,FALSE,0.806228422461777,0.490393943623951,0.626379201014585,0.334738320944305,0.301754385964912,0.951004016064257,0.483548227999718,0.169313239140179,0.473367152821814,-0.0771355390910794,0.0350877192982456,0.911646586345382,0.322680194462058,0.321080704483772,8.6299159526825
297,FALSE,0.809878108926936,0.537664618818556,0.658803635595012,0.383459470656617,0.375438596491228,0.942168674698795,0.371873458747269,0.139523797703625,0.472627351511308,-0.0883214455636704,0.0175438596491228,0.927710843373494,0.438004650179667,0.398140821114931,8.60690879821777
298,FALSE,0.874163319946453,0.622169052396425,0.73424223208624,0.518406378849709,0.526315789473684,0.942168674698795,0.488409779468752,0.176350575147956,0.476854787571338,-0.0581018518585704,0.0701754385964912,0.883534136546185,0.385753540477702,0.445818477248469,8.41870498657227
299,FALSE,0.934023814556472,0.810624238248926,0.816909744240118,0.670878354831789,0.67719298245614,0.956626506024096,0.501021630381174,0.180741080136314,0.490171211160431,-0.030271575492314,0.0526315789473684,0.927710843373494,0.433002184175298,0.629883158112612,7.51401400566101
300,FALSE,0.89948566194603,0.724435326118686,0.731198478123018,0.544221034265242,0.501754385964912,0.960642570281125,0.580074684703727,0.28757852455166,0.559818220249419,0.138175094585885,0.228070175438596,0.891566265060241,0.319410977242304,0.436856801567026,7.81136298179626
301,FALSE,0.913746212921864,0.746659785115062,0.758465440710209,0.585441513423655,0.557894736842105,0.959036144578313,0.581554287324737,0.249404483432979,0.538046924540266,0.110193627272971,0.140350877192982,0.93574297188755,0.332191925597127,0.497255301682083,7.90091109275818
302,FALSE,0.922778834636795,0.75923952591995,0.758867047135912,0.587269889343146,0.557894736842105,0.959839357429719,0.463256534911576,0.177463349734181,0.499682942295498,-0.000870405094584779,0.087719298245614,0.911646586345382,0.459522299725218,0.581776176185769,7.88224411010742
303,FALSE,0.910829282040443,0.735757283613293,0.769837243711689,0.588973561402289,0.589473684210526,0.950200803212851,0.46713168463327,0.169737392637792,0.45857112661171,-0.115692320146292,0.0175438596491228,0.899598393574297,0.443697597407173,0.566019890975501,7.69696712493896
304,FALSE,0.803861058268161,0.457668766765691,0.600359332065103,0.270655658456151,0.256140350877193,0.944578313253012,0.512435707743253,0.181908327692342,0.476854787571338,-0.0581018518585704,0.0701754385964912,0.883534136546185,0.291425350524907,0.275760439073349,8.3250880241394
305,FALSE,0.968054674839709,0.866968264212339,0.843880786303107,0.718619217456761,0.726315789473684,0.96144578313253,0.470936377087297,0.172305435069192,0.474106954132319,-0.068835322936273,0.0526315789473684,0.895582329317269,0.497118297752413,0.694662829143148,7.84550905227661
306,FALSE,0.916212217290215,0.76316662245954,0.789241175227225,0.630469629103316,0.621052631578947,0.957429718875502,0.53660255055309,0.249452970633558,0.519234834073135,0.0519462411949957,0.12280701754386,0.91566265060241,0.379609666737125,0.513713651825982,8.03605604171753
307,FALSE,0.848911435214543,0.607284023675089,0.692094694567745,0.46159563789587,0.431578947368421,0.952610441767068,0.464242936658917,0.179722376233855,0.509723102938068,0.0293090316741824,0.087719298245614,0.931726907630522,0.384668498555626,0.427561647441234,8.14102697372437
308,FALSE,0.788318185020785,0.453583299314972,0.600718664130205,0.288595816483155,0.245614035087719,0.955823293172691,0.553441837525541,0.207095415464703,0.507715070809554,0.0227850443202168,0.087719298245614,0.927710843373494,0.234876347495244,0.246487883850269,7.74109387397766
309,FALSE,0.929430000704573,0.738869638013132,0.782371591629677,0.614285202034241,0.610526315789474,0.95421686746988,0.479109420136687,0.176436894410821,0.48287888395688,-0.0448315753034882,0.0701754385964912,0.895582329317269,0.450320580567887,0.562432743602311,7.1300458908081
310,FALSE,0.745113788487282,0.406236103472672,0.568188543648277,0.213655970292885,0.178947368421053,0.957429718875502,0.48946663848376,0.198111813170238,0.488163179031917,-0.0356805602990047,0.0526315789473684,0.923694779116466,0.255647150003522,0.208124290302434,7.75573205947876
311,FALSE,0.869949975339958,0.586314617500574,0.690234622701332,0.448268096791261,0.435087719298246,0.945381526104418,0.476432043965334,0.186026446668123,0.486894948213908,-0.0353919445504367,0.0701754385964912,0.903614457831325,0.393517931374623,0.400288170832451,7.52896499633789
312,FALSE,0.895793701120272,0.66207540374751,0.753202282815472,0.575908259197588,0.547368421052632,0.959036144578313,0.539491298527443,0.231062040920229,0.534030860283238,0.0950329772630257,0.140350877192982,0.927710843373494,0.356302402592829,0.431013362827282,6.99657297134399
313,FALSE,0.836806876629325,0.55827122613527,0.660917353625026,0.406199203102353,0.368421052631579,0.953413654618474,0.491298527443106,0.183662102174143,0.494927076727964,-0.0146924836363961,0.0701754385964912,0.919678714859438,0.345508349186219,0.374609123961127,6.96408987045288
314,FALSE,0.910209258084974,0.757031406506135,0.768040583386176,0.603567916179238,0.575438596491228,0.960642570281124,0.473966039596985,0.174552495025565,0.488374550834919,-0.0274484385022728,0.105263157894737,0.8714859437751,0.436243218487989,0.58247891148057,6.90868020057678
315,FALSE,0.888057493130418,0.699161305207908,0.753794123863877,0.556723437423218,0.56140350877193,0.946184738955823,0.527372648488692,0.189846073320175,0.502430775734517,0.00627284845392473,0.105263157894737,0.899598393574297,0.360684844641726,0.509315231887734,6.74586701393127
316,FALSE,0.7809483548228,0.484851571399564,0.617755231452124,0.316579144370261,0.287719298245614,0.947791164658635,0.512365250475586,0.191141217660472,0.50718664130205,0.0178061142448941,0.12280701754386,0.891566265060241,0.268583104347214,0.293710353739092,9.17014503479004
317,FALSE,0.849376453181146,0.596481752975008,0.700359332065102,0.46555053573583,0.456140350877193,0.944578313253012,0.518001831888958,0.186418371867462,0.4713591206933,-0.0814198466215159,0.0350877192982456,0.907630522088353,0.331374621292188,0.410063381107546,8.70870208740234
318,FALSE,0.870978651447898,0.656027868504565,0.686134009723103,0.461307351177624,0.414035087719298,0.958232931726908,0.432748538011695,0.165669338014284,0.480131050517861,-0.0554850923150585,0.0526315789473684,0.907630522088353,0.438230113436203,0.490358530490281,10.2411589622498
319,FALSE,0.883520045092651,0.659782788407226,0.724772775311773,0.513038257633701,0.501754385964912,0.947791164658635,0.440992038328754,0.160417552315399,0.454555062354682,-0.122730130295869,0.0175438596491228,0.891566265060241,0.442528006763898,0.499365236091827,10.1624507904053
320,FALSE,0.934911576129079,0.83593558774083,0.819573028957937,0.689829630616565,0.673684210526316,0.965461847389558,0.558092017191574,0.223166307525429,0.528006763897696,0.0744545329718872,0.140350877192982,0.91566265060241,0.376819558937505,0.612769280215402,9.24354004859924
321,FALSE,0.955034171774818,0.839207762559966,0.8286408793067,0.693018005963337,0.698245614035088,0.959036144578313,0.431198478123018,0.16150616003991,0.474635383639822,-0.0839388275276465,0.0175438596491228,0.931726907630522,0.5238356936518,0.677701602520056,8.82494211196899
322,FALSE,0.885802860565068,0.673719423154302,0.751342210949059,0.561347072658806,0.550877192982456,0.951807228915663,0.607905305432256,0.272415153695705,0.532022828154724,0.0879109145530627,0.140350877192982,0.923694779116466,0.277897555132812,0.401304269458597,9.69939303398132
323,FALSE,0.898668357641092,0.668811765542999,0.734199957725639,0.534130394598819,0.515789473684211,0.952610441767068,0.526315789473685,0.217167556798706,0.51574719932361,0.0508104069072853,0.087719298245614,0.943775100401606,0.372352568167407,0.451644208744293,9.57495903968811
324,FALSE,0.892989501867118,0.747318261691844,0.764066793489748,0.566903529888457,0.585964912280702,0.942168674698795,0.554991897414219,0.206495444329223,0.507715070809554,0.0227850443202168,0.087719298245614,0.927710843373494,0.3379976044529,0.540822817362621,9.90721297264099
325,FALSE,0.8902839427887,0.665689368711641,0.724624815049672,0.516494825403005,0.498245614035088,0.951004016064257,0.487846121327415,0.181378177996784,0.492179243288945,-0.0246387039171754,0.0526315789473684,0.931726907630522,0.402437821461285,0.484311190714857,9.71642589569092
326,FALSE,0.866356654688933,0.603465329628363,0.69710420629888,0.463912417875592,0.445614035087719,0.94859437751004,0.560558021559924,0.231319679075734,0.522511097019658,0.0693316729017514,0.105263157894737,0.939759036144578,0.305798633129009,0.372145650552629,8.8733811378479
327,FALSE,0.945959275699289,0.848016358176522,0.83280490382583,0.706763426820787,0.701754385964912,0.963855421686747,0.576904107658704,0.207441329352829,0.49291904459945,-0.0201296299765371,0.0701754385964912,0.91566265060241,0.369055168040584,0.640575028823694,8.65548896789551
328,FALSE,0.927978580990629,0.74728698340553,0.786979496935109,0.61313510201492,0.624561403508772,0.949397590361446,0.435214542380046,0.155589971630983,0.460579158740224,-0.112064954944005,0.0175438596491228,0.903614457831325,0.492764038610583,0.591697011774546,8.20427012443542
329,FALSE,0.905784541675473,0.685870525194392,0.686683576410907,0.459034645012436,0.417543859649123,0.955823293172691,0.458606355245543,0.16450263553179,0.464595222997252,-0.104561504757159,0.0175438596491228,0.911646586345382,0.447178186429931,0.521367889662603,8.14499187469482
330,FALSE,0.864905234974989,0.589410484980401,0.658211794546607,0.404183827192238,0.36140350877193,0.955020080321285,0.405058831818502,0.145380235917243,0.473367152821814,-0.0771355390910794,0.0350877192982456,0.911646586345382,0.459846403156487,0.444030249063158,8.45680713653564
331,FALSE,0.803156485591489,0.505598611710514,0.63855421686747,0.347823844955317,0.333333333333333,0.943775100401606,0.472909180581977,0.166448390717134,0.481610653138871,-0.0444426829778467,0.087719298245614,0.875502008032129,0.330247305009512,0.339150220993379,8.23471403121948
332,FALSE,0.894877756640597,0.710809305141946,0.742422320862397,0.552182089403519,0.529824561403509,0.955020080321285,0.525752131332347,0.225227871856001,0.506446839991545,0.0171385906086231,0.105263157894737,0.907630522088353,0.369125625308251,0.485581433285945,8.88275408744812
333,FALSE,0.847826393292469,0.605908814795614,0.695455506235468,0.473495862262512,0.435087719298246,0.955823293172691,0.46043824420489,0.177696168464203,0.50718664130205,0.0178061142448941,0.12280701754386,0.891566265060241,0.387388149087579,0.428212646331411,8.86643385887146
334,FALSE,0.891115338547173,0.693125536734679,0.719108010991334,0.499603838887637,0.491228070175439,0.946987951807229,0.461706475022899,0.18491190419339,0.483407313464384,-0.0535384824459315,0.0350877192982456,0.931726907630522,0.429408863524274,0.508213632541288,9.0174069404602
335,FALSE,0.883689142535053,0.664078828089907,0.733143098710632,0.523230546834011,0.519298245614035,0.946987951807229,0.492566758261115,0.183135468345149,0.486894948213908,-0.0353919445504367,0.0701754385964912,0.903614457831325,0.391122384273939,0.480943359744758,9.03235983848572
336,FALSE,0.902867610794054,0.70148279650823,0.735848657789051,0.525594188547629,0.526315789473684,0.945381526104418,0.499260198689495,0.174973625675202,0.478123018389347,-0.0600579515263498,0.0526315789473684,0.903614457831325,0.403607412104559,0.526509170833028,7.98714303970337
337,FALSE,0.933431973508067,0.805491064589999,0.793109279222152,0.657746171182699,0.617543859649123,0.968674698795181,0.389205946593391,0.156394792827326,0.490911012470936,-0.0253814783994416,0.0701754385964912,0.911646586345382,0.544226026914676,0.649096271762673,7.93561506271362
338,FALSE,0.890016205171564,0.702921431757499,0.710695413231875,0.504541196156714,0.463157894736842,0.958232931726908,0.447051363348129,0.192106550884598,0.508983301627563,0.030537233998852,0.0701754385964912,0.947791164658635,0.442964841823436,0.510814880872901,7.48608303070068
339,FALSE,0.875882477277532,0.675441626395766,0.72136968928345,0.516484164787191,0.487719298245614,0.955020080321285,0.389628690199394,0.1485178994777,0.463326992179243,-0.0974932941179051,0.0350877192982456,0.891566265060241,0.486253787078138,0.526923726918066,7.40773797035217
340,FALSE,0.901472556894245,0.711670875645867,0.749841471147749,0.565608977561252,0.543859649122807,0.955823293172691,0.521876981610653,0.19974648682421,0.50570703868104,0.0165290440909456,0.087719298245614,0.923694779116466,0.379595575283593,0.511924388821657,7.73020911216736
341,FALSE,0.846445430846192,0.556871055756262,0.671190023250898,0.418611170284323,0.392982456140351,0.949397590361446,0.53561614880575,0.213342794245866,0.507715070809554,0.0227850443202168,0.087719298245614,0.927710843373494,0.310829282040442,0.343528261510396,7.61859893798828
342,FALSE,0.864031564855916,0.630671056705733,0.699112238427394,0.474489649258222,0.445614035087719,0.952610441767068,0.42570281124498,0.15452286394843,0.477383217078842,-0.0681753562855982,0.0350877192982456,0.919678714859438,0.438328753610936,0.476148192757303,7.95229291915894
343,FALSE,0.880701754385966,0.670407894761614,0.722215176495456,0.503835549168988,0.498245614035088,0.946184738955823,0.46339744944691,0.167869385937936,0.480131050517861,-0.0554850923150585,0.0526315789473684,0.907630522088353,0.417304304939056,0.502538508823678,8.23381400108337
344,FALSE,0.870837736912563,0.653254667161747,0.710188120904671,0.489913556276136,0.470175438596491,0.950200803212851,0.425068695835975,0.151036136462688,0.460579158740224,-0.112064954944005,0.0175438596491228,0.903614457831325,0.445769041076587,0.502218530699059,7.8628249168396
345,FALSE,0.904967237370536,0.726453539613472,0.762270133164236,0.579874812312693,0.571929824561404,0.952610441767068,0.432607623476362,0.165358922361016,0.504438807863031,0.011623001004608,0.105263157894737,0.903614457831325,0.472359613894175,0.561094617252456,7.75892806053162
346,FALSE,0.919382794335236,0.75380849391825,0.788437962375819,0.626783476018796,0.621052631578947,0.955823293172691,0.509617417036568,0.193692330599507,0.523990699640668,0.0619102869148224,0.140350877192982,0.907630522088353,0.409765377298668,0.560116163318743,7.83489203453064
347,FALSE,0.849446910448814,0.598832580965953,0.676558867047136,0.44180634340501,0.396491228070175,0.956626506024096,0.460720073275557,0.163199389962204,0.475375184950328,-0.0727248674878153,0.0350877192982456,0.91566265060241,0.388726837173256,0.435633191003749,7.7523410320282
348,FALSE,0.893510885647855,0.735143685949675,0.764531811456352,0.598196534368659,0.568421052631579,0.960642570281124,0.429084760093004,0.15606901276361,0.460579158740224,-0.112064954944005,0.0175438596491228,0.903614457831325,0.464426125554852,0.579074673186065,7.94646692276001
349,FALSE,0.891805819770311,0.695505784096378,0.735193405199746,0.519597466628347,0.529824561403509,0.940562248995984,0.453603889241175,0.176706462004239,0.490911012470936,-0.0253814783994416,0.0701754385964912,0.911646586345382,0.438201930529137,0.518799322092139,8.09593796730042
350,FALSE,0.928189952793632,0.796655506202751,0.787444514901712,0.647277339616038,0.607017543859649,0.967871485943775,0.448812795039808,0.162738187930894,0.480131050517861,-0.0554850923150585,0.0526315789473684,0.907630522088353,0.479377157753824,0.633917318271857,9.34156894683838
351,FALSE,0.910632001690977,0.752304506521723,0.760325512576622,0.602149372492612,0.554385964912281,0.966265060240964,0.532234199957726,0.199613277113436,0.503699006552526,0.0105154783459522,0.087719298245614,0.919678714859438,0.378397801733251,0.552691229408287,9.13774800300598
352,FALSE,0.895695060945538,0.712115090812028,0.750496723737053,0.576000173052155,0.540350877192982,0.960642570281125,0.508631015289227,0.206834918934747,0.498943140984993,-0.00318576431241113,0.0701754385964912,0.927710843373494,0.387064045656311,0.505280171877281,14.6524579524994
353,FALSE,0.885309659691398,0.707783973388198,0.758211794546607,0.577250793795448,0.56140350877193,0.955020080321285,0.506587754526879,0.193940542251579,0.496935108856479,-0.00905159294912722,0.0701754385964912,0.923694779116466,0.378721905164519,0.513843431136619,14.4268817901611
354,FALSE,0.941872754174593,0.830895908672523,0.816613823715916,0.681546170840629,0.670175438596491,0.963052208835341,0.472486436975975,0.204168544917214,0.493658845909956,-0.0166042871494401,0.087719298245614,0.899598393574297,0.469386317198619,0.626727363755309,14.4787561893463
355,FALSE,0.908278728950892,0.746906551255473,0.756753329105897,0.564702043382514,0.564912280701754,0.94859437751004,0.426336926653984,0.162055380886996,0.464066793489748,-0.0890305712244703,0.0526315789473684,0.875502008032129,0.481941802296908,0.584851170368476,14.3705778121948
356,FALSE,0.889692101740295,0.69018801741334,0.738955823293173,0.529826143803174,0.533333333333333,0.944578313253012,0.538998097653774,0.199143158129994,0.492179243288945,-0.0246387039171754,0.0526315789473684,0.931726907630522,0.350694004086521,0.491044859283346,11.00110912323
357,FALSE,0.866314380328331,0.645881047592252,0.724815049672374,0.495844739888091,0.512280701754386,0.937349397590361,0.55548509828789,0.229914520764197,0.557070386810399,0.137925567862283,0.210526315789474,0.903614457831325,0.310829282040441,0.415966526828055,10.8838400840759
358,FALSE,0.929613189600508,0.745360165007564,0.795307545973367,0.642670913496852,0.631578947368421,0.959036144578313,0.511167476925245,0.205012960655458,0.508454872120059,0.0228335126131849,0.105263157894737,0.911646586345382,0.418445712675263,0.540347204352106,10.3000178337097
359,FALSE,0.93179736489819,0.749600775829567,0.809786514478969,0.648898205567951,0.670175438596491,0.949397590361446,0.500317057704502,0.179804545944958,0.488163179031917,-0.0356805602990047,0.0526315789473684,0.923694779116466,0.431480307193688,0.56979622988461,10.411602973938
360,FALSE,0.790234622701331,0.453278623194946,0.604861551469034,0.263593570914353,0.27719298245614,0.932530120481928,0.518917776368633,0.190919487977728,0.496935108856479,-0.00905159294912722,0.0701754385964912,0.923694779116466,0.271316846332698,0.262359135217217,9.19372701644897
361,FALSE,0.918382301134362,0.71621764943448,0.748235045444938,0.555964620509045,0.543859649122807,0.952610441767068,0.581061086451068,0.217691472992037,0.50570703868104,0.0165290440909456,0.087719298245614,0.923694779116466,0.337321214683293,0.498526176442443,9.07780909538269
362,FALSE,0.828633833579934,0.553282394406953,0.658909321496512,0.39600502180701,0.368421052631579,0.949397590361446,0.450292397660819,0.169390364903692,0.502959205242021,0.00932275283352584,0.0701754385964912,0.93574297188755,0.378341435919115,0.383892029503261,9.58491778373718
363,FALSE,0.905502712604805,0.700938872499879,0.733100824350032,0.540687763311323,0.508771929824561,0.957429718875502,0.432043965335024,0.154366714719271,0.480131050517861,-0.0554850923150585,0.0526315789473684,0.907630522088353,0.473458747269781,0.546572157780608,9.45133805274963
364,FALSE,0.839061509194675,0.514585470825415,0.6571972098922,0.377047901041081,0.375438596491228,0.938955823293173,0.504051292890863,0.184361509195423,0.497674910166984,-0.00627921596862586,0.087719298245614,0.907630522088353,0.335010216303812,0.330223961629992,9.26211619377136
365,FALSE,0.911421123088848,0.71445874377747,0.760515747199324,0.577153923645551,0.568421052631579,0.952610441767068,0.494046360882125,0.197386859781606,0.487634749524413,-0.0310407153764965,0.087719298245614,0.887550200803213,0.417374762206723,0.517071883995865,8.85668802261353
366,FALSE,0.861424645952231,0.577310189923501,0.665271612766857,0.401226497922785,0.385964912280702,0.944578313253012,0.444092158106108,0.159102954600446,0.476643415768336,-0.0793968083970153,0.0175438596491228,0.93574297188755,0.417332487846123,0.418207235323055,10.1960320472717
367,FALSE,0.884252800676391,0.625262442740863,0.707820756711055,0.463005370954429,0.480701754385965,0.934939759036145,0.536391178750088,0.206027202533112,0.475375184950328,-0.0727248674878153,0.0350877192982456,0.91566265060241,0.347861621926303,0.419235240207751,10.0115041732788
368,FALSE,0.86560980765166,0.631151020370258,0.70287465652082,0.48887956890145,0.449122807017544,0.956626506024096,0.471429577960966,0.165265373373997,0.463855421686747,-0.119612829226896,0,0.927710843373494,0.394180229690694,0.465885646996261,9.96517896652222
369,FALSE,0.946438385119425,0.817063359932386,0.809596279856267,0.671265843863768,0.656140350877193,0.963052208835341,0.395124357077432,0.144420740030185,0.457302895793701,-0.108646376818187,0.0350877192982456,0.879518072289157,0.551314028041993,0.672642619902201,9.52850699424744
370,FALSE,0.89873881490876,0.733899698348296,0.748235045444938,0.557722421765135,0.543859649122807,0.952610441767068,0.462904248573241,0.17664475048953,0.484886916085394,-0.040177351754641,0.0701754385964912,0.899598393574297,0.435834566335519,0.557254947858766,8.04360103607178
371,FALSE,0.892327203551047,0.718447030237239,0.75850771507081,0.568208226797014,0.568421052631579,0.94859437751004,0.521383780736983,0.212580092724522,0.506975269499049,0.0230831775701028,0.0701754385964912,0.943775100401606,0.370943422814063,0.505866937512718,7.74287915229797
372,FALSE,0.870781371098429,0.657885049064048,0.731325301204819,0.496315713627326,0.533333333333333,0.929317269076305,0.426618755724652,0.154824390210908,0.470619319382794,-0.0925616174185779,0.0175438596491228,0.923694779116466,0.444162615373777,0.50306065885314,9.82890701293945
373,FALSE,0.845754949623054,0.524533066820102,0.660156415134221,0.386403380866884,0.378947368421053,0.94136546184739,0.571972098922003,0.230130912556405,0.551574719932361,0.139284426940428,0.175438596491228,0.927710843373494,0.273782850701051,0.294402154263698,9.87555408477783
374,FALSE,0.947805256112167,0.841462722535028,0.810251532445572,0.682030578870901,0.652631578947368,0.967871485943775,0.533291058972733,0.211328472862333,0.515218769816106,0.0398502891586561,0.12280701754386,0.907630522088353,0.414514197139434,0.630134249672695,11.6700739860535
375,FALSE,0.867667159867541,0.589845841664566,0.685415345592898,0.425061578708742,0.435087719298246,0.93574297188755,0.574015359684351,0.223147437440229,0.525258930458677,0.071805694990931,0.12280701754386,0.927710843373494,0.293651800183189,0.366698404224337,11.4466440677643
376,FALSE,0.91315437187346,0.747239645629017,0.784527584020292,0.619044132942404,0.614035087719298,0.955020080321285,0.4666384837596,0.176548746516795,0.486155146903403,-0.0408882302184713,0.0526315789473684,0.919678714859438,0.44651588811386,0.570690899112222,13.085932970047
377,FALSE,0.82754879165786,0.644227515307237,0.693299513844853,0.470035437396282,0.431578947368421,0.955020080321285,0.564644543084619,0.242186115008451,0.5428027901078,0.117504687768945,0.157894736842105,0.927710843373494,0.262904248573241,0.402041400298787,12.95876288414
378,FALSE,0.861114633974494,0.610025170107586,0.692242654829846,0.459452788174317,0.435087719298246,0.949397590361446,0.501233002184175,0.2018286986088,0.491650813781442,-0.0215458707765241,0.087719298245614,0.895582329317269,0.35988163179032,0.408196471498786,15.1268780231476
379,FALSE,0.716804058338617,0.338923496931382,0.518325935320228,0.0783392970437349,0.0631578947368421,0.973493975903614,0.439301063904741,0.177369214488393,0.50422743606003,0.0157539223706493,0.0526315789473684,0.955823293172691,0.277502994433876,0.161554282442989,16.7566571235657
380,FALSE,0.825153244557177,0.495074041877327,0.615345592897907,0.297907907680099,0.287719298245614,0.942971887550201,0.454449376453181,0.165162954630333,0.484147114774889,-0.0459140113637377,0.0526315789473684,0.91566265060241,0.370703868103995,0.329911087246994,15.2202479839325
381,FALSE,0.928034946804763,0.754091208456977,0.76563094483196,0.591393108208147,0.575438596491228,0.955823293172691,0.490664412034102,0.17329978307454,0.461318960050729,-0.101286151611584,0.0350877192982456,0.887550200803213,0.437370534770661,0.580791425382437,15.1906559467316
382,FALSE,0.860748256182625,0.604499304167994,0.682519551891778,0.443534970227477,0.414035087719298,0.951004016064257,0.557246529979568,0.263984121515077,0.549566687803847,0.131770475335151,0.175438596491228,0.923694779116466,0.303501726203058,0.340515182652917,11.6268589496613
383,FALSE,0.886211512717537,0.722005324929392,0.751595857112661,0.570685612420198,0.547368421052632,0.955823293172691,0.493834989079124,0.188933401885976,0.526738533079687,0.0654163045896354,0.157894736842105,0.895582329317269,0.392376523638413,0.533071923043416,9.9269540309906
384,FALSE,0.886676530684141,0.651063550887147,0.694842528006764,0.448517601529469,0.449122807017544,0.940562248995984,0.504121750158528,0.212626735259784,0.523990699640668,0.0619102869148224,0.140350877192982,0.907630522088353,0.382554780525613,0.438436815627362,10.5774531364441
385,FALSE,0.845022194039315,0.565478277656876,0.67564996829423,0.423241817704557,0.403508771929825,0.947791164658635,0.497076023391813,0.17817494626909,0.490382582963433,-0.0229693414410138,0.105263157894737,0.875502008032129,0.347946170647502,0.387303331387786,10.5451211929321
386,FALSE,0.842852110195167,0.652035816285433,0.715197632635806,0.492474061976504,0.48421052631579,0.946184738955823,0.428309730148664,0.176205010265059,0.481610653138871,-0.0444426829778467,0.087719298245614,0.875502008032129,0.414542380046502,0.475830806020373,9.92165589332581
387,FALSE,0.907940534066089,0.754074489077087,0.764975692242655,0.583238171441955,0.578947368421053,0.951004016064257,0.544000563658142,0.222970222990949,0.518706404565631,0.0436786780174115,0.157894736842105,0.879518072289157,0.363939970407948,0.531104266086138,9.71271204948425
388,FALSE,0.909307405058832,0.725595543475315,0.747030226167829,0.552189239646748,0.543859649122807,0.950200803212851,0.43662368773339,0.154540753615217,0.466603255125766,-0.100670152272192,0.0175438596491228,0.91566265060241,0.472683717325442,0.571054789860098,14.52161693573
389,FALSE,0.871612766856902,0.639968570287091,0.707672796448954,0.468139354824187,0.47719298245614,0.938152610441767,0.435566828718382,0.164139133968227,0.49143944197844,-0.0308728731281038,0.0350877192982456,0.947791164658635,0.43604593813852,0.475829436318864,14.7807259559631
390,FALSE,0.907461424645954,0.75073885378521,0.787930670048616,0.61417969408869,0.628070175438596,0.947791164658635,0.468752201789614,0.170558406193384,0.484147114774889,-0.0459140113637377,0.0526315789473684,0.91566265060241,0.43870922285634,0.580180447591826,14.7956430912018
391,FALSE,0.912604805185656,0.752201993699377,0.753603889241175,0.579930606328532,0.547368421052632,0.959839357429719,0.59761854435285,0.227809690688268,0.500951173113507,0.00292950730570781,0.0701754385964912,0.931726907630522,0.314986260832805,0.524392303011108,14.7705738544464
392,FALSE,0.880856760374833,0.635626325547841,0.728936799830903,0.52799660225845,0.505263157894737,0.952610441767068,0.523145212428662,0.192875322666166,0.488163179031917,-0.0356805602990047,0.0526315789473684,0.923694779116466,0.357711547946171,0.442751002881675,8.63402700424194
393,FALSE,0.945085605580215,0.809579705735943,0.828788839568802,0.687888301815066,0.701754385964912,0.955823293172691,0.511942506869584,0.185249253424978,0.498943140984993,-0.00318576431241113,0.0701754385964912,0.927710843373494,0.433143098710631,0.624330452310966,8.25286412239075
394,FALSE,0.907235961389418,0.713504043265863,0.730691185795815,0.529297865575817,0.508771929824561,0.952610441767068,0.42718241386599,0.151950498602402,0.444726273515113,-0.117360307979789,0.0701754385964912,0.819277108433735,0.480053547523429,0.561553544663461,8.77624297142029
395,FALSE,0.674628337913056,0.320684699148723,0.520291693088142,0.11517952903429,0.0526315789473684,0.987951807228916,0.533009229902065,0.202183701183005,0.512999365884591,0.0468810295648983,0.0701754385964912,0.955823293172691,0.141619108010991,0.118500997965718,9.41608309745789
396,FALSE,0.785401254139364,0.453569661429528,0.593447474106954,0.265195538545888,0.235087719298246,0.951807228915663,0.479109420136687,0.194786939556914,0.504967237370535,0.0160274437895464,0.0701754385964912,0.939759036144578,0.306291834002677,0.258782721872613,9.43351602554321
397,FALSE,0.898118790953288,0.710357038012183,0.76146692031283,0.5769518402658,0.571929824561404,0.951004016064257,0.541111815683789,0.214363067608588,0.534030860283238,0.0950329772630257,0.140350877192982,0.927710843373494,0.357006975269499,0.495993970403595,9.14728116989136
398,FALSE,0.946283379130558,0.81576007709941,0.796660325512577,0.64315098256053,0.635087719298246,0.958232931726908,0.525470302261678,0.208561144623035,0.508454872120059,0.0228335126131849,0.105263157894737,0.911646586345382,0.42081307686888,0.607198932476376,9.08776807785034
399,FALSE,0.909180581977032,0.724874038315588,0.782667512153879,0.604924396053166,0.617543859649123,0.947791164658635,0.40238145564715,0.151629609827703,0.48139928133587,-0.0586001606678767,0.0350877192982456,0.927710843373494,0.506799126329882,0.573244428487886,8.89410305023193
400,FALSE,0.886267878531672,0.667241331588391,0.734749524413443,0.532621189504148,0.519298245614035,0.950200803212851,0.509476502501232,0.215004656237809,0.490382582963433,-0.0229693414410138,0.105263157894737,0.875502008032129,0.37679137603044,0.452236675350582,9.69561004638672
401,FALSE,0.851687451560629,0.519105215922636,0.656393997040795,0.373744540470793,0.375438596491228,0.937349397590361,0.526527161276685,0.19090005549594,0.498943140984993,-0.00318576431241113,0.0701754385964912,0.927710843373494,0.325160290283944,0.328205160426696,9.50562810897827
402,FALSE,0.935855703515819,0.809386467901742,0.811350665821179,0.673722933362822,0.659649122807017,0.963052208835341,0.47185232156697,0.183165545354917,0.495455506235468,-0.0175447475103129,0.0350877192982456,0.955823293172691,0.464003381948849,0.626220922546825,9.51557517051697
403,FALSE,0.870302261678293,0.58068206765619,0.700697526949905,0.44217554306584,0.473684210526316,0.927710843373494,0.542380046501797,0.221541027812154,0.507926442612555,0.0185079144141574,0.140350877192982,0.875502008032129,0.327922215176496,0.359141039844036,9.19087600708008
404,FALSE,0.892045374480378,0.692584557195311,0.735108856478546,0.551445848794598,0.508771929824561,0.96144578313253,0.473050095117312,0.170038052819618,0.474106954132319,-0.068835322936273,0.0526315789473684,0.895582329317269,0.418995279363066,0.522546504375693,8.00158095359802
405,FALSE,0.825308250546044,0.570423854043897,0.667829211583175,0.407975040794274,0.389473684210526,0.946184738955823,0.468752201789614,0.170934473412715,0.490171211160431,-0.030271575492314,0.0526315789473684,0.927710843373494,0.35655604875643,0.399489380631181,7.98861789703369
406,FALSE,0.81946029732967,0.582722899450684,0.665969139716762,0.392555218054642,0.392982456140351,0.938955823293173,0.4475445642218,0.159369663522739,0.470090889875291,-0.0771833092374217,0.0526315789473684,0.887550200803213,0.37191573310787,0.423353235927944,7.73406910896301
407,FALSE,0.889607553019095,0.736073720994859,0.776960473472839,0.610916350703904,0.596491228070175,0.957429718875502,0.446346790671458,0.170719589089769,0.513739167195096,0.0432842095842271,0.087719298245614,0.939759036144578,0.443260762347637,0.56535413190509,7.63424301147461
408,FALSE,0.800014091453533,0.499603259321401,0.618156837877827,0.313505247208033,0.287719298245614,0.94859437751004,0.555132811949552,0.234605891733377,0.515218769816106,0.0398502891586561,0.12280701754386,0.907630522088353,0.244881279503981,0.264997367588024,8.4815309047699
409,FALSE,0.841175227224689,0.582005275498738,0.679666032551258,0.448732598081946,0.403508771929825,0.955823293172691,0.434650884238709,0.164078902153027,0.496935108856479,-0.00905159294912722,0.0701754385964912,0.923694779116466,0.406524342985979,0.417926373345711,8.27549910545349
410,FALSE,0.888085676037485,0.669720617810611,0.75149017121116,0.555875195070223,0.554385964912281,0.94859437751004,0.45374480377651,0.167146915019026,0.498414711477489,-0.00397957889442263,0.105263157894737,0.891566265060241,0.434340872260975,0.502573702791585,8.22619199752808
411,FALSE,0.84076657507222,0.591033983904538,0.692284929190446,0.441387223087898,0.445614035087719,0.938955823293173,0.495385048967801,0.178458872644388,0.480870851828366,-0.0493645900069729,0.0701754385964912,0.891566265060241,0.345381526104419,0.41257511126015,8.12324595451355
412,FALSE,0.917663637004158,0.782185602730536,0.795307545973367,0.642735075829709,0.631578947368421,0.959036144578313,0.550834918621856,0.238446254420752,0.534770661593743,0.0897290061452712,0.157894736842105,0.911646586345382,0.366828718382302,0.543739348309784,8.30603790283203
413,FALSE,0.921637426900585,0.789532365730584,0.783682096808286,0.634901186835859,0.603508771929825,0.963855421686747,0.484957373353061,0.196015608906122,0.516487000634115,0.0477505718182872,0.105263157894737,0.927710843373494,0.436680053547524,0.593516756824462,7.93673992156982
414,FALSE,0.769957021066723,0.405414438959256,0.599809765377299,0.267344750513497,0.252631578947368,0.946987951807229,0.477488902980343,0.185841840921954,0.508983301627563,0.030537233998852,0.0701754385964912,0.947791164658635,0.292468118086379,0.219572598037302,8.42451596260071
415,FALSE,0.895892341295006,0.65853464114269,0.768886070598182,0.588981819176913,0.585964912280702,0.951807228915663,0.474529697738322,0.173275403168089,0.498943140984993,-0.00318576431241113,0.0701754385964912,0.927710843373494,0.421362643556684,0.485259237974601,8.3066987991333
416,FALSE,0.921975621785388,0.743750556926568,0.77991967871486,0.620074586179274,0.6,0.959839357429719,0.536109349679419,0.223086432937145,0.540794757979286,0.110171698358617,0.157894736842105,0.923694779116466,0.385866272105969,0.520664123989423,9.39010620117188
417,FALSE,0.857507221869937,0.619847503395192,0.678207567110547,0.432062297446342,0.407017543859649,0.949397590361446,0.49890791235116,0.198606864812388,0.513739167195096,0.0432842095842271,0.087719298245614,0.939759036144578,0.358599309518777,0.421240638582804,9.20060300827026
418,FALSE,0.931177340942718,0.751481924060048,0.775903614457831,0.599975627674564,0.6,0.951807228915663,0.424716409497639,0.153030179602231,0.477383217078842,-0.0681753562855982,0.0350877192982456,0.919678714859438,0.506460931445079,0.598451744457817,9.47029709815979
419,FALSE,0.865412527302192,0.655607616387451,0.701817797505813,0.479566857089396,0.452631578947368,0.951004016064257,0.569928838159656,0.218550779046975,0.513739167195096,0.0432842095842271,0.087719298245614,0.939759036144578,0.295483689142536,0.437056837340477,9.47091698646545
420,FALSE,0.918706404565632,0.763499300860125,0.766074825618263,0.576154780005704,0.585964912280702,0.946184738955823,0.502501233002184,0.179712328343379,0.4713591206933,-0.0814198466215159,0.0350877192982456,0.907630522088353,0.416205171563448,0.583786972516746,8.83447098731995
421,FALSE,0.851391531036427,0.57556294496172,0.685161699429296,0.419439332924267,0.43859649122807,0.931726907630522,0.528993165645036,0.188674816648572,0.488902980342422,-0.0304641783104673,0.0701754385964912,0.907630522088353,0.322398365391391,0.386888128313148,8.79294896125793
422,FALSE,0.903431268935392,0.70647439893054,0.745381526104418,0.561460981562387,0.533333333333333,0.957429718875502,0.554005495666878,0.235567369470151,0.502430775734517,0.00627284845392473,0.105263157894737,0.899598393574297,0.349425773268515,0.470907029460389,8.82700085639954
423,FALSE,0.888254773479886,0.653572237490748,0.711287254280279,0.484413698581124,0.47719298245614,0.945381526104418,0.506658211794547,0.212210171460507,0.503170577045022,0.0076625315479046,0.12280701754386,0.883534136546185,0.381596561685338,0.441362066030241,8.82373213768005
424,FALSE,0.866497569224266,0.574482481194801,0.689072077784823,0.427780236414789,0.445614035087719,0.932530120481928,0.454097090114846,0.220749110371168,0.500422743606003,0.00107570670117017,0.105263157894737,0.895582329317269,0.41240047910942,0.353733370823633,8.14164996147156
425,FALSE,0.86305925456211,0.618040566494059,0.68858592263792,0.457257540563446,0.424561403508772,0.952610441767068,0.480659480025365,0.174615898888925,0.501690974424012,0.00472213551617519,0.087719298245614,0.91566265060241,0.382399774536745,0.443424667605134,8.10774183273315
426,FALSE,0.92879588529557,0.756679076104231,0.777615726062143,0.62096637900848,0.592982456140351,0.962248995983936,0.45423800465018,0.175732953612667,0.498943140984993,-0.00318576431241113,0.0701754385964912,0.927710843373494,0.474557880645389,0.580946122491564,7.69072818756104
427,FALSE,0.841893891354894,0.630559399054881,0.710082435003171,0.481405759544399,0.47719298245614,0.942971887550201,0.451631085746495,0.159323538501597,0.482139082646375,-0.0507747382990265,0.0526315789473684,0.911646586345382,0.390262805608398,0.471235860553284,7.52846908569336
428,FALSE,0.864341576833651,0.604301958950979,0.707271190023251,0.465693822865893,0.47719298245614,0.937349397590361,0.50905375889523,0.182626468614167,0.511731135066582,0.0361305901037296,0.087719298245614,0.93574297188755,0.35528781793842,0.421675490336811,7.85185599327087
429,FALSE,0.856788557739732,0.604101536151135,0.691185795814838,0.445683004531341,0.43859649122807,0.943775100401606,0.510533361516241,0.174684287127023,0.455294863665187,-0.112224124822718,0.0350877192982456,0.875502008032129,0.346255196223491,0.429417249024112,7.92218399047852
430,FALSE,0.956696963291763,0.863832018264667,0.841724793912492,0.714881409990517,0.72280701754386,0.960642570281125,0.435778200521384,0.155205300623302,0.46861128725428,-0.0966737410883576,0.0175438596491228,0.919678714859438,0.520918762770379,0.708626717641364,7.82511281967163
431,FALSE,0.865623899105193,0.661108231140567,0.69856267173959,0.478582227317982,0.442105263157895,0.955020080321285,0.359120693299513,0.1374971848734,0.470619319382794,-0.0925616174185779,0.0175438596491228,0.923694779116466,0.506503205805681,0.523611046267167,7.99624514579773
432,FALSE,0.934023814556474,0.825023499187309,0.829148171633904,0.707345228770864,0.691228070175439,0.967068273092369,0.427534700204325,0.154956141205622,0.480131050517861,-0.0554850923150585,0.0526315789473684,0.907630522088353,0.506489114352148,0.670067357981687,9.71903109550476
433,FALSE,0.755795110265624,0.396956321584583,0.577362079898541,0.230840014417669,0.196491228070175,0.958232931726908,0.473684210526316,0.169220330409065,0.48139928133587,-0.0586001606678767,0.0350877192982456,0.927710843373494,0.282110899739308,0.227735991175519,9.60429501533508
434,FALSE,0.911702952159516,0.70613640842408,0.740667934897485,0.549435700136403,0.526315789473684,0.955020080321285,0.511378848728247,0.200637104439554,0.525258930458677,0.071805694990931,0.12280701754386,0.927710843373494,0.400324103431269,0.505499303984526,9.8787350654602
435,FALSE,0.862270133164237,0.620469788769151,0.674698795180723,0.425288971929656,0.4,0.949397590361446,0.463749735785247,0.17162646474908,0.498943140984993,-0.00318576431241113,0.0701754385964912,0.927710843373494,0.39852039737899,0.448843324020071,10.2665138244629
436,FALSE,0.796477136616642,0.457328445410874,0.610885647854576,0.293444840771499,0.27719298245614,0.944578313253012,0.44233072641443,0.172384593955207,0.51574719932361,0.0508104069072853,0.087719298245614,0.943775100401606,0.354146410202212,0.284943851455668,8.63404107093811
437,FALSE,0.913027548791659,0.72822491276638,0.741006129782287,0.52356507649613,0.543859649122807,0.938152610441767,0.520256464454309,0.190156095493252,0.496935108856479,-0.00905159294912722,0.0701754385964912,0.923694779116466,0.392771084337349,0.538068817273128,8.58003497123718
438,FALSE,0.8809272176425,0.638065694449027,0.714394419784401,0.490114927963986,0.48421052631579,0.944578313253012,0.425350524906644,0.153098395202465,0.475375184950328,-0.0727248674878153,0.0350877192982456,0.91566265060241,0.455576692735856,0.484967299246562,9.05376100540161
439,FALSE,0.920157824279575,0.766159325558868,0.791143521454238,0.62859165705598,0.628070175438596,0.95421686746988,0.433100824350031,0.160935925816207,0.497674910166984,-0.00627921596862586,0.087719298245614,0.907630522088353,0.487056999929544,0.60522339974266,8.57047915458679
440,FALSE,0.876051574719933,0.650829984262945,0.718410484041429,0.508674210283387,0.48421052631579,0.952610441767068,0.493200873670119,0.18164644430135,0.491650813781442,-0.0215458707765241,0.087719298245614,0.895582329317269,0.382850701049814,0.469183539961595,9.76470589637756
441,FALSE,0.920608750792646,0.75635481686348,0.776960473472839,0.611491523516674,0.596491228070175,0.957429718875502,0.456140350877192,0.159610817045857,0.472627351511308,-0.0883214455636704,0.0175438596491228,0.927710843373494,0.464468399915454,0.596743999817623,9.90780305862427
442,FALSE,0.851419713943494,0.600827769014451,0.681610653138871,0.427167404448296,0.421052631578947,0.942168674698795,0.458394983442543,0.174010845237628,0.50570703868104,0.0165290440909456,0.087719298245614,0.923694779116466,0.393024730500951,0.426816923776823,9.99754095077515
443,FALSE,0.91068836750511,0.721118839345744,0.752251109701966,0.579864288829953,0.543859649122807,0.960642570281125,0.475586556753329,0.187338054968679,0.486894948213908,-0.0353919445504367,0.0701754385964912,0.903614457831325,0.43510181075178,0.533780784377065,9.85241794586182
444,FALSE,0.945198337208483,0.82762412343324,0.820672162333545,0.683352675706742,0.680701754385965,0.960642570281124,0.469949975339956,0.166457806202988,0.46861128725428,-0.0966737410883576,0.0175438596491228,0.919678714859438,0.475248361868527,0.661166317230252,9.49012398719788
445,FALSE,0.85559078418939,0.631615571078118,0.669541323187487,0.429397892744739,0.382456140350877,0.956626506024096,0.5621080814486,0.25031174951398,0.541534559289791,0.104264967033873,0.175438596491228,0.907630522088353,0.293482702740789,0.381303821564139,9.40325903892517
446,FALSE,0.854731205523851,0.578482919848819,0.68852251109702,0.42891900158241,0.442105263157895,0.934939759036145,0.579933770168392,0.263047464458445,0.546818854364828,0.13309591163591,0.157894736842105,0.93574297188755,0.274797435355459,0.315435455390375,10.8694970607758
447,FALSE,0.900317057704503,0.72689884835147,0.741619108010991,0.548767394185507,0.529824561403509,0.953413654618474,0.477700274783344,0.167254463887328,0.476854787571338,-0.0581018518585704,0.0701754385964912,0.883534136546185,0.422616782921159,0.559644384464142,10.8766639232635
448,FALSE,0.919326428521103,0.740168921418925,0.778461213274149,0.607191528510329,0.603508771929825,0.953413654618474,0.521383780736983,0.180794345866751,0.489642781652928,-0.0263548141786691,0.087719298245614,0.891566265060241,0.39794264778412,0.559374575552174,11.6227259635925
449,FALSE,0.885929683646869,0.748580387195606,0.760473472838723,0.595729055541852,0.557894736842105,0.963052208835341,0.533150144437398,0.215872905976969,0.486155146903403,-0.0408882302184713,0.0526315789473684,0.919678714859438,0.35277953920947,0.532707481218637,11.532931804657
450,FALSE,0.925174381737476,0.747590298852595,0.777805960684845,0.599914872839065,0.607017543859649,0.94859437751004,0.539279926724442,0.236976901851611,0.555590784189389,0.155240205094259,0.175438596491228,0.93574297188755,0.385894455013034,0.510613397000984,11.0495550632477
451,FALSE,0.833114915803565,0.589768136763055,0.671993236102304,0.42392550371752,0.392982456140351,0.951004016064257,0.417388853660256,0.157922975105328,0.496935108856479,-0.00905159294912722,0.0701754385964912,0.923694779116466,0.41572606214331,0.431845161657727,11.09450507164
452,FALSE,0.938096244627636,0.80932440234387,0.830289579370112,0.682597593738075,0.708771929824561,0.951807228915663,0.477841189318679,0.203789779971782,0.51574719932361,0.0508104069072853,0.087719298245614,0.943775100401606,0.460255055308957,0.605534622372088,10.665559053421
453,FALSE,0.86088917071796,0.658751489632796,0.733586979496935,0.510450032961065,0.529824561403509,0.937349397590361,0.46811808638061,0.169551201765054,0.496406679348975,-0.00890305712244703,0.105263157894737,0.887550200803213,0.392771084337349,0.489200287867742,10.7455170154572
454,FALSE,0.824152751356302,0.558232911682818,0.647537518495033,0.388056640303009,0.336842105263158,0.958232931726908,0.474881984076658,0.180216858387518,0.490171211160431,-0.030271575492314,0.0526315789473684,0.927710843373494,0.349270767279644,0.3780160532953,10.9632451534271
455,FALSE,0.912322976114986,0.689459179742823,0.737053477066159,0.530759257628428,0.526315789473684,0.947791164658635,0.570562953568661,0.228856062568667,0.490171211160431,-0.030271575492314,0.0526315789473684,0.927710843373494,0.341760022546326,0.460603117174157,10.9183659553528
456,FALSE,0.745522440639752,0.375567990515789,0.555907841893891,0.179507345416597,0.154385964912281,0.957429718875502,0.546677939829493,0.218707343800617,0.500422743606003,0.00107570670117017,0.105263157894737,0.895582329317269,0.198844500810259,0.156860646715172,13.8667809963226
457,FALSE,0.859226379201015,0.614906813804071,0.674106954132319,0.446577008696703,0.385964912280702,0.962248995983936,0.547734798844501,0.204618515772154,0.483407313464384,-0.0535384824459315,0.0350877192982456,0.931726907630522,0.311491580356514,0.410288298031918,13.8014588356018
458,FALSE,0.8714436694145,0.670377992906964,0.725935320228282,0.534942084521343,0.491228070175439,0.960642570281125,0.572535757063341,0.264991843702488,0.533291058972733,0.102532755699773,0.12280701754386,0.943775100401606,0.29890791235116,0.405386149204475,12.4056270122528
459,FALSE,0.911505671810049,0.721053085276955,0.753794123863877,0.556053442460406,0.56140350877193,0.946184738955823,0.498414711477489,0.181275657676338,0.505178609173536,0.0126695609679531,0.12280701754386,0.887550200803213,0.41309096033256,0.539777427600616,12.5048980712891
460,FALSE,0.902205312477984,0.754745958341807,0.753455928979074,0.58403423091213,0.543859649122807,0.963052208835341,0.475868385823997,0.176133462237301,0.479602621010357,-0.0487151966825898,0.087719298245614,0.8714859437751,0.426336926653986,0.578612496104506,14.3496010303497
461,FALSE,0.898597900373424,0.71891004007305,0.737603043753963,0.528461639530577,0.529824561403509,0.945381526104418,0.507926442612555,0.183128367350015,0.476854787571338,-0.0581018518585704,0.0701754385964912,0.883534136546185,0.390671457760869,0.535781672723035,14.1534581184387
462,FALSE,0.925583033889948,0.788985111871627,0.79706193193828,0.645431031613972,0.635087719298246,0.959036144578313,0.596561685337843,0.251032725753445,0.552314521242866,0.131326103515947,0.192982456140351,0.911646586345382,0.329021348552105,0.537952386118182,16.5736920833588
463,FALSE,0.892961318960051,0.633494477703985,0.724815049672374,0.495910510741088,0.512280701754386,0.937349397590362,0.469245402663285,0.170703395345236,0.494927076727964,-0.0146924836363961,0.0701754385964912,0.919678714859438,0.423715916296767,0.462791082358749,16.4746050834656
464,FALSE,0.930782780243783,0.780970505912544,0.793997040794758,0.624649142055333,0.63859649122807,0.949397590361446,0.491721271049108,0.173008015446495,0.464595222997252,-0.104561504757159,0.0175438596491228,0.911646586345382,0.439061509194675,0.607962490466048,13.2840979099274
465,FALSE,0.82278588036356,0.530574657892638,0.615599239061509,0.305009939401264,0.28421052631579,0.946987951807229,0.523356584231663,0.182951090355489,0.466814626928768,-0.0783528153610332,0.0701754385964912,0.863453815261044,0.299429296131897,0.347623567537149,14.4788720607758
466,FALSE,0.903896286901994,0.691252902401506,0.702473050095117,0.48697075753724,0.449122807017544,0.955823293172691,0.490875783837103,0.19087677868615,0.499682942295498,-0.000870405094584779,0.087719298245614,0.911646586345382,0.413020503064892,0.500376123715356,13.1841020584106
467,FALSE,0.864440217008385,0.62595002993907,0.682117945466075,0.440458424791023,0.414035087719298,0.950200803212851,0.478686676530684,0.209563305974964,0.525998731769182,0.0680775773127043,0.140350877192982,0.911646586345382,0.385753540477701,0.416386723964106,13.0026590824127
468,FALSE,0.894666384837597,0.739105803991318,0.766539843584866,0.608117290572337,0.568421052631579,0.964658634538153,0.505319523708871,0.185669191591395,0.488902980342422,-0.0304641783104673,0.0701754385964912,0.907630522088353,0.389346861128725,0.553436612399923,19.5562789440155
469,FALSE,0.825237793278377,0.562499028754569,0.670238850137392,0.420737939748787,0.389473684210526,0.951004016064257,0.444726273515113,0.16718067890242,0.49143944197844,-0.0308728731281038,0.0350877192982456,0.947791164658635,0.380511519763264,0.39531834985215,18.6599838733673
470,FALSE,0.880293102233496,0.605460850383244,0.70145846544071,0.458846976875426,0.463157894736842,0.939759036144578,0.492778130064115,0.190471915960592,0.501690974424012,0.00472213551617519,0.087719298245614,0.91566265060241,0.387514972169381,0.414988934422652,18.1355111598969
471,FALSE,0.791206932995138,0.422770943976487,0.587930670048616,0.240655335359431,0.228070175438596,0.947791164658635,0.527936306630028,0.182180868732046,0.490171211160431,-0.030271575492314,0.0526315789473684,0.927710843373494,0.26327062636511,0.240590075244441,17.9937598705292
472,FALSE,0.877996195307546,0.623057467234965,0.688036355950116,0.459940580610755,0.421052631578947,0.955020080321285,0.472909180581977,0.168712405663241,0.473367152821814,-0.0771355390910794,0.0350877192982456,0.911646586345382,0.405087014725569,0.454345061571725,11.3620190620422
473,FALSE,0.672585077150708,0.286616683464915,0.504692454026633,0.0235363728547305,0.0350877192982456,0.97429718875502,0.506658211794547,0.185135083915863,0.490382582963433,-0.0229693414410138,0.105263157894737,0.875502008032129,0.16592686535616,0.101481599549052,11.1535339355469
474,FALSE,0.925963503135348,0.77458920859466,0.775248361868527,0.591688406406406,0.603508771929825,0.946987951807229,0.591488762065807,0.251353051639337,0.544071020925809,0.135733838497795,0.140350877192982,0.947791164658635,0.334474741069541,0.523236156955323,9.62495803833008
475,FALSE,0.884915098992462,0.700522720720751,0.72568167406468,0.527628197171671,0.494736842105263,0.956626506024096,0.40759529345452,0.146682900952425,0.453815261044177,-0.136398142026503,0,0.907630522088353,0.477319805537942,0.553839819768325,9.74298906326294
476,FALSE,0.887606566617348,0.692269181513544,0.72141196364405,0.498456973691333,0.498245614035088,0.944578313253012,0.555273726484887,0.212258254268043,0.500951173113507,0.00292950730570781,0.0701754385964912,0.931726907630522,0.332332840132461,0.480010927245501,9.0701220035553
477,FALSE,0.930529134080181,0.788150779394094,0.788290002113718,0.632894804822247,0.617543859649123,0.959036144578313,0.528006763897696,0.234585744278273,0.525258930458677,0.071805694990931,0.12280701754386,0.927710843373494,0.402522370182485,0.553565035115821,8.79955983161926
478,FALSE,0.835975480870852,0.568267548047563,0.646332699217924,0.382305205269956,0.336842105263158,0.955823293172691,0.441907982808427,0.169858269665599,0.486894948213908,-0.0353919445504367,0.0701754385964912,0.903614457831325,0.394067498062426,0.398409278381964,9.67392706871033
479,FALSE,0.893327696751921,0.691810601226637,0.727837666455295,0.532362449599005,0.498245614035088,0.957429718875502,0.421052631578947,0.155356120411877,0.479391249207356,-0.0634726582903358,0.0350877192982456,0.923694779116466,0.472275065172974,0.53645448081476,9.2139630317688
480,FALSE,0.909321496512367,0.759348347195616,0.779264426125555,0.610505894463506,0.603508771929825,0.955020080321285,0.448319594166138,0.170903527776809,0.488902980342422,-0.0304641783104673,0.0701754385964912,0.907630522088353,0.461001902346229,0.588444819418806,10.7245121002197
481,FALSE,0.898203339674489,0.719898578000156,0.739864722046079,0.545089150477573,0.526315789473684,0.953413654618474,0.587472697808779,0.231186631697227,0.520503064891144,0.061803827660776,0.105263157894737,0.93574297188755,0.31073064186571,0.488711946302929,10.4828689098358
482,FALSE,0.884971464806596,0.66642774545765,0.69856267173959,0.477774456667199,0.442105263157895,0.955020080321285,0.470795462551962,0.185241428387026,0.4713591206933,-0.0814198466215159,0.0350877192982456,0.907630522088353,0.414176002254634,0.481186317070625,11.6022601127625
483,FALSE,0.843923060663708,0.548305274486497,0.6571972098922,0.380341877771543,0.375438596491228,0.938955823293173,0.439723807510744,0.163343202839382,0.490911012470936,-0.0253814783994416,0.0701754385964912,0.911646586345382,0.404199253152964,0.384962071647115,11.4087438583374
484,FALSE,0.826012823222715,0.560712711073946,0.641809342633693,0.348576836492471,0.343859649122807,0.939759036144578,0.419432114422602,0.175792655501988,0.525998731769182,0.0680775773127043,0.140350877192982,0.911646586345382,0.406580708800113,0.384920055571958,9.07141089439392
485,FALSE,0.890903966744171,0.655382992633619,0.723166349608962,0.50243343990269,0.501754385964912,0.944578313253012,0.48946663848376,0.187845692485848,0.503699006552526,0.0105154783459522,0.087719298245614,0.919678714859438,0.401437328260411,0.467537300147771,8.97181391716003
486,FALSE,0.898682449094625,0.723849810927968,0.759818220249419,0.586121921847212,0.56140350877193,0.958232931726908,0.487141548650743,0.217674447189149,0.516487000634115,0.0477505718182872,0.105263157894737,0.927710843373494,0.411540900443881,0.506175363738819,8.36994099617004
487,FALSE,0.942365955048266,0.852788603860105,0.836165715493553,0.718891692459475,0.705263157894737,0.96706827309237,0.438032833086732,0.160892077388778,0.484147114774889,-0.0459140113637377,0.0526315789473684,0.91566265060241,0.504333121961534,0.691896526471326,8.20639896392822
488,FALSE,0.973381244275348,0.92187236470068,0.875819065736631,0.784665500772879,0.778947368421053,0.972690763052209,0.544846050870148,0.239979370523543,0.541323187486789,0.140471276394719,0.12280701754386,0.959839357429719,0.4285351934052,0.681892994177137,11.8383820056915
489,FALSE,0.855914887620659,0.599031514334228,0.682667512153879,0.437777966139821,0.417543859649123,0.947791164658635,0.50038751497217,0.184372388719485,0.484147114774889,-0.0459140113637377,0.0526315789473684,0.91566265060241,0.355527372648489,0.414659125614742,11.9371991157532
490,FALSE,0.888790248714155,0.706476735312598,0.746332699217924,0.559724473733964,0.536842105263158,0.955823293172691,0.438244204889733,0.158613602170138,0.464066793489748,-0.0890305712244703,0.0526315789473684,0.875502008032129,0.450546043824422,0.54786313314246,11.5138568878174
491,FALSE,0.895962798562673,0.729070016511918,0.753751849503276,0.573040501556619,0.550877192982456,0.956626506024096,0.540900443880786,0.220889187841704,0.526527161276686,0.0855933700250242,0.105263157894737,0.947791164658635,0.355062354681887,0.508180828670213,11.6375098228455
492,FALSE,0.879179877404355,0.652498121438903,0.70426971042063,0.472253733530108,0.463157894736842,0.945381526104418,0.577397308532374,0.203415960251322,0.473367152821814,-0.0771355390910794,0.0350877192982456,0.911646586345382,0.301782568871981,0.44908216118758,9.75369095802307
493,FALSE,0.889649827379695,0.646070171096675,0.739061509194673,0.541305928571142,0.526315789473684,0.951807228915663,0.473191009652646,0.250072326536513,0.523779327837666,0.0857579809113993,0.087719298245614,0.959839357429719,0.41645881772705,0.395997844560163,9.53796219825745
494,FALSE,0.948833932220108,0.804456205996341,0.817311350665821,0.673098342541309,0.67719298245614,0.957429718875502,0.520679208060312,0.183121793768774,0.470619319382794,-0.0925616174185779,0.0175438596491228,0.923694779116466,0.428154724159797,0.621334412227568,10.7925400733948
495,FALSE,0.878517579088284,0.628783264929293,0.709279222151765,0.474063108423189,0.47719298245614,0.94136546184739,0.520608750792644,0.192946679194275,0.494927076727964,-0.0146924836363961,0.0701754385964912,0.919678714859438,0.35790882829564,0.435836585735018,9.63024187088013
496,FALSE,0.926738533079689,0.793611027326775,0.833100824350032,0.696923336956309,0.708771929824561,0.957429718875502,0.440146551116748,0.165134599762129,0.485415345592898,-0.0482648258283967,0.0350877192982456,0.93574297188755,0.486591981962941,0.628476427564646,9.65675783157349
497,FALSE,0.764390896921017,0.460869702322321,0.612640033819489,0.299972584735153,0.280701754385965,0.944578313253012,0.471288663425632,0.170445745239868,0.49291904459945,-0.0201296299765371,0.0701754385964912,0.91566265060241,0.293102233495385,0.290423957082453,9.92741799354553
498,FALSE,0.871373212146833,0.662622356930245,0.726231240752484,0.524283692203153,0.498245614035088,0.95421686746988,0.495807792573805,0.188268253490795,0.499682942295498,-0.000870405094584779,0.087719298245614,0.911646586345382,0.375565419573029,0.47435410343945,10.0516538619995
499,FALSE,0.909758331571903,0.73609649875127,0.763622912703445,0.581457780411096,0.575438596491228,0.951807228915663,0.501021630381174,0.178035821922917,0.490171211160431,-0.030271575492314,0.0526315789473684,0.927710843373494,0.408736701190729,0.558060676828353,8.87302112579346
500,FALSE,0.819516663143804,0.549147697133499,0.63851194250687,0.368025288460357,0.32280701754386,0.95421686746988,0.48897343761009,0.193650316102389,0.54005495666878,0.118294956128249,0.140350877192982,0.939759036144578,0.330543225533714,0.35549738103111,9.5725839138031
501,FALSE,0.95627421968576,0.824637101147317,0.805030648911435,0.654360493896189,0.652631578947368,0.957429718875502,0.500669344042838,0.183228648272533,0.503170577045022,0.0076625315479046,0.12280701754386,0.883534136546185,0.455604875642922,0.641408452874785,8.99110102653503
502,FALSE,0.850715141266822,0.5570491878425,0.671084337349398,0.408392043505123,0.4,0.942168674698795,0.521383780736984,0.230073831811638,0.523779327837666,0.0857579809113993,0.087719298245614,0.959839357429719,0.329331360529839,0.326975356030862,9.80806994438171
503,FALSE,0.921003311491582,0.745396360013005,0.755146903403086,0.557192147293969,0.564912280701754,0.945381526104418,0.408229408863524,0.15561650634276,0.480870851828366,-0.0493645900069729,0.0701754385964912,0.891566265060241,0.512773902628058,0.589779853670245,9.46045398712158
504,FALSE,0.867836257309943,0.617826178895607,0.716550412175016,0.49134273302834,0.487719298245614,0.945381526104418,0.504474036496865,0.185411610367785,0.486366518706405,-0.0318336127923507,0.105263157894737,0.867469879518072,0.363362220813078,0.432414568527821,10.3417541980743
505,FALSE,0.900429789332771,0.709572885840555,0.730289579370112,0.52770679774199,0.508771929824561,0.951807228915663,0.56091030789826,0.241838402175977,0.548087085182837,0.155159296260502,0.140350877192982,0.955823293172691,0.339519481434511,0.467734483664578,10.1289329528809
506,FALSE,0.908504192207426,0.736356546710565,0.77290213485521,0.609643715081294,0.585964912280702,0.959839357429719,0.554850982878884,0.201505205473727,0.50570703868104,0.0165290440909456,0.087719298245614,0.923694779116466,0.353653209328542,0.534851341236839,10.2060871124268
507,FALSE,0.879208060311422,0.65303215140525,0.723525681674065,0.522375447402487,0.491228070175439,0.955823293172691,0.393997040794757,0.161344786279782,0.503699006552526,0.0105154783459522,0.087719298245614,0.919678714859438,0.485211019516665,0.491687365125469,10.0810329914093
508,FALSE,0.803015571056155,0.489600881587894,0.608983301627563,0.294089787601237,0.270175438596491,0.947791164658635,0.49291904459945,0.181723176850381,0.496406679348975,-0.00890305712244703,0.105263157894737,0.887550200803213,0.310096526456704,0.307877704737513,8.02918195724487
509,FALSE,0.884689635735928,0.649000810854018,0.734643838511942,0.519335877937734,0.526315789473684,0.942971887550201,0.482914112590713,0.180556414130033,0.484886916085394,-0.040177351754641,0.0701754385964912,0.899598393574297,0.401775523145215,0.468444396723985,8.0985541343689
510,FALSE,0.924089339815402,0.747685717268369,0.756563094483196,0.589009485230427,0.550877192982456,0.962248995983936,0.460508701472557,0.178669929043064,0.494927076727964,-0.0146924836363961,0.0701754385964912,0.919678714859438,0.463580638342845,0.569015788225305,7.99077820777893
511,FALSE,0.901768477418447,0.721708060113119,0.747981399281336,0.551222083477844,0.547368421052632,0.94859437751004,0.489325723948424,0.180498502496904,0.486894948213908,-0.0353919445504367,0.0701754385964912,0.903614457831325,0.412442753470022,0.541209557616214,7.95037388801575
512,FALSE,0.876756147396605,0.683483596764368,0.708180088776157,0.480454523273922,0.470175438596491,0.946184738955823,0.462763334037906,0.168090930007142,0.501690974424012,0.00472213551617519,0.087719298245614,0.91566265060241,0.413992813358699,0.515392666757226,8.83218717575073
513,FALSE,0.905305432255338,0.692257788256879,0.749186218558444,0.557577303437693,0.547368421052632,0.951004016064257,0.50236031846685,0.182599113521857,0.486155146903403,-0.0408882302184713,0.0526315789473684,0.919678714859438,0.402945113788488,0.509658674735022,8.94219303131104
514,FALSE,0.920355104629043,0.734483342251176,0.767977171845276,0.573806748866435,0.592982456140351,0.942971887550201,0.471500035228633,0.168308655042862,0.479602621010357,-0.0487151966825898,0.087719298245614,0.8714859437751,0.448855069400409,0.566174687208314,10.1836750507355
515,FALSE,0.867483970971606,0.662496974741478,0.715007398013105,0.514117012265828,0.470175438596491,0.959839357429719,0.44430352990911,0.162199914068372,0.486155146903403,-0.0408882302184713,0.0526315789473684,0.919678714859438,0.423180441062496,0.500297060673106,10.1697709560394
516,FALSE,0.775128584513493,0.382284406390857,0.564764320439653,0.179513839878097,0.192982456140351,0.936546184738956,0.47903896286902,0.169885021276609,0.48139928133587,-0.0586001606678767,0.0350877192982456,0.927710843373494,0.296089621644473,0.212399385114248,10.7230708599091
517,FALSE,0.934770661593744,0.795367500301835,0.802473050095117,0.64731629090327,0.649122807017544,0.955823293172691,0.579722398365391,0.218821923774675,0.494927076727964,-0.0146924836363961,0.0701754385964912,0.919678714859438,0.355048263228353,0.57654557652716,10.1590650081635
518,FALSE,0.919537800324105,0.772540679918553,0.788184316212217,0.620009116732052,0.624561403508772,0.951807228915663,0.47234552244064,0.167631587282736,0.479391249207356,-0.0634726582903358,0.0350877192982456,0.923694779116466,0.447192277883466,0.604909092635817,8.90662288665771
519,FALSE,0.873867399422251,0.668937856480544,0.702980342422321,0.501480162301571,0.442105263157895,0.963855421686747,0.586134009723103,0.2225536925746,0.508454872120059,0.0228335126131849,0.105263157894737,0.911646586345382,0.287733389699149,0.446384163905944,8.8743851184845
520,FALSE,0.891368984710773,0.701217481992172,0.745275840202917,0.54838212956905,0.540350877192982,0.950200803212851,0.458535897977877,0.165102658659668,0.49291904459945,-0.0201296299765371,0.0701754385964912,0.91566265060241,0.432833086732897,0.536114823332504,7.91768717765808
521,FALSE,0.925963503135349,0.753333844928124,0.787677023885014,0.605789406069129,0.631578947368421,0.943775100401606,0.475022898611992,0.179164060768925,0.486155146903403,-0.0408882302184713,0.0526315789473684,0.919678714859438,0.450940604523358,0.5741697841592,7.44344806671143
522,FALSE,0.905573169872472,0.716908709009835,0.732191925597125,0.524066558827543,0.51578947368421,0.94859437751004,0.50285351934052,0.212638796354241,0.513210737687593,0.0340915676843736,0.12280701754386,0.903614457831325,0.402719650531953,0.504269912655595,8.05243301391602
523,FALSE,0.888705699992955,0.717206009575796,0.749883745508349,0.548489434893778,0.554385964912281,0.945381526104418,0.495455506235469,0.17797864003627,0.488902980342422,-0.0304641783104673,0.0701754385964912,0.907630522088353,0.393250193757486,0.539227369539526,8.00719904899597
524,FALSE,0.920524202071445,0.806218877939365,0.80147960262101,0.667981439940051,0.635087719298246,0.967871485943775,0.546325653491157,0.220913503894518,0.515958571126612,0.0390429327787943,0.140350877192982,0.891566265060241,0.374198548580288,0.585305374044847,10.8492248058319
525,FALSE,0.868414006904813,0.609312308166383,0.69856267173959,0.478505743842373,0.442105263157895,0.955020080321285,0.453322060170506,0.161252179153015,0.455294863665187,-0.112224124822718,0.0350877192982456,0.875502008032129,0.415091946734307,0.448060129013368,11.1321911811829
526,FALSE,0.921214683294582,0.779724454458219,0.779370112027056,0.623498252163059,0.596491228070175,0.962248995983936,0.394560698936095,0.143550655230003,0.457302895793701,-0.108646376818187,0.0350877192982456,0.879518072289157,0.526653984358487,0.636173799228216,10.9950070381165
527,FALSE,0.936856196716692,0.795949668758332,0.774149228492919,0.597026755421674,0.596491228070175,0.951807228915663,0.474811526808991,0.173045307938876,0.501690974424012,0.00472213551617519,0.087719298245614,0.91566265060241,0.462044669907702,0.622904360819456,10.9433958530426
528,FALSE,0.865313887127458,0.625170062913554,0.683174804481082,0.452214532670419,0.410526315789474,0.955823293172691,0.457056295356867,0.161410250132615,0.4713591206933,-0.0814198466215159,0.0350877192982456,0.907630522088353,0.408257591770591,0.463759812780939,8.90430808067322
529,FALSE,0.950623546818854,0.83441452890399,0.831346438385119,0.693548425027563,0.705263157894737,0.957429718875502,0.548862115127176,0.231260762643154,0.539315155358275,0.130105182667852,0.12280701754386,0.955823293172691,0.401761431691678,0.603153766260835,8.17428112030029
530,FALSE,0.922356091030792,0.74895776261537,0.762418093426337,0.574966163508925,0.575438596491228,0.949397590361446,0.363559501162544,0.138940565526361,0.452547030226168,-0.126151265299537,0.0175438596491228,0.887550200803213,0.558796589868248,0.610017197089009,8.9910991191864
531,FALSE,0.893679983090258,0.658850783971867,0.739209469456774,0.535570755047324,0.529824561403509,0.94859437751004,0.517297259212287,0.186610820535675,0.480131050517861,-0.0554850923150585,0.0526315789473684,0.907630522088353,0.37638272387797,0.472239963436192,9.20386695861816
532,FALSE,0.941097724230254,0.807208549692171,0.797463538363982,0.647774880736148,0.635087719298246,0.959839357429719,0.51948143450997,0.180909261245684,0.46861128725428,-0.0966737410883576,0.0175438596491228,0.919678714859438,0.421616289720284,0.626299288446488,11.1734609603882
533,FALSE,0.776904107658705,0.493241711814671,0.64136546184739,0.36157890477276,0.333333333333333,0.949397590361446,0.549778059606848,0.250060182458918,0.532551257662228,0.113861232238426,0.105263157894737,0.959839357429719,0.227126048051856,0.243181529355753,11.0732538700104
534,FALSE,0.921679701261185,0.727267157361762,0.749143944197844,0.575126642307104,0.536842105263158,0.96144578313253,0.461988304093567,0.166048883979148,0.46861128725428,-0.0966737410883576,0.0175438596491228,0.919678714859438,0.459691397167618,0.561218273382614,11.0273320674896
535,FALSE,0.824082294088636,0.544022200442817,0.670534770661594,0.412560510861062,0.396491228070175,0.944578313253012,0.552455435778201,0.237930076751332,0.523250898330163,0.0649293633474089,0.12280701754386,0.923694779116466,0.271626858310435,0.306092123691485,10.9652729034424
536,FALSE,0.892017191573311,0.694414800333875,0.733798351299937,0.53245088227864,0.515789473684211,0.951807228915663,0.450644683999154,0.161125327869073,0.469351088564785,-0.0855887062306753,0.0350877192982456,0.903614457831325,0.441372507574158,0.533289472464803,10.2752060890198
537,FALSE,0.908165997322625,0.661245173336167,0.769329951384485,0.574653826780006,0.596491228070175,0.942168674698795,0.53188191361939,0.225357177970123,0.535299091101247,0.11120712308563,0.12280701754386,0.947791164658635,0.376284083703234,0.435887995366044,9.98838591575623
538,FALSE,0.867469879518073,0.615732322516717,0.696300993447474,0.461216719191764,0.445614035087719,0.946987951807229,0.568449235538646,0.243483694086055,0.538786725850771,0.103112504153519,0.157894736842105,0.919678714859438,0.299020643979428,0.372248628430662,9.93153595924377
539,FALSE,0.856506728669063,0.586682236580407,0.69714648065948,0.44792695218016,0.456140350877193,0.938152610441767,0.539843584865779,0.251836153960068,0.546079053054322,0.145168579836331,0.140350877192982,0.951807228915663,0.316663143803285,0.334846082620339,9.69134306907654
540,FALSE,0.86708941027267,0.613373756099549,0.693489748467554,0.446758825979204,0.445614035087719,0.94136546184739,0.523567956034665,0.197085538378551,0.501690974424012,0.00472213551617519,0.087719298245614,0.91566265060241,0.343521454238005,0.416288217720997,8.20456409454346
541,FALSE,0.905502712604806,0.723425873691383,0.75149017121116,0.557435021244982,0.554385964912281,0.94859437751004,0.487987035862749,0.188408103081463,0.509194673430564,0.0230815575876512,0.12280701754386,0.895582329317269,0.417515676742057,0.53501777060992,8.14219808578491
542,FALSE,0.942830973014866,0.785173677439734,0.812196153033185,0.660078541862063,0.670175438596491,0.95421686746988,0.560487564292258,0.212032367866107,0.523990699640668,0.0619102869148224,0.140350877192982,0.907630522088353,0.382343408722609,0.573141309573627,8.55819296836853
543,FALSE,0.805819770309308,0.459817988089799,0.602008032128514,0.265168073327009,0.266666666666667,0.937349397590361,0.487634749524412,0.169434677954981,0.479391249207356,-0.0634726582903358,0.0350877192982456,0.923694779116466,0.318185020784895,0.290383310134818,8.71096205711365
544,FALSE,0.89463820193053,0.677714732524705,0.726675121538787,0.509185722047726,0.508771929824561,0.944578313253012,0.447544564221799,0.168334863188681,0.502219403931516,0.00800407821839727,0.0526315789473684,0.951807228915663,0.44709363770873,0.509379869336025,10.7438158988953
545,FALSE,0.859635031353485,0.665400147854673,0.699365884590996,0.480915115011143,0.442105263157895,0.956626506024096,0.401183682096808,0.181924121100701,0.516487000634115,0.0477505718182872,0.105263157894737,0.927710843373494,0.458451349256677,0.483476026753972,10.701061964035
546,FALSE,0.79757626999225,0.4996694118719,0.615958571126612,0.329286909925234,0.273684210526316,0.958232931726908,0.603184668498556,0.218755930029961,0.496195307545973,-0.012590824129147,0.0526315789473684,0.939759036144578,0.194391601493693,0.280913481841939,11.1733090877533
547,FALSE,0.945451983372085,0.847088591005451,0.831050517860917,0.705109119315377,0.698245614035088,0.963855421686747,0.607412104558585,0.282512118725648,0.518495032762629,0.0546216815895608,0.105263157894737,0.931726907630522,0.3380398788135,0.564576472279803,10.7426970005035
548,FALSE,0.927668569012896,0.813987569896299,0.792961318960051,0.664108266764166,0.614035087719298,0.971887550200803,0.547452969773832,0.274194632466782,0.515958571126612,0.0390429327787943,0.140350877192982,0.891566265060241,0.380215599239063,0.539792937429517,11.1042549610138
549,FALSE,0.833269921792433,0.550200526034055,0.63434791798774,0.34692671013156,0.319298245614035,0.949397590361446,0.517085887409287,0.218347080071808,0.536250264214754,0.082863525740834,0.192982456140351,0.879518072289157,0.316184034383146,0.331853445962247,11.8032159805298
550,FALSE,0.834369055168041,0.569014949479666,0.66852673853308,0.401232592313552,0.396491228070175,0.940562248995984,0.414218276615233,0.151837101591608,0.483407313464384,-0.0535384824459315,0.0350877192982456,0.931726907630522,0.420150778552808,0.417177847888058,11.5780701637268
551,FALSE,0.905446346790672,0.732916310044794,0.752948636651871,0.569098311292317,0.550877192982456,0.955020080321285,0.489678010286761,0.175935812480286,0.497886281969985,-0.00469069467682136,0.140350877192982,0.855421686746988,0.415768336503912,0.556980497564507,11.3538329601288
552,FALSE,0.947396603959698,0.82231113224213,0.813802578735997,0.667971021176934,0.670175438596491,0.957429718875502,0.487916578595083,0.168192059358074,0.480659480025365,-0.0697498244746048,0.0175438596491228,0.943775100401606,0.459480025364616,0.654119072884055,10.558177947998
553,FALSE,0.932318748678926,0.794361422798049,0.795857112661171,0.640034009807807,0.635087719298246,0.956626506024096,0.525470302261678,0.199132358504264,0.502959205242021,0.00932275283352584,0.0701754385964912,0.93574297188755,0.406848446417248,0.595229064293784,9.81737780570984
554,FALSE,0.865384344395125,0.626429151254973,0.716148805749313,0.491554867215196,0.487719298245614,0.944578313253012,0.508631015289227,0.208647198608568,0.496935108856479,-0.00905159294912722,0.0701754385964912,0.923694779116466,0.356753329105898,0.417781952646404,9.78813219070435
555,FALSE,0.797660818713451,0.456241699845783,0.604417670682731,0.277112732241124,0.266666666666667,0.942168674698795,0.523286126963997,0.190687850778154,0.490911012470936,-0.0253814783994416,0.0701754385964912,0.911646586345382,0.274374691749454,0.26555384906763,9.72984004020691
556,FALSE,0.862213767350103,0.594345607487568,0.661213274149228,0.397115316724878,0.375438596491228,0.946987951807229,0.576833650391039,0.228648615140611,0.507715070809554,0.0227850443202168,0.087719298245614,0.927710843373494,0.285380116959065,0.365696992346957,9.09172105789185
557,FALSE,0.89184809413091,0.68297101242408,0.714204185161699,0.511418666007866,0.470175438596491,0.958232931726908,0.567181004720636,0.24661675903306,0.510462904248573,0.0287233681212977,0.105263157894737,0.91566265060241,0.324667089410274,0.436354253391021,9.05369901657104
558,FALSE,0.917395899387022,0.751576728639567,0.7714436694145,0.596358823181879,0.589473684210526,0.953413654618474,0.501444373987177,0.18928544698874,0.513210737687593,0.0340915676843736,0.12280701754386,0.903614457831325,0.415951525399846,0.562291281650827,8.60810399055481
559,FALSE,0.889565278658494,0.707982542530167,0.761065313887127,0.57616837286994,0.571929824561404,0.950200803212851,0.465299795673924,0.171088835613226,0.483407313464384,-0.0535384824459315,0.0350877192982456,0.931726907630522,0.42426548298457,0.536893706916942,8.57435703277588
560,FALSE,0.891213978721907,0.680745736213075,0.717607271190023,0.502882349679942,0.48421052631579,0.951004016064257,0.492778130064116,0.181648309133454,0.504438807863031,0.011623001004608,0.105263157894737,0.903614457831325,0.39843584865779,0.49909742707962,9.58769011497498
561,FALSE,0.859578665539351,0.644683380546809,0.68708518283661,0.460712165852787,0.417543859649123,0.956626506024096,0.48326639892905,0.189079153650364,0.502959205242021,0.00932275283352584,0.0701754385964912,0.93574297188755,0.376312266610302,0.455604226896445,9.55018997192383
562,FALSE,0.90107799619531,0.713736630856417,0.732952864087931,0.545975172201124,0.505263157894737,0.960642570281125,0.467765800042273,0.16902038993205,0.488902980342422,-0.0304641783104673,0.0701754385964912,0.907630522088353,0.433312196153036,0.544716240924367,9.86534810066223
563,FALSE,0.927513563024027,0.77917345109601,0.778418938913549,0.625795158719365,0.592982456140351,0.963855421686747,0.449799196787148,0.164538080529347,0.47283872331431,-0.0664505544645704,0.0701754385964912,0.875502008032129,0.477714366236879,0.614635370566664,9.70506906509399
564,FALSE,0.887564292256747,0.692425159284776,0.714605791587402,0.512361910625991,0.470175438596491,0.959036144578313,0.455013034594518,0.16597984120745,0.482139082646375,-0.0507747382990265,0.0526315789473684,0.911646586345382,0.432551257662229,0.526445318077325,9.48605108261108
565,FALSE,0.865243429859791,0.619827263637689,0.700803212851406,0.451540625095082,0.466666666666667,0.934939759036145,0.486366518706405,0.181837920716169,0.489642781652928,-0.0263548141786691,0.087719298245614,0.891566265060241,0.378876911153386,0.43798934292152,9.5638689994812
566,FALSE,0.934967941943213,0.82696954050398,0.820270555907842,0.681328501404912,0.680701754385965,0.959839357429719,0.424293665891636,0.154280585336188,0.470830691185796,-0.0704952902407223,0.0701754385964912,0.8714859437751,0.510674276051577,0.672688955167793,9.61571502685547
567,FALSE,0.908208271683225,0.768892493163001,0.778968505601353,0.621549283343564,0.596491228070175,0.96144578313253,0.447051363348129,0.189511041412846,0.511731135066582,0.0361305901037296,0.087719298245614,0.93574297188755,0.461156908335096,0.579381451750155,9.53067421913147
568,FALSE,0.890016205171564,0.683898161383487,0.713950538998098,0.504599107644725,0.473684210526316,0.95421686746988,0.488902980342422,0.179576823702032,0.490171211160431,-0.030271575492314,0.0526315789473684,0.927710843373494,0.401113224829142,0.504321337681456,11.5547530651093
569,FALSE,0.914619883040936,0.753658329568733,0.76136123441133,0.566349301764268,0.578947368421053,0.943775100401606,0.513844853096597,0.192451949361067,0.504438807863031,0.011623001004608,0.105263157894737,0.903614457831325,0.400775029944339,0.561206380207666,11.4054400920868
570,FALSE,0.890791235115903,0.722166608405384,0.750095117311351,0.573094828436345,0.540350877192982,0.959839357429719,0.413795533009229,0.153886362862228,0.462058761361234,-0.0928239262754115,0.0526315789473684,0.8714859437751,0.476995702106674,0.568280245543156,14.5799460411072
571,FALSE,0.804410624955964,0.518339091854374,0.642210949059395,0.353888343266574,0.343859649122807,0.940562248995984,0.520538293524978,0.190385865386161,0.500951173113507,0.00292950730570781,0.0701754385964912,0.931726907630522,0.283872331430987,0.327953226468213,14.5694341659546
572,FALSE,0.865764813640527,0.641705538048119,0.726315789473684,0.492141872464183,0.519298245614035,0.933333333333333,0.549989431409849,0.226431502809951,0.500422743606003,0.00107570670117017,0.105263157894737,0.895582329317269,0.315775382230678,0.415274035238168,13.7429161071777
573,FALSE,0.810582681603608,0.48437623853657,0.622468822659057,0.32422807893122,0.294736842105263,0.950200803212851,0.444514901712112,0.174736978098695,0.49291904459945,-0.0201296299765371,0.0701754385964912,0.91566265060241,0.366067779891496,0.309639260437875,12.2731211185455
574,FALSE,0.90847600930036,0.767270406939322,0.790741915028535,0.62610855574472,0.628070175438596,0.953413654618474,0.392587895441414,0.161911584659891,0.467343056436271,-0.0896517247422323,0.0350877192982456,0.899598393574297,0.515888113858946,0.605358822279431,9.66737604141235
575,FALSE,0.888452053829354,0.686633197991438,0.741006129782287,0.526050679287291,0.543859649122807,0.938152610441767,0.405129289086169,0.15623984649852,0.491650813781442,-0.0215458707765241,0.087719298245614,0.895582329317269,0.483322764743185,0.530393351492918,9.43210005760193
576,FALSE,0.836271401395054,0.556605741091927,0.665863453815261,0.383679155793559,0.4,0.931726907630522,0.471993236102304,0.162889851071657,0.449270767279645,-0.122600504766474,0.0350877192982456,0.863453815261044,0.36427816529275,0.39371589002027,7.85618114471436
577,FALSE,0.747537518495033,0.421150709969979,0.566687803846967,0.221749921668862,0.171929824561403,0.96144578313253,0.454097090114845,0.159706015804823,0.48139928133587,-0.0586001606678767,0.0350877192982456,0.927710843373494,0.293440428380187,0.261444694165156,8.49719500541687
578,FALSE,0.870922285633764,0.620766112947297,0.683914605791587,0.4271704717446,0.428070175438596,0.939759036144578,0.507926442612555,0.187979557338918,0.478123018389347,-0.0600579515263498,0.0526315789473684,0.903614457831325,0.36299584302121,0.43278655560838,8.1731870174408
579,FALSE,0.826576481364053,0.535817314009668,0.673641936165715,0.415777224761781,0.403508771929825,0.943775100401606,0.468963573592616,0.165905817024034,0.494187275417459,-0.0187555193281926,0.0526315789473684,0.93574297188755,0.357612907771437,0.369911496985633,8.38236093521118
580,FALSE,0.861650109208766,0.549808747747628,0.678397801733249,0.412154641907948,0.421052631578947,0.93574297188755,0.454097090114845,0.161707285565856,0.4713591206933,-0.0814198466215159,0.0350877192982456,0.907630522088353,0.407553019093921,0.388101462181771,8.80582904815674
581,FALSE,0.781652927499472,0.466612423688056,0.605432255337138,0.301315780069315,0.252631578947368,0.958232931726908,0.500880715845839,0.185249240814219,0.499682942295498,-0.000870405094584779,0.087719298245614,0.911646586345382,0.280772211653633,0.281363182873836,8.79215121269226
582,FALSE,0.931924187979992,0.803215806375609,0.804079475797929,0.655991881707649,0.649122807017544,0.959036144578313,0.523920242373001,0.196898245295166,0.504967237370535,0.0160274437895464,0.0701754385964912,0.939759036144578,0.408003945606991,0.606317561080443,8.24021601676941
583,FALSE,0.897343761008949,0.733143966747452,0.744071020925808,0.543320755251626,0.540350877192982,0.947791164658635,0.568731064609315,0.261492427432781,0.546818854364828,0.13309591163591,0.157894736842105,0.93574297188755,0.328612696399634,0.471651539314671,8.47737193107605
584,FALSE,0.852561121679702,0.573582918657145,0.683217078841682,0.434573132768453,0.421052631578947,0.945381526104418,0.490312125695765,0.181623107044392,0.49291904459945,-0.0201296299765371,0.0701754385964912,0.91566265060241,0.362248995983937,0.391959811612753,9.79985404014587
585,FALSE,0.927090819418024,0.79036273476345,0.77721411963644,0.619069563320488,0.592982456140351,0.96144578313253,0.411329528640879,0.154640925110537,0.500422743606003,0.00107570670117017,0.105263157894737,0.895582329317269,0.515761290777145,0.635721809652913,9.6248722076416
586,FALSE,0.909251039244699,0.766310179923976,0.773007820756711,0.622476408396132,0.578947368421053,0.967068273092369,0.470936377087296,0.17023918807461,0.478651447896851,-0.074675223740786,0.0175438596491228,0.939759036144578,0.438314662157404,0.596070991849365,9.62197613716125
587,FALSE,0.936095258225888,0.830346968815907,0.809701965757768,0.685783863726814,0.649122807017544,0.970281124497992,0.503487634749524,0.189614356878869,0.508454872120059,0.0228335126131849,0.105263157894737,0.911646586345382,0.432607623476363,0.640732611937037,9.71320700645447
588,FALSE,0.930331853730713,0.7815771469221,0.798414711477489,0.64569027998082,0.63859649122807,0.958232931726908,0.473402381455648,0.197620152289818,0.509723102938068,0.0293090316741824,0.087719298245614,0.931726907630522,0.456929472275066,0.583956994632281,9.10438513755798
589,FALSE,0.852490664412035,0.632444140505764,0.705516804058339,0.462719961098299,0.473684210526316,0.937349397590361,0.453603889241175,0.162015584005139,0.4713591206933,-0.0814198466215159,0.0350877192982456,0.907630522088353,0.39888677517086,0.470428556500625,8.94165301322937
590,FALSE,0.89944338758543,0.679279014027731,0.704417670682731,0.46753495788723,0.466666666666667,0.942168674698795,0.445430846191785,0.165144415624482,0.478123018389347,-0.0600579515263498,0.0526315789473684,0.903614457831325,0.454012541393645,0.514134598403248,8.6553840637207
591,FALSE,0.836637779186924,0.560587686419549,0.641513422109491,0.357782647865069,0.336842105263158,0.946184738955823,0.545409709011484,0.215606302232028,0.507715070809554,0.0227850443202168,0.087719298245614,0.927710843373494,0.29122807017544,0.344981384187521,8.95761704444885
592,FALSE,0.870598182202495,0.595435180928811,0.707524836186853,0.471068833396879,0.473684210526316,0.94136546184739,0.574367646022687,0.221995534436524,0.484147114774889,-0.0459140113637377,0.0526315789473684,0.91566265060241,0.296230536179808,0.373439646492287,7.49943804740906
593,FALSE,0.82184175297682,0.501679809026164,0.631240752483619,0.342940945273292,0.312280701754386,0.950200803212851,0.570140209962658,0.231864636078387,0.520503064891144,0.061803827660776,0.105263157894737,0.93574297188755,0.251701543014162,0.269815172947776,8.12589001655579
594,FALSE,0.897836961882619,0.68527810941549,0.731536673007821,0.515926186428738,0.519298245614035,0.943775100401606,0.519904178115972,0.225900305407182,0.535299091101247,0.11120712308563,0.12280701754386,0.947791164658635,0.377932783766647,0.459377804008308,7.62065720558167
595,FALSE,0.929218628901572,0.774874887482047,0.762270133164236,0.579969603046218,0.571929824561404,0.952610441767068,0.492989501867118,0.171652525416562,0.478123018389347,-0.0600579515263498,0.0526315789473684,0.903614457831325,0.436229127034454,0.603222362065485,7.7148060798645
596,FALSE,0.936250264214756,0.809886341103287,0.827288099767491,0.691561777464958,0.694736842105263,0.959839357429719,0.451278799408158,0.159768779667089,0.489431409849926,-0.0369679325449436,0.0350877192982456,0.943775100401606,0.484971464806598,0.650117561436198,7.73466801643372
597,FALSE,0.887803846966816,0.711985817004076,0.757598816317903,0.552484153772,0.575438596491228,0.939759036144578,0.454026632847178,0.172378788872417,0.513210737687593,0.0340915676843736,0.12280701754386,0.903614457831325,0.433777214119638,0.539607028131659,7.38788390159607
598,FALSE,0.820531247798211,0.531398760054675,0.644071020925808,0.364913502322382,0.340350877192982,0.947791164658635,0.432748538011696,0.159398226900603,0.48287888395688,-0.0448315753034882,0.0701754385964912,0.895582329317269,0.387782709786515,0.372000533154071,7.64068913459778
599,FALSE,0.890565771859368,0.669051688236789,0.716698372437117,0.488657222053273,0.491228070175439,0.942168674698795,0.489325723948425,0.177410514161,0.479602621010357,-0.0487151966825898,0.087719298245614,0.8714859437751,0.401240047910944,0.491641174075789,7.70256280899048
600,FALSE,0.961910801099134,0.878925066310299,0.851299936588459,0.73046346364298,0.740350877192982,0.962248995983936,0.484675544282393,0.181481200016349,0.502430775734517,0.00627284845392473,0.105263157894737,0.899598393574297,0.477235256816742,0.697443866293951,7.44593906402588
601,FALSE,0.810934967941943,0.550520155452228,0.64863665187064,0.382086677634934,0.343859649122807,0.953413654618474,0.416684280983583,0.156947057741897,0.494927076727964,-0.0146924836363961,0.0701754385964912,0.919678714859438,0.39425068695836,0.393573097710331,7.77277302742004
602,FALSE,0.865708447826393,0.603667526994791,0.702768970619319,0.475715964380365,0.456140350877193,0.949397590361446,0.443387585429436,0.168482763033537,0.489642781652928,-0.0263548141786691,0.087719298245614,0.891566265060241,0.422320862396957,0.435184763961254,7.5120530128479
603,FALSE,0.889156626506025,0.660287095729603,0.69008666243923,0.452530966962316,0.431578947368421,0.94859437751004,0.415556964700908,0.156062644024126,0.470090889875291,-0.0771833092374217,0.0526315789473684,0.887550200803213,0.473599661805116,0.504224451705477,7.64681482315063
604,FALSE,0.775128584513492,0.457117178258019,0.613696892834496,0.304706751552237,0.27719298245614,0.950200803212851,0.442894384555767,0.163388174566188,0.488902980342422,-0.0304641783104673,0.0701754385964912,0.907630522088353,0.332234199957725,0.293729003691831,7.86532211303711
605,FALSE,0.909039667441698,0.772576418846005,0.772754174593109,0.61479988755796,0.582456140350877,0.963052208835341,0.443387585429437,0.157158109697793,0.477383217078842,-0.0681753562855982,0.0350877192982456,0.919678714859438,0.465652082012261,0.615418309148211,7.37134504318237
606,FALSE,0.85900091594448,0.604288704644333,0.673451701543014,0.438153440639174,0.389473684210526,0.957429718875502,0.535686606073417,0.193349446984508,0.497674910166984,-0.00627921596862586,0.087719298245614,0.907630522088353,0.323314309871063,0.410939257659825,7.43752193450928
607,FALSE,0.903219897132391,0.748531592072113,0.773007820756711,0.624009573292414,0.578947368421053,0.967068273092369,0.516381314732616,0.219093293676017,0.517966603255126,0.0445152856122352,0.140350877192982,0.895582329317269,0.386838582399775,0.529438298396096,7.48771691322327
608,FALSE,0.92132741492285,0.776033958693756,0.768886070598182,0.588434196223989,0.585964912280702,0.951807228915663,0.529909110124708,0.200388715797073,0.490171211160431,-0.030271575492314,0.0526315789473684,0.927710843373494,0.391418304798142,0.575645242896683,7.48441290855408
609,FALSE,0.909617417036568,0.755093709216665,0.757366307334602,0.59177351355812,0.550877192982456,0.963855421686747,0.491228070175439,0.191132903074625,0.517226801944621,0.0457965617902551,0.12280701754386,0.911646586345382,0.418389346861129,0.563960806142041,8.07792401313782
610,FALSE,0.812654125273022,0.525265228690982,0.642464595222997,0.35594858499497,0.340350877192982,0.944578313253012,0.475022898611992,0.19644895956979,0.502959205242021,0.00932275283352584,0.0701754385964912,0.93574297188755,0.337631226661031,0.328816269121192,8.20969295501709
611,FALSE,0.838976960473473,0.543787067811098,0.652039737898964,0.377465744582917,0.357894736842105,0.946184738955823,0.494680476291129,0.186593681379946,0.502430775734517,0.00627284845392473,0.105263157894737,0.899598393574297,0.344296484182344,0.357193386431152,8.17110395431519
612,FALSE,0.90806735714789,0.677432147638426,0.717247939124921,0.486289934744439,0.494736842105263,0.939759036144578,0.465088423870923,0.174008172952242,0.488902980342422,-0.0304641783104673,0.0701754385964912,0.907630522088353,0.442978933276967,0.503423974686185,8.48609805107117
613,FALSE,0.894398647220462,0.646876168014036,0.713189600507292,0.482999902550451,0.48421052631579,0.942168674698795,0.566934404283803,0.24359869342693,0.525258930458677,0.071805694990931,0.12280701754386,0.927710843373494,0.327464242936659,0.403277474587105,7.91215991973877
614,FALSE,0.921848798703587,0.796627264225056,0.783830057070387,0.628311990637722,0.607017543859649,0.960642570281125,0.590079616712464,0.287573574217625,0.555590784189389,0.155240205094259,0.175438596491228,0.93574297188755,0.331769181991123,0.509053690007431,7.74948906898499
615,FALSE,0.932769675191996,0.815409827687928,0.826336926653984,0.693215012788254,0.691228070175439,0.96144578313253,0.388290002113718,0.152720341117594,0.486155146903403,-0.0408882302184713,0.0526315789473684,0.919678714859438,0.544479673078277,0.662689486570335,7.7709949016571
616,FALSE,0.83419995772564,0.583603267487933,0.679708306911858,0.428813116868901,0.414035087719298,0.945381526104418,0.538152610441768,0.197504099731376,0.497674910166984,-0.00627921596862586,0.087719298245614,0.907630522088353,0.296047347283872,0.386099167756556,7.36551213264465
617,FALSE,0.862213767350103,0.634702739731552,0.723821602198267,0.512370900441795,0.498245614035088,0.949397590361446,0.512928908616924,0.208182016327615,0.500951173113507,0.00292950730570781,0.0701754385964912,0.931726907630522,0.349284858733179,0.426520723403937,7.31418299674988
618,FALSE,0.893341788205454,0.720895521116592,0.771190023250898,0.588657952297537,0.592982456140351,0.949397590361446,0.41626153737758,0.151234597121611,0.459310927922215,-0.105002028467871,0.0350877192982456,0.883534136546185,0.477080250827874,0.569660923994982,7.27218198776245
619,FALSE,0.927344465581625,0.803300576536792,0.810843373493976,0.659556678489782,0.666666666666667,0.955020080321285,0.517755231452124,0.190443244578469,0.50570703868104,0.0165290440909456,0.087719298245614,0.923694779116466,0.409589234129502,0.612857331958322,7.44797515869141
620,FALSE,0.827069682237723,0.539847759299772,0.652335658423166,0.368953622113032,0.364912280701754,0.939759036144578,0.366236877333897,0.137244519555779,0.41566265060241,-0.190836057589315,0,0.831325301204819,0.460832804903826,0.402603239743993,7.47759389877319
621,FALSE,0.89135489325724,0.6721344362813,0.733502430775735,0.543205410653415,0.508771929824561,0.958232931726908,0.543155076446136,0.217012295941494,0.517966603255126,0.0445152856122352,0.140350877192982,0.895582329317269,0.348199816811104,0.455122140339806,7.56119203567505
622,FALSE,0.827210596773058,0.505970907297924,0.632741492284929,0.340423241484202,0.319298245614035,0.946184738955823,0.531247798210386,0.193554647223618,0.497674910166984,-0.00627921596862586,0.087719298245614,0.907630522088353,0.295962798562672,0.312416260074306,7.64573383331299
623,FALSE,0.913844853096598,0.758596913523993,0.756055802155992,0.572655795312346,0.557894736842105,0.95421686746988,0.472275065172972,0.169181741105888,0.474106954132319,-0.068835322936273,0.0526315789473684,0.895582329317269,0.441569787923626,0.589415172418106,8.18186497688293
624,FALSE,0.842246177693229,0.6443313355437,0.712238427393786,0.4845914168253,0.480701754385965,0.943775100401607,0.626294652293384,0.30076411223139,0.569858380891989,0.170909791833,0.228070175438596,0.911646586345382,0.215951525399846,0.34356722331231,8.34064507484436
625,FALSE,0.902895793701122,0.73661217514954,0.74994715704925,0.578913938532603,0.536842105263158,0.963052208835341,0.581202000986402,0.212580820172489,0.494927076727964,-0.0146924836363961,0.0701754385964912,0.919678714859438,0.321693792714719,0.524031354977051,7.77813220024109
626,FALSE,0.863538363982245,0.629636547559452,0.709532868315367,0.482250690524735,0.473684210526316,0.945381526104418,0.417177481857254,0.150512342617803,0.462587190868738,-0.108357066818421,0.0175438596491228,0.907630522088353,0.446360882124992,0.47912420494165,8.01343512535095
627,FALSE,0.847065454801663,0.575252429370465,0.691629676601141,0.435732707596551,0.449122807017544,0.934136546184739,0.445642217994786,0.15730570363988,0.46861128725428,-0.0966737410883576,0.0175438596491228,0.919678714859438,0.401423236806877,0.417946725730585,8.10064101219177
628,FALSE,0.799675896568731,0.453060349199575,0.602367364193617,0.278410933114852,0.256140350877193,0.94859437751004,0.5668287183823,0.201065489540997,0.484147114774889,-0.0459140113637377,0.0526315789473684,0.91566265060241,0.23284717818643,0.251994859658579,8.06933403015137
629,FALSE,0.959444796730783,0.855858628584897,0.825491439441978,0.708085553035661,0.680701754385965,0.970281124497992,0.440146551116748,0.17893609559975,0.488902980342422,-0.0304641783104673,0.0701754385964912,0.907630522088353,0.519298245614035,0.676922532985147,7.52738785743713
630,FALSE,0.960966673712393,0.836516938357504,0.822278588036356,0.691864304491553,0.680701754385965,0.963855421686747,0.509828788839569,0.19423891815456,0.501690974424012,0.00472213551617519,0.087719298245614,0.91566265060241,0.451137884872825,0.642278020202944,7.530522108078
631,FALSE,0.95676742055943,0.860435644475318,0.828091312618897,0.695483240763048,0.694736842105263,0.96144578313253,0.384133023321356,0.141753494430041,0.451807228915663,-0.139578594545763,0,0.903614457831325,0.572634397238075,0.718682150045276,8.04025602340698
632,FALSE,0.891523990699642,0.673537153499312,0.733185373071232,0.508085270624125,0.529824561403509,0.936546184738956,0.457760868033538,0.179171370778667,0.490911012470936,-0.0253814783994416,0.0701754385964912,0.911646586345382,0.433763122666104,0.494365782720645,7.86271286010742
633,FALSE,0.882477277531177,0.67048572034977,0.716952018600719,0.494741510806918,0.487719298245614,0.946184738955823,0.382512506165009,0.143130920486566,0.450538998097654,-0.129513439765632,0.0175438596491228,0.883534136546185,0.499964771366168,0.527354799863204,7.66270899772644
634,FALSE,0.93036003663778,0.797539454480486,0.798964278165293,0.643291660816659,0.642105263157895,0.955823293172691,0.45621080814486,0.17017619445125,0.496195307545973,-0.012590824129147,0.0526315789473684,0.939759036144578,0.47414922849292,0.627363260029235,7.45324015617371
635,FALSE,0.900443880786304,0.68516883762253,0.715155358275206,0.511218483014846,0.473684210526316,0.956626506024096,0.43662368773339,0.17067144881033,0.516487000634115,0.0477505718182872,0.105263157894737,0.927710843373494,0.463820193052914,0.5144973888122,7.80270910263062
636,FALSE,0.896921017402946,0.738266072806293,0.777404354259142,0.596169396527082,0.607017543859649,0.947791164658635,0.490875783837102,0.186114122082517,0.497674910166984,-0.00627921596862586,0.087719298245614,0.907630522088353,0.406045233565844,0.552151950723777,8.07861399650574
637,FALSE,0.942013668709928,0.800326099295787,0.800972310293807,0.65282888083784,0.642105263157895,0.959839357429719,0.58472486436976,0.229392659568531,0.523990699640668,0.0619102869148224,0.140350877192982,0.907630522088353,0.357288804340168,0.570933439727255,7.94136095046997
638,FALSE,0.830028887479744,0.524959534728379,0.656393997040795,0.372619499698654,0.375438596491228,0.937349397590362,0.465933911082929,0.167727879636782,0.480870851828366,-0.0493645900069729,0.0701754385964912,0.891566265060241,0.364094976396815,0.357231655091597,7.74527597427368
639,FALSE,0.894750933558797,0.66472280628871,0.724730500951173,0.528937123909713,0.491228070175439,0.958232931726908,0.504896780102868,0.178106595029936,0.488902980342422,-0.0304641783104673,0.0701754385964912,0.907630522088353,0.389854153455929,0.486616211258773,7.85489201545715
640,FALSE,0.887606566617348,0.724798847754284,0.749186218558444,0.555979364936191,0.547368421052632,0.951004016064257,0.390192348340731,0.146802045657707,0.496195307545973,-0.012590824129147,0.0526315789473684,0.939759036144578,0.497414218276616,0.577996802096578,7.59730696678162
641,FALSE,0.859916860424154,0.623164656516061,0.690530543225534,0.438415870340583,0.442105263157895,0.938955823293173,0.581836116395406,0.229883011540368,0.516487000634115,0.0477505718182872,0.105263157894737,0.927710843373494,0.278080744028749,0.393281644975694,7.61381888389587
642,FALSE,0.877615726062144,0.707181583764101,0.736863242443458,0.556195051777744,0.512280701754386,0.96144578313253,0.487564292256747,0.179171165572426,0.488163179031917,-0.0356805602990047,0.0526315789473684,0.923694779116466,0.390051433805398,0.528010418191675,7.41923189163208
643,FALSE,0.841654336644825,0.561836656951308,0.678355527372648,0.429919992477111,0.410526315789474,0.946184738955823,0.476643415768336,0.188536695544054,0.507715070809554,0.0227850443202168,0.087719298245614,0.927710843373494,0.365010920876489,0.373299961407254,7.43635106086731
644,FALSE,0.931036426407385,0.782233611819697,0.78708518283661,0.62548077210116,0.617543859649123,0.956626506024096,0.508631015289226,0.179160534140059,0.494927076727964,-0.0146924836363961,0.0701754385964912,0.919678714859438,0.422405411118158,0.603073077679638,7.69506096839905
645,FALSE,0.885971958007469,0.728640179676182,0.746882265905728,0.558161845844333,0.540350877192982,0.953413654618474,0.469879518072289,0.175073174240202,0.49566687803847,-0.011519380573009,0.087719298245614,0.903614457831325,0.41609243993518,0.553567005435981,7.670490026474
646,FALSE,0.952723173395336,0.840025282750011,0.820122595645741,0.687401574720388,0.67719298245614,0.963052208835341,0.44479673078278,0.156562884097527,0.466074825618263,-0.0851629883406443,0.0526315789473684,0.879518072289157,0.507926442612556,0.683462398652485,7.4314169883728
647,FALSE,0.902388501373917,0.731733937917582,0.753096596913972,0.564595697365461,0.554385964912281,0.951807228915663,0.522511097019658,0.215130492160876,0.508454872120059,0.0228335126131849,0.105263157894737,0.911646586345382,0.379877404354259,0.516603445756706,7.31451296806335
648,FALSE,0.928274501514832,0.764705578414507,0.784929190445995,0.621701460618206,0.614035087719298,0.955823293172691,0.580567885577397,0.284353632303284,0.532022828154724,0.0879109145530627,0.140350877192982,0.923694779116466,0.347706615937435,0.480351946111224,8.04243683815002
649,FALSE,0.788726837173254,0.535368354069307,0.66146692031283,0.403432429561283,0.371929824561403,0.951004016064257,0.460790530543225,0.167672844170231,0.494927076727964,-0.0146924836363961,0.0701754385964912,0.919678714859438,0.327936306630028,0.367695509899076,8.17796516418457
650,FALSE,0.938603536954838,0.778109026190787,0.812449799196787,0.666681450595938,0.666666666666667,0.958232931726908,0.46093144507856,0.181297540832827,0.528746565208201,0.0712244569795763,0.157894736842105,0.899598393574297,0.477672091876278,0.59681148535796,7.96033406257629
651,FALSE,0.908419643486226,0.735200680774585,0.745825406890721,0.546175169777797,0.543859649122807,0.947791164658635,0.503628549284859,0.197066208970482,0.507715070809554,0.0227850443202168,0.087719298245614,0.927710843373494,0.404791094201367,0.538134471804103,8.2217710018158
652,FALSE,0.777862326498979,0.454869761792704,0.580976537729867,0.256700799007842,0.196491228070175,0.965461847389558,0.418797999013598,0.155089305098783,0.48287888395688,-0.0448315753034882,0.0701754385964912,0.895582329317269,0.35906432748538,0.299780456693922,8.87565207481384
653,FALSE,0.908039174240823,0.746120887929027,0.758359754808709,0.572443932398418,0.564912280701754,0.951807228915663,0.475445642217995,0.183282717731126,0.486894948213908,-0.0353919445504367,0.0701754385964912,0.903614457831325,0.432593532022828,0.562838170197901,8.61692309379578
654,FALSE,0.965701402099626,0.84779282070798,0.826992179243289,0.702707480376949,0.687719298245614,0.966265060240964,0.573169872472344,0.238758935332362,0.512470936377087,0.034825749431792,0.105263157894737,0.919678714859438,0.392531529627283,0.609033885375619,8.32705092430115
655,FALSE,0.858211794546607,0.617414348630323,0.70722891566265,0.480538338074996,0.466666666666667,0.947791164658635,0.555062354681885,0.229748042927354,0.520503064891144,0.061803827660776,0.105263157894737,0.93574297188755,0.303149439864722,0.387666305702969,8.95461678504944
656,FALSE,0.822095399140421,0.604111761529079,0.683978017332488,0.456131669240235,0.410526315789474,0.957429718875502,0.461072359613894,0.17708723475744,0.496406679348975,-0.00890305712244703,0.105263157894737,0.887550200803213,0.361023039526527,0.427024526771639,9.04938197135925
657,FALSE,0.82664693863172,0.568733213382566,0.670429084760093,0.399505884362069,0.403508771929825,0.937349397590361,0.394631156203762,0.148213494437004,0.483407313464384,-0.0535384824459315,0.0350877192982456,0.931726907630522,0.432015782427958,0.420519718945562,8.97238898277283
658,FALSE,0.932022828154724,0.733863988986198,0.789579370112027,0.604582416376155,0.63859649122807,0.940562248995984,0.446064961600789,0.183465415492647,0.532234199957726,0.072222395744907,0.192982456140351,0.8714859437751,0.485957866553935,0.550398573493551,8.82064914703369
659,FALSE,0.902543507362786,0.753335616063775,0.769541323187487,0.598951789193567,0.582456140350877,0.956626506024096,0.531529627281054,0.20020651387334,0.502959205242021,0.00932275283352584,0.0701754385964912,0.93574297188755,0.371013880081732,0.553129102190435,8.6545741558075
660,FALSE,0.857014020996268,0.554517122707186,0.658803635595012,0.384903024995257,0.375438596491228,0.942168674698795,0.453533431973508,0.16541969373552,0.486155146903403,-0.0408882302184713,0.0526315789473684,0.919678714859438,0.403480589022759,0.389097428971666,7.7966251373291
661,FALSE,0.936743465088425,0.783021828654868,0.798372437116889,0.66502416341198,0.628070175438596,0.968674698795181,0.430352990911012,0.155738758821671,0.480131050517861,-0.0554850923150585,0.0526315789473684,0.907630522088353,0.506390474177414,0.627283069833198,7.70401191711426
662,FALSE,0.890100753892765,0.698195355352888,0.743923060663707,0.548646303688687,0.536842105263158,0.951004016064257,0.554498696540549,0.216710739203894,0.511202705559078,0.0285062275810095,0.12280701754386,0.899598393574297,0.335602057352216,0.481484616148994,7.87046003341675
663,FALSE,0.845867681251322,0.607030373969919,0.694398647220461,0.463493692495054,0.43859649122807,0.950200803212851,0.501726203057845,0.208145238655881,0.49566687803847,-0.011519380573009,0.087719298245614,0.903614457831325,0.344141478193476,0.398885135314038,7.57811903953552
664,FALSE,0.755456915380821,0.393283787078247,0.553709575142676,0.185888492808507,0.140350877192982,0.96706827309237,0.516310857464947,0.232944474931267,0.519763263580638,0.0671819147974745,0.087719298245614,0.951807228915663,0.239146057915874,0.16033931214698,9.01495814323425
665,FALSE,0.932107376875924,0.778619631952321,0.782075671105474,0.624784940944692,0.603508771929825,0.960642570281124,0.440498837455084,0.1564934765974,0.455823293172691,-0.133164948258785,0,0.911646586345382,0.49160853942084,0.622126155354921,8.42141819000244
666,FALSE,0.815007398013105,0.534596719855461,0.67283872331431,0.410468781478574,0.403508771929825,0.942168674698795,0.501655745790178,0.20818156623474,0.490171211160431,-0.030271575492314,0.0526315789473684,0.927710843373494,0.313351652222927,0.32641515362072,8.61854696273804
667,FALSE,0.778059606848447,0.428882585967655,0.635235679560347,0.321510544657475,0.340350877192982,0.930120481927711,0.578665539350384,0.221090023009277,0.509194673430564,0.0230815575876512,0.12280701754386,0.895582329317269,0.199394067498063,0.207792562958378,9.57154893875122
668,FALSE,0.808384414852392,0.484991488453827,0.631832593532023,0.323968048121947,0.326315789473684,0.937349397590362,0.481293595434369,0.174886546676592,0.48139928133587,-0.0586001606678767,0.0350877192982456,0.927710843373494,0.327090819418024,0.310104941777235,12.8444228172302
669,FALSE,0.904826322835201,0.776218840279987,0.775058127245825,0.61437469703624,0.589473684210526,0.960642570281125,0.524131614176003,0.208832405376702,0.501690974424012,0.00472213551617519,0.087719298245614,0.91566265060241,0.380694708659198,0.567386434903285,12.5129330158234
670,FALSE,0.902726696258719,0.75279590403646,0.754153455928979,0.575862123938322,0.550877192982456,0.957429718875502,0.436905516804058,0.168837243973623,0.512470936377087,0.034825749431792,0.105263157894737,0.919678714859438,0.465821179454661,0.583958660062837,12.333281993866
671,FALSE,0.830522088353414,0.533004958830829,0.663559501162545,0.384085673239135,0.392982456140351,0.934136546184739,0.548650743324175,0.210363018825661,0.519763263580638,0.0671819147974745,0.087719298245614,0.951807228915663,0.281871345029239,0.322641940005168,11.3593249320984
672,FALSE,0.898400620023956,0.743864823173511,0.762629465229338,0.600947287739811,0.56140350877193,0.963855421686747,0.503980835623195,0.190092238172102,0.480131050517861,-0.0554850923150585,0.0526315789473684,0.907630522088353,0.394419784400761,0.553772585001409,9.62378287315369
673,FALSE,0.893172690763053,0.713048158017159,0.745022194039315,0.541951775848891,0.543859649122807,0.946184738955823,0.499964771366167,0.1839857314081,0.499682942295498,-0.000870405094584779,0.087719298245614,0.911646586345382,0.393207919396887,0.529062426609059,9.53403687477112
674,FALSE,0.87575565419573,0.666445212589418,0.733798351299937,0.533354037279412,0.51578947368421,0.951807228915663,0.489255266680758,0.202283478162712,0.501690974424012,0.00472213551617519,0.087719298245614,0.91566265060241,0.386500387514973,0.464161734426706,9.44636797904968
675,FALSE,0.87073909673783,0.633022335416178,0.706383428450645,0.494294388386804,0.456140350877193,0.956626506024096,0.537377580497428,0.211241803948299,0.514478968505601,0.0411605866684416,0.105263157894737,0.923694779116466,0.333361516240401,0.421780531467879,9.35781693458557
676,FALSE,0.740336785739448,0.424881184439287,0.571950961741704,0.229062817877171,0.182456140350877,0.96144578313253,0.407665750722187,0.158339520335603,0.478123018389347,-0.0600579515263498,0.0526315789473684,0.903614457831325,0.332671035017262,0.266541664103684,8.49962091445923
677,FALSE,0.86084689635736,0.629525655748321,0.70577045022194,0.469399388041908,0.470175438596491,0.94136546184739,0.416050165574578,0.158674824511741,0.457302895793701,-0.108646376818187,0.0350877192982456,0.879518072289157,0.444796730782782,0.47085083123658,8.26572608947754
678,FALSE,0.919509617417037,0.738791618639636,0.765926865356162,0.580488834394238,0.582456140350877,0.949397590361446,0.526597618544352,0.197723443611819,0.518495032762629,0.0546216815895608,0.105263157894737,0.931726907630522,0.392911998872685,0.541068175027817,8.0109338760376
679,FALSE,0.824448671880505,0.519534016130899,0.626379201014585,0.333672578761983,0.301754385964912,0.951004016064257,0.495948707109138,0.191824280559771,0.537518495032763,0.0917896764004766,0.175438596491228,0.899598393574297,0.328499964771367,0.327709735571128,9.22062397003174
680,FALSE,0.940111322482916,0.805776814787878,0.830691185795815,0.685164449763882,0.708771929824561,0.952610441767068,0.439301063904742,0.159462153517242,0.494927076727964,-0.0146924836363961,0.0701754385964912,0.919678714859438,0.500810258578174,0.646314661270636,9.11684799194336
681,FALSE,0.949707602339181,0.828851950159406,0.828239272880998,0.690366475115398,0.698245614035088,0.958232931726908,0.533502430775735,0.19836539321026,0.516487000634115,0.0477505718182872,0.105263157894737,0.927710843373494,0.416205171563446,0.630486556949146,8.92326307296753
682,FALSE,0.878038469668147,0.649797465667898,0.731092792221518,0.531082092280698,0.508771929824561,0.953413654618474,0.449446910448812,0.182776438433545,0.499682942295498,-0.000870405094584779,0.087719298245614,0.911646586345382,0.428591559219336,0.467021027234353,8.91518402099609
683,FALSE,0.87266962587191,0.610977400156246,0.71139294018178,0.495672388373199,0.470175438596491,0.952610441767068,0.499823856830832,0.201443588805816,0.503699006552526,0.0105154783459522,0.087719298245614,0.919678714859438,0.372845769041078,0.40953381135043,8.26925015449524
684,FALSE,0.946001550059889,0.788694849564001,0.813950538998098,0.66328244412668,0.673684210526316,0.95421686746988,0.494750933558797,0.188079682901364,0.500951173113507,0.00292950730570781,0.0701754385964912,0.931726907630522,0.451250616501091,0.600615166662638,8.1263439655304
685,FALSE,0.835242725287114,0.569014131032323,0.67425491439442,0.442270244175307,0.389473684210526,0.959036144578313,0.476432043965334,0.19425071462375,0.525258930458677,0.071805694990931,0.12280701754386,0.927710843373494,0.358810681321779,0.374763416408572,8.22530794143677
686,FALSE,0.947579792855634,0.822058452303556,0.811202705559078,0.67902385697305,0.656140350877193,0.966265060240964,0.41203410131755,0.150330295817607,0.492179243288945,-0.0246387039171754,0.0526315789473684,0.931726907630522,0.535545691538084,0.671728156485949,7.97136998176575
687,FALSE,0.892045374480379,0.675403855618117,0.716550412175016,0.493549383957388,0.487719298245614,0.945381526104418,0.491721271049109,0.18910409307148,0.496935108856479,-0.00905159294912722,0.0701754385964912,0.923694779116466,0.40032410343127,0.486299762546637,7.84376311302185
688,FALSE,0.911167476925246,0.698303296391445,0.737856689917565,0.535180768893116,0.526315789473684,0.949397590361446,0.482773198055379,0.172950120279531,0.498943140984993,-0.00318576431241113,0.0701754385964912,0.927710843373494,0.428394278869867,0.525353176111914,7.56178998947144
689,FALSE,0.859310927922216,0.627248123996993,0.698351299936588,0.454363341795918,0.456140350877193,0.940562248995984,0.488691608539421,0.171875842828667,0.473367152821814,-0.0771355390910794,0.0350877192982456,0.911646586345382,0.370619319382795,0.455372281168326,7.47462892532349
690,FALSE,0.910787007679843,0.766898996270667,0.782477277531177,0.628129910105212,0.603508771929825,0.96144578313253,0.418586627210596,0.153720252489952,0.48139928133587,-0.0586001606678767,0.0350877192982456,0.927710843373494,0.492200380469247,0.613178743780715,7.37828087806702
691,FALSE,0.851490171211161,0.647059662915318,0.69575142675967,0.465678390435222,0.442105263157895,0.949397590361446,0.438737405763404,0.158740889040038,0.456563094483196,-0.119245497958115,0.0175438596491228,0.895582329317269,0.412752765447757,0.48831877387528,7.41808700561523
692,FALSE,0.8999365884591,0.73649992252864,0.755907841893891,0.577984884666932,0.554385964912281,0.957429718875502,0.432043965335024,0.154415019822056,0.464066793489748,-0.0890305712244703,0.0526315789473684,0.875502008032129,0.467892623124076,0.582084902706584,7.62656116485596
693,FALSE,0.892129923201579,0.71167419331142,0.739463115620376,0.544207535344874,0.526315789473684,0.952610441767068,0.468470372718946,0.181305204396098,0.500951173113507,0.00292950730570781,0.0701754385964912,0.931726907630522,0.423659550482633,0.530368988915322,7.51231789588928
694,FALSE,0.900979356020575,0.716020130610991,0.740414288733883,0.54341179953302,0.529824561403509,0.951004016064257,0.461142816881562,0.209818721664162,0.513739167195096,0.0432842095842271,0.087719298245614,0.939759036144578,0.439836539139013,0.506201408946829,7.40888595581055
695,FALSE,0.796928063129712,0.490288807994265,0.61278799408159,0.293802554999468,0.28421052631579,0.94136546184739,0.544282392728809,0.209659814682884,0.510991333756077,0.0384466498467413,0.0701754385964912,0.951807228915663,0.252645670400903,0.280628993311381,7.57096815109253
696,FALSE,0.865032058056789,0.560256847273817,0.658254068907208,0.388610357613472,0.371929824561403,0.944578313253012,0.579722398365391,0.222165446578835,0.507715070809554,0.0227850443202168,0.087719298245614,0.927710843373494,0.285309659691398,0.338091400694982,7.86059880256653
697,FALSE,0.811794546607483,0.484472050441043,0.643162122172902,0.350183205233217,0.347368421052632,0.938955823293173,0.539209469456774,0.193874236124053,0.490171211160431,-0.030271575492314,0.0526315789473684,0.927710843373494,0.272585077150709,0.290597814316989,7.68882298469543
698,FALSE,0.821700838441485,0.535344815885405,0.650729232720355,0.363436391515018,0.364912280701754,0.936546184738956,0.438244204889734,0.168797646565358,0.503699006552526,0.0105154783459522,0.087719298245614,0.919678714859438,0.383456633551751,0.366547169320047,7.64973211288452
699,FALSE,0.814641020221236,0.501230711820639,0.609892200380469,0.3088891416728,0.263157894736842,0.956626506024096,0.542943704643133,0.199305779395633,0.499682942295498,-0.000870405094584779,0.087719298245614,0.911646586345382,0.271697315578103,0.301924932425005,7.40808510780334
700,FALSE,0.854280279010781,0.626224598893232,0.725068695835975,0.501857863063026,0.508771929824561,0.94136546184739,0.504967237370535,0.186927643449573,0.513210737687593,0.0340915676843736,0.12280701754386,0.903614457831325,0.349313041640246,0.439296955443659,7.68720293045044
701,FALSE,0.760825759177059,0.462961009191605,0.608137814415557,0.306452201480062,0.259649122807018,0.956626506024096,0.553089551187206,0.217589945235808,0.521242866201649,0.0583171413371802,0.12280701754386,0.919678714859438,0.207736207989853,0.245371063955798,7.61627793312073
702,FALSE,0.797111252025646,0.483174488188813,0.6000634115409,0.276126738379446,0.249122807017544,0.951004016064257,0.576481364052702,0.21741153523893,0.500951173113507,0.00292950730570781,0.0701754385964912,0.931726907630522,0.220629887972944,0.265762952949884,7.69401097297668
703,FALSE,0.897414218276617,0.717199696828872,0.75996618051152,0.58022833835142,0.564912280701754,0.955020080321285,0.493553160008454,0.207182129158584,0.517226801944621,0.0457965617902551,0.12280701754386,0.911646586345382,0.403861058268162,0.510017567670288,7.75267481803894
704,FALSE,0.955640104276756,0.844595689368193,0.819615303318537,0.672616022386615,0.68421052631579,0.955020080321285,0.456633551750863,0.163111387638331,0.474106954132319,-0.068835322936273,0.0526315789473684,0.895582329317269,0.499006552525893,0.681484301729863,8.13418793678284
705,FALSE,0.911237934192913,0.752102332957244,0.778165292749947,0.617013291248995,0.596491228070175,0.959839357429719,0.53582752060875,0.185824825455772,0.489642781652928,-0.0263548141786691,0.087719298245614,0.891566265060241,0.375410413584163,0.566277507501472,8.09518098831177
706,FALSE,0.88232227154231,0.699830023297603,0.738110336081167,0.541989879320862,0.52280701754386,0.953413654618474,0.502219403931515,0.192276927664989,0.502430775734517,0.00627284845392473,0.105263157894737,0.899598393574297,0.380102867610795,0.507553095632615,7.81620383262634
707,FALSE,0.887352920453747,0.654972809368463,0.69575142675967,0.463483060285787,0.442105263157895,0.949397590361446,0.438526033960403,0.168288976904732,0.511731135066582,0.0361305901037296,0.087719298245614,0.93574297188755,0.448826886493344,0.486683832463731,8.19862914085388
708,FALSE,0.843627140139506,0.619384876790372,0.698351299936589,0.453459760242787,0.456140350877193,0.940562248995984,0.540689072077785,0.207337931398531,0.511202705559078,0.0285062275810095,0.12280701754386,0.899598393574297,0.30293806806172,0.412046945391841,8.04188799858093
709,FALSE,0.892045374480378,0.708892932336075,0.771993236102304,0.592726031283002,0.592982456140351,0.951004016064257,0.446839991545127,0.183025695677911,0.485626717395899,-0.0356122284897881,0.087719298245614,0.883534136546185,0.445205382935251,0.525867236658164,7.8914749622345
710,FALSE,0.903684915098993,0.701436912241899,0.744366941450011,0.533506908471857,0.547368421052632,0.94136546184739,0.52272246882266,0.185272864326416,0.478862819699852,-0.0537853350585084,0.0701754385964912,0.887550200803213,0.380962446276333,0.516164047915482,7.89493298530579
711,FALSE,0.883407313464384,0.650263620012604,0.722067216233354,0.507604294695843,0.494736842105263,0.949397590361446,0.527584020291693,0.192834680214357,0.486155146903403,-0.0408882302184713,0.0526315789473684,0.919678714859438,0.355823293172691,0.457428939798247,8.08604001998901
712,FALSE,0.891989008666245,0.681370847154629,0.748171633904037,0.530057869308215,0.56140350877193,0.934939759036145,0.493764531811455,0.178800763975902,0.478123018389347,-0.0600579515263498,0.0526315789473684,0.903614457831325,0.39822447685479,0.502570083178727,8.28080010414124
713,FALSE,0.793461565560488,0.457339680537524,0.611688860705982,0.294071581106439,0.27719298245614,0.946184738955823,0.430987106320016,0.154095843242115,0.464066793489748,-0.0890305712244703,0.0526315789473684,0.875502008032129,0.362474459240472,0.303243837295409,8.37405514717102
714,FALSE,0.867526245332207,0.599402646952739,0.665377298668358,0.413987342256601,0.378947368421053,0.951807228915663,0.489255266680758,0.187184644697582,0.53001479602621,0.0810589697768066,0.140350877192982,0.919678714859438,0.378270978651449,0.412218002255157,8.34689593315125
715,FALSE,0.914817163390404,0.743400124737543,0.756457408581695,0.574661995431051,0.557894736842105,0.955020080321285,0.387585429437046,0.148155892333567,0.47283872331431,-0.0664505544645704,0.0701754385964912,0.875502008032129,0.527231733953358,0.595244232403976,7.96366500854492
716,FALSE,0.847065454801663,0.54765987188533,0.642718241386599,0.363746771275117,0.336842105263158,0.94859437751004,0.495103219897132,0.207658305750056,0.520503064891144,0.061803827660776,0.105263157894737,0.93574297188755,0.351962234904531,0.340001566135274,7.28687310218811
717,FALSE,0.914633974494469,0.741203454302206,0.744831959416614,0.564264103678167,0.529824561403509,0.959839357429719,0.367505108151905,0.141469960499165,0.478123018389347,-0.0600579515263498,0.0526315789473684,0.903614457831325,0.547128866342564,0.59973349380304,7.11631417274475
718,FALSE,0.774043542591419,0.4237444753044,0.592136968928345,0.248809053197963,0.242105263157895,0.942168674698795,0.479320791939689,0.184580810880258,0.525998731769182,0.0680775773127043,0.140350877192982,0.911646586345382,0.29472275065173,0.239163664424142,7.35097312927246
719,FALSE,0.831776227717889,0.585781448769052,0.680257873599662,0.425116495505234,0.417543859649123,0.942971887550201,0.480941309096033,0.1686258807452,0.472098922003805,-0.0730588634575363,0.0526315789473684,0.891566265060241,0.350834918621856,0.417155568023852,7.1964750289917
720,FALSE,0.841724793912492,0.623535514983845,0.712492073557387,0.489590847306209,0.47719298245614,0.947791164658635,0.548439371521173,0.245258645767199,0.521982667512154,0.0559367484608488,0.140350877192982,0.903614457831325,0.293285422391319,0.378276869216646,7.2155110836029
721,FALSE,0.918340026773763,0.715401803943124,0.751236525047559,0.550476094665042,0.557894736842105,0.944578313253012,0.47234552244064,0.185276674643239,0.465335024307757,-0.0936174017140583,0.0350877192982456,0.895582329317269,0.445994504333123,0.530125129299885,7.10261297225952
722,FALSE,0.936856196716692,0.770297754040168,0.788733882900021,0.616077799134894,0.628070175438596,0.949397590361446,0.499260198689494,0.181086045904093,0.488902980342422,-0.0304641783104673,0.0701754385964912,0.907630522088353,0.437595998027198,0.589211708136075,7.01388692855835
723,FALSE,0.869555414641021,0.652598397500778,0.701627562883111,0.500526630569593,0.43859649122807,0.964658634538153,0.484605087014725,0.178158002518978,0.478862819699852,-0.0537853350585084,0.0701754385964912,0.887550200803213,0.384950327626296,0.4744403949818,7.44212508201599
724,FALSE,0.871077291622632,0.664869073200065,0.72005918410484,0.499415403125691,0.494736842105263,0.945381526104418,0.464947509335589,0.205612017639331,0.49566687803847,-0.011519380573009,0.087719298245614,0.903614457831325,0.406129782287043,0.459257055560734,7.33351111412048
725,FALSE,0.914366236877335,0.755640488055065,0.77279644895371,0.596576329321117,0.592982456140351,0.952610441767068,0.540618614810118,0.206245197335709,0.502219403931516,0.00800407821839727,0.0526315789473684,0.951807228915663,0.373747622067217,0.549395290719356,7.2146360874176
726,FALSE,0.912632988092723,0.756138371821688,0.784527584020292,0.619360508189447,0.614035087719298,0.955020080321285,0.550975833157189,0.236752795906117,0.523250898330163,0.0649293633474089,0.12280701754386,0.923694779116466,0.361657154935534,0.519385575915571,7.19868183135986
727,FALSE,0.83005707038681,0.535391374291354,0.661255548509829,0.382036738965465,0.385964912280702,0.936546184738956,0.420207144366941,0.162159841795991,0.500951173113507,0.00292950730570781,0.0701754385964912,0.931726907630522,0.409849926019869,0.373231532495363,7.20966696739197
728,FALSE,0.897541041358417,0.733329751174796,0.737962375819066,0.54707168267726,0.519298245614035,0.956626506024096,0.535897977876419,0.223594960264029,0.525998731769182,0.0680775773127043,0.140350877192982,0.911646586345382,0.361643063481999,0.509734790910767,7.78491592407227
729,FALSE,0.904135841612064,0.719563889378323,0.764574085816952,0.57986311198655,0.578947368421053,0.950200803212851,0.531740999084056,0.187773615303219,0.488163179031917,-0.0356805602990047,0.0526315789473684,0.923694779116466,0.372394842528008,0.531790274075104,7.70661902427673
730,FALSE,0.89234129500458,0.634414430908516,0.734791798774044,0.516206867904124,0.529824561403509,0.939759036144578,0.403086028323822,0.165382230355551,0.503170577045022,0.0076625315479046,0.12280701754386,0.883534136546185,0.489255266680759,0.469032200552965,7.52171802520752
731,FALSE,0.685549214401466,0.323837908274313,0.51993236102304,0.0772921258400764,0.0631578947368421,0.976706827309237,0.544705136334813,0.222309716043374,0.517755231452124,0.0587571792693525,0.087719298245614,0.947791164658635,0.140844078066653,0.101528192230938,7.87508296966553
732,FALSE,0.89176354540971,0.70545215787619,0.760410061297823,0.564827716889205,0.575438596491228,0.945381526104418,0.390333262876065,0.144277136667764,0.459310927922215,-0.105002028467871,0.0350877192982456,0.883534136546185,0.501430282533645,0.561175021208426,8.25843095779419
733,FALSE,0.958867047135912,0.861834373372308,0.841175227224688,0.717402770659071,0.719298245614035,0.963052208835341,0.512435707743254,0.204038535033225,0.523250898330163,0.0649293633474089,0.12280701754386,0.923694779116466,0.446431339392657,0.657795838339082,8.58715796470642
734,FALSE,0.877432537166209,0.666863736707227,0.703424223208624,0.484715694402342,0.452631578947368,0.954216867469879,0.477136616642007,0.209650865040888,0.500951173113507,0.00292950730570781,0.0701754385964912,0.931726907630522,0.400295920524202,0.457212871666339,7.84045600891113
735,FALSE,0.852434298597901,0.556984169230589,0.668822659057282,0.392398602469111,0.403508771929825,0.934136546184739,0.562671739589939,0.251082144757606,0.546818854364828,0.13309591163591,0.157894736842105,0.93574297188755,0.289762559007962,0.305902024472984,8.80164408683777
736,FALSE,0.831635313182556,0.566758786682928,0.645022194039315,0.364002512217102,0.343859649122807,0.946184738955823,0.477136616642006,0.196901931247206,0.523250898330163,0.0649293633474089,0.12280701754386,0.923694779116466,0.35449869654055,0.369856855435722,11.9823801517487
737,FALSE,0.971450715141267,0.895576490336614,0.858021559923906,0.753324872310917,0.747368421052632,0.968674698795181,0.456069893609526,0.160633816940451,0.486155146903403,-0.0408882302184713,0.0526315789473684,0.919678714859438,0.515380821531741,0.734942673396164,11.5282089710236
738,FALSE,0.921017402945114,0.75214178847781,0.786028323821602,0.615152440651164,0.621052631578947,0.951004016064257,0.500387514972169,0.190240703567945,0.479391249207356,-0.0634726582903358,0.0350877192982456,0.923694779116466,0.420629887972945,0.561901084909865,11.3937561511993
739,FALSE,0.917903191714226,0.748437629363905,0.753096596913972,0.565033110361531,0.554385964912281,0.951807228915663,0.481504967237371,0.200550352404345,0.525998731769182,0.0680775773127043,0.140350877192982,0.911646586345382,0.436398224476855,0.54788727695956,11.9468150138855
740,FALSE,0.88888888888889,0.678185247894798,0.74578313253012,0.562566051689629,0.533333333333333,0.958232931726908,0.410977242302544,0.154947744047396,0.479391249207356,-0.0634726582903358,0.0350877192982456,0.923694779116466,0.477911646586346,0.523237503847401,9.59200716018677
741,FALSE,0.862749242584373,0.661124745298608,0.73288945254703,0.516946725338191,0.52280701754386,0.942971887550201,0.427252871133657,0.154452919848541,0.476114986260833,-0.0645046731322475,0.0526315789473684,0.899598393574297,0.435496371450715,0.506671825450067,9.26086902618408
742,FALSE,0.878771225251886,0.620230109220165,0.692940181779751,0.44918533546023,0.442105263157895,0.943775100401606,0.495948707109139,0.193526238703227,0.494927076727964,-0.0146924836363961,0.0701754385964912,0.919678714859438,0.382822518142747,0.426703870516938,9.45310616493225
743,FALSE,0.925780314239415,0.800421106476623,0.789346861128725,0.644118605300697,0.614035087719298,0.964658634538153,0.589727330374129,0.266540368832232,0.527795392094695,0.107308571981681,0.087719298245614,0.967871485943775,0.336052983865286,0.533880737644391,8.7423689365387
744,FALSE,0.919946452476575,0.763941035687512,0.79143944197844,0.618590306594928,0.635087719298246,0.947791164658635,0.481575424505038,0.186947624892276,0.511202705559078,0.0285062275810095,0.12280701754386,0.899598393574297,0.438371027971537,0.576993410795236,8.43622303009033
745,FALSE,0.88762065807088,0.683742113059667,0.719065736630733,0.516969942190538,0.480701754385965,0.957429718875502,0.51750863101529,0.192983656687424,0.50570703868104,0.0165290440909456,0.087719298245614,0.923694779116466,0.370112027055591,0.490758456372244,8.39622497558594
746,FALSE,0.875022898611992,0.640203661563382,0.711836820968083,0.481718370537872,0.480701754385965,0.942971887550201,0.424011836820968,0.165416658435945,0.49566687803847,-0.011519380573009,0.087719298245614,0.903614457831325,0.451011061791024,0.474787003127437,8.14206910133362
747,FALSE,0.856379905587262,0.560871275136822,0.680215599239061,0.442271336617922,0.407017543859649,0.953413654618474,0.543648277319806,0.202648105311595,0.50422743606003,0.0157539223706493,0.0526315789473684,0.955823293172691,0.312731628267456,0.358223169825227,7.95766186714172
748,FALSE,0.878686676530685,0.644183971943163,0.706827309236948,0.478711984784045,0.466666666666667,0.946987951807229,0.480236736419362,0.1991811840109,0.499682942295498,-0.000870405094584779,0.087719298245614,0.911646586345382,0.398449940111323,0.445002787932263,8.76991391181946
749,FALSE,0.9094201366871,0.739702084575867,0.744176706827309,0.555713363780666,0.533333333333333,0.955020080321285,0.505460438244206,0.180839180858609,0.488902980342422,-0.0304641783104673,0.0701754385964912,0.907630522088353,0.403959698442894,0.558862903717258,8.75215411186218
750,FALSE,0.914760797576271,0.704761532403286,0.744472627351511,0.544854994051895,0.540350877192982,0.94859437751004,0.615655604875643,0.30160123305531,0.55284295075037,0.159288215620557,0.157894736842105,0.947791164658635,0.299105192700628,0.403160299347976,8.6311891078949
751,FALSE,0.904558585218067,0.711704310364732,0.777805960684845,0.597716999114335,0.607017543859649,0.94859437751004,0.434580426971042,0.164351037953262,0.503699006552526,0.0105154783459522,0.087719298245614,0.919678714859438,0.469978158247025,0.54735327241147,8.36922001838684
752,FALSE,0.864905234974988,0.62759765494096,0.694694567744663,0.453436485062203,0.445614035087719,0.943775100401606,0.578947368421053,0.21430218357171,0.50718664130205,0.0178061142448941,0.12280701754386,0.891566265060241,0.285957866553935,0.41329547136925,8.67748308181763
753,FALSE,0.951102656238991,0.823860463146843,0.821623335447051,0.681942750508105,0.68421052631579,0.959036144578313,0.441696611005426,0.162284542876123,0.479391249207356,-0.0634726582903358,0.0350877192982456,0.923694779116466,0.509406045233566,0.66157592027072,8.50917911529541
754,FALSE,0.857464947509336,0.587829540164755,0.684675544282393,0.44636234113462,0.417543859649123,0.951807228915663,0.461424645952229,0.166643121008094,0.466603255125766,-0.100670152272192,0.0175438596491228,0.91566265060241,0.396040301557107,0.421186419156661,8.5005259513855
755,FALSE,0.871640949763969,0.632408650415185,0.688480236736419,0.444223906792953,0.431578947368421,0.945381526104418,0.465863453815261,0.17744170588129,0.497674910166984,-0.00627921596862586,0.087719298245614,0.907630522088353,0.405777495948708,0.454966944533895,8.63507390022278
756,FALSE,0.936405270203622,0.764901409151989,0.777510040160643,0.608238634742663,0.6,0.955020080321285,0.475938843091665,0.181986692358807,0.486894948213908,-0.0353919445504367,0.0701754385964912,0.903614457831325,0.460466427111957,0.582914716793182,8.96855401992798
757,FALSE,0.933671528218136,0.780535259176342,0.765081378144156,0.594215280818984,0.571929824561404,0.958232931726908,0.488832523074755,0.20231621827532,0.521242866201649,0.0583171413371802,0.12280701754386,0.919678714859438,0.44483900514338,0.578219040901022,9.0263090133667
758,FALSE,0.879673078278025,0.660666455697293,0.689790741915029,0.46228259287776,0.424561403508772,0.955020080321285,0.506658211794547,0.192496560484058,0.511202705559078,0.0285062275810095,0.12280701754386,0.899598393574297,0.373014866483478,0.468169895213235,8.68776798248291
759,FALSE,0.843824420488974,0.569427569727123,0.670492496300993,0.429322079935182,0.385964912280702,0.955020080321285,0.558021559923906,0.262222044327588,0.527266962587191,0.0789720995456289,0.12280701754386,0.931726907630522,0.285802860565067,0.307205525399534,9.63428020477295
760,FALSE,0.840160642570282,0.573085776864265,0.669329951384485,0.405775694945801,0.396491228070175,0.942168674698795,0.541745931092792,0.223766591724787,0.49566687803847,-0.011519380573009,0.087719298245614,0.903614457831325,0.29841471147749,0.349319185139478,13.4941239356995
761,FALSE,0.887761572606215,0.681479749052153,0.740562248995984,0.537585862941056,0.533333333333333,0.947791164658635,0.440357922919749,0.171438907389165,0.488902980342422,-0.0304641783104673,0.0701754385964912,0.907630522088353,0.447403649686465,0.510040841662988,13.3665800094604
762,FALSE,0.951807228915663,0.825182874639479,0.822426548298457,0.685702642139123,0.68421052631579,0.960642570281125,0.527302191221025,0.185308365984973,0.462587190868738,-0.108357066818421,0.0175438596491228,0.907630522088353,0.424505037694637,0.639874508654506,13.2917759418488
763,FALSE,0.946480659480026,0.853306992823934,0.823081800887762,0.695685095843762,0.680701754385965,0.965461847389558,0.432818995279363,0.156874907201484,0.467343056436271,-0.0896517247422323,0.0350877192982456,0.899598393574297,0.513661664200663,0.696432085622451,12.8352780342102
764,FALSE,0.909772423025435,0.729277188243765,0.740372014373283,0.560649780810618,0.519298245614035,0.96144578313253,0.532656943563729,0.190573911629027,0.493658845909956,-0.0166042871494401,0.087719298245614,0.899598393574297,0.377115479461706,0.538703276614739,10.5133051872253
765,FALSE,0.955048263228352,0.839309870301973,0.829592052420207,0.691954124469508,0.701754385964912,0.957429718875502,0.524272528711337,0.224295135169902,0.517755231452124,0.0587571792693525,0.087719298245614,0.947791164658635,0.430775734517015,0.615014735132071,10.4468441009521
766,FALSE,0.863369266539844,0.561888150033968,0.682456140350877,0.416127096327736,0.431578947368421,0.933333333333333,0.568167406467977,0.204969436053018,0.496406679348975,-0.00890305712244703,0.105263157894737,0.887550200803213,0.295201860071867,0.35691871398095,10.6359829902649
767,FALSE,0.797463538363982,0.486559213777299,0.634643838511943,0.339712185060209,0.326315789473684,0.942971887550201,0.523779327837668,0.218180237256502,0.500422743606003,0.00107570670117017,0.105263157894737,0.895582329317269,0.273684210526314,0.268378976520797,9.95406103134155
768,FALSE,0.826294652293384,0.557531619544537,0.644472627351511,0.367329949308429,0.340350877192982,0.94859437751004,0.502501233002184,0.20437067360987,0.490911012470936,-0.0253814783994416,0.0701754385964912,0.911646586345382,0.323793419291201,0.353160945934667,11.3200378417969
769,FALSE,0.850306489114353,0.582234328018475,0.66717395899387,0.400596707467433,0.392982456140351,0.94136546184739,0.608680335376593,0.267504477722742,0.555590784189389,0.155240205094259,0.175438596491228,0.93574297188755,0.24162615373776,0.314729850295733,9.71782398223877
770,FALSE,0.925709856971748,0.788710804455242,0.787486789262312,0.627428308520404,0.617543859649123,0.957429718875502,0.513422109490593,0.198571003581998,0.511942506869584,0.028522369042138,0.140350877192982,0.883534136546185,0.412287747481155,0.590139800873244,9.34968996047974
771,FALSE,0.909997886281971,0.755654879204675,0.786979496935109,0.613757141204391,0.624561403508772,0.949397590361446,0.415204678362573,0.148137291112356,0.459310927922215,-0.105002028467871,0.0350877192982456,0.883534136546185,0.494793207919398,0.607517588092318,9.96737813949585
772,FALSE,0.910026069189037,0.790532115171616,0.770851828366096,0.619395836742755,0.575438596491228,0.966265060240964,0.417882054533924,0.155162268357506,0.469351088564785,-0.0855887062306753,0.0350877192982456,0.903614457831325,0.492144014655113,0.63536984681411,8.51016879081726
773,FALSE,0.894483195941663,0.675567874505075,0.701817797505813,0.479086264595249,0.452631578947368,0.951004016064257,0.479743535545691,0.171165956674406,0.485626717395899,-0.0356122284897881,0.087719298245614,0.883534136546185,0.414739660395972,0.504401917830669,8.27362704277039
774,FALSE,0.880729937293033,0.646017542361856,0.697548087085183,0.452206603360059,0.456140350877193,0.938955823293173,0.476995702106672,0.173854267480744,0.50570703868104,0.0165290440909456,0.087719298245614,0.923694779116466,0.40373423518636,0.472163274881112,8.41927289962769
775,FALSE,0.894342281406328,0.716836600088608,0.76292538575354,0.589127081946521,0.568421052631579,0.957429718875502,0.48523920242373,0.182423426076021,0.473367152821814,-0.0771355390910794,0.0350877192982456,0.911646586345382,0.409103078982597,0.534413174012587,8.41850996017456
776,FALSE,0.857746776580005,0.5779288190299,0.682160219826675,0.424241960705206,0.424561403508772,0.939759036144578,0.470372718945959,0.167832875148183,0.472098922003805,-0.0730588634575363,0.0526315789473684,0.891566265060241,0.387374057634046,0.410095943881717,8.31326985359192
777,FALSE,0.932952864087931,0.802822142063524,0.797759458888184,0.637098430112723,0.642105263157895,0.953413654618474,0.496582822518143,0.189912547070398,0.530754597336715,0.077203830551799,0.157894736842105,0.903614457831325,0.436370041569788,0.612909594993126,8.33689999580383
778,FALSE,0.961304868597196,0.85025780502226,0.84142887338829,0.725416150000734,0.71578947368421,0.967068273092369,0.38673994222504,0.144882945179281,0.476114986260833,-0.0645046731322475,0.0526315789473684,0.899598393574297,0.574564926372156,0.705374859842979,8.43451809883118
779,FALSE,0.923187486789262,0.767827957750728,0.771337983512999,0.584375331190782,0.596491228070175,0.946184738955823,0.503628549284859,0.186898367053138,0.514478968505601,0.0411605866684416,0.105263157894737,0.923694779116466,0.419558937504403,0.58092959069759,8.20915699005127
780,FALSE,0.938110336081167,0.774629315518612,0.799513844853097,0.639079138696663,0.645614035087719,0.953413654618474,0.531600084548721,0.198935614947704,0.475375184950328,-0.0727248674878153,0.0350877192982456,0.91566265060241,0.406510251532446,0.575693700570907,7.86050701141357
781,FALSE,0.965250475586558,0.887925823285135,0.836820968082858,0.728214741855055,0.701754385964912,0.971887550200803,0.471500035228634,0.169584041863434,0.494927076727964,-0.0146924836363961,0.0701754385964912,0.919678714859438,0.493750440357924,0.718341781421701,7.82520699501038
782,FALSE,0.860734164729093,0.598306879295714,0.715239906996407,0.477471587687937,0.494736842105263,0.93574297188755,0.441344324667089,0.157611547417039,0.487634749524413,-0.0310407153764965,0.087719298245614,0.887550200803213,0.419389840062003,0.440695331878675,7.9162027835846
783,FALSE,0.875699288381597,0.698649982124311,0.752145423800465,0.56651913701956,0.550877192982456,0.953413654618474,0.519622349045303,0.199321547166147,0.502430775734517,0.00627284845392473,0.105263157894737,0.899598393574297,0.356076939336294,0.499328434958164,7.83214116096497
784,FALSE,0.9046149510322,0.705380821095648,0.762523779327838,0.587982484540987,0.568421052631579,0.956626506024096,0.4619178468259,0.167216941649689,0.482139082646375,-0.0507747382990265,0.0526315789473684,0.911646586345382,0.4426971042063,0.538163879445959,7.69322299957275
785,FALSE,0.906404565630947,0.741115434474116,0.775459733671528,0.61563029010088,0.589473684210526,0.96144578313253,0.530754597336715,0.24123345489863,0.521242866201649,0.0583171413371802,0.12280701754386,0.919678714859438,0.375649968294232,0.499881979575486,7.73704886436462
786,FALSE,0.897498766997817,0.692493352378108,0.707440287465652,0.507541231204507,0.452631578947368,0.962248995983936,0.477700274783344,0.180554985550956,0.493658845909956,-0.0166042871494401,0.087719298245614,0.899598393574297,0.419798492214473,0.511938366827153,7.90810203552246
787,FALSE,0.864722046079054,0.615170989587833,0.685267385330797,0.430083110106196,0.431578947368421,0.938955823293173,0.484041428873388,0.171908649850387,0.47283872331431,-0.0664505544645704,0.0701754385964912,0.875502008032129,0.380680617205667,0.443262339737446,8.89512991905212
788,FALSE,0.85078559853449,0.603647788807801,0.684717818642993,0.431726748932329,0.428070175438596,0.94136546184739,0.423166349608962,0.157403879534799,0.488902980342422,-0.0304641783104673,0.0701754385964912,0.907630522088353,0.427619248925528,0.446243909273002,7.52064800262451
789,FALSE,0.84803776509547,0.590229386158731,0.679116465863454,0.447272766931569,0.4,0.958232931726908,0.566194602973297,0.224116040523672,0.538786725850771,0.103112504153519,0.157894736842105,0.919678714859438,0.281843162122174,0.366113345635059,7.45486807823181
790,FALSE,0.930120481927711,0.765747651602097,0.784421898118791,0.607274199247297,0.621052631578947,0.947791164658635,0.45649263721553,0.173081804002411,0.486894948213908,-0.0353919445504367,0.0701754385964912,0.903614457831325,0.473627844712182,0.592665847599687,7.47841310501099
791,FALSE,0.894370464313395,0.717828070082736,0.761868526738533,0.578367011486277,0.571929824561404,0.951807228915663,0.474670612273656,0.209744860548998,0.504967237370535,0.0160274437895464,0.0701754385964912,0.939759036144578,0.419699852039739,0.508083209533738,7.45536613464355
792,FALSE,0.88802931022335,0.650712184693018,0.743225533713803,0.55662174836699,0.529824561403509,0.956626506024096,0.506165010920876,0.182214309120041,0.489642781652928,-0.0263548141786691,0.087719298245614,0.891566265060241,0.381864299302473,0.468497875572977,7.94682502746582
793,FALSE,0.951905869090396,0.781273261601299,0.823018389346861,0.66546475273491,0.698245614035088,0.947791164658635,0.396885788769111,0.145564826491659,0.462587190868738,-0.108357066818421,0.0175438596491228,0.907630522088353,0.555020080321285,0.63570843510964,7.93483686447144
794,FALSE,0.834848164588178,0.53604586047739,0.640266328471782,0.366936734275377,0.326315789473684,0.95421686746988,0.610441767068273,0.305842184992099,0.535299091101247,0.11120712308563,0.12280701754386,0.947791164658635,0.224406397519905,0.230203675485291,8.55731892585754
795,FALSE,0.951750863101529,0.833669479419728,0.826484886916085,0.68798675580884,0.694736842105263,0.958232931726908,0.528993165645036,0.199187997338632,0.498414711477489,-0.00397957889442263,0.105263157894737,0.891566265060241,0.422757697456493,0.634481482081096,7.57358002662659
796,FALSE,0.92559712534348,0.748752708601266,0.757366307334602,0.592659146058837,0.550877192982456,0.963855421686747,0.492989501867117,0.19682013761776,0.488163179031917,-0.0356805602990047,0.0526315789473684,0.923694779116466,0.432607623476362,0.551932570983506,7.98902201652527
797,FALSE,0.937884872824632,0.786041885818354,0.805030648911435,0.654630458628092,0.652631578947368,0.957429718875502,0.497357852462482,0.18485603142347,0.494927076727964,-0.0146924836363961,0.0701754385964912,0.919678714859438,0.44052702036215,0.601185854394884,8.06173610687256
798,FALSE,0.896540548157544,0.749893346661556,0.763728598604946,0.594040830726671,0.568421052631579,0.959036144578313,0.46339744944691,0.181606484090537,0.517226801944621,0.0457965617902551,0.12280701754386,0.911646586345382,0.433143098710633,0.568286862571019,7.96013498306274
799,FALSE,0.783442542098218,0.460084841733545,0.615155358275206,0.318201481687133,0.273684210526316,0.956626506024096,0.442612555485098,0.159906165813026,0.494187275417459,-0.0187555193281926,0.0526315789473684,0.93574297188755,0.340829986613119,0.300178675920519,8.09070587158203
800,FALSE,0.905657718593674,0.674193128412234,0.748678926231241,0.543236894515666,0.554385964912281,0.942971887550201,0.529697738321708,0.206038637945514,0.521982667512154,0.0559367484608488,0.140350877192982,0.903614457831325,0.375959980271967,0.468154490466719,7.84980916976929
801,FALSE,0.874881984076659,0.641352100094062,0.729676601141408,0.501680420405612,0.52280701754386,0.936546184738956,0.525258930458676,0.184042493911746,0.48287888395688,-0.0448315753034882,0.0701754385964912,0.895582329317269,0.349623053617982,0.457309606182316,7.79038882255554
802,FALSE,0.860297329669556,0.608691733964003,0.714943986472205,0.486129910241991,0.487719298245614,0.942168674698795,0.448249136898471,0.156558150558009,0.464595222997252,-0.104561504757159,0.0175438596491228,0.911646586345382,0.412048192771085,0.452133583405994,7.95541787147522
803,FALSE,0.765405481575424,0.432630383923281,0.588142041851617,0.267718619886337,0.214035087719298,0.962248995983936,0.462622419502572,0.190076078277586,0.490382582963433,-0.0229693414410138,0.105263157894737,0.875502008032129,0.302783062072852,0.242554305645695,7.98003196716309
804,FALSE,0.91750863101529,0.708413326357762,0.744578313253012,0.556784333085052,0.533333333333333,0.955823293172691,0.479602621010357,0.256317173728921,0.542062988797294,0.126793419633963,0.140350877192982,0.943775100401606,0.437906010004932,0.452096152628841,8.15532994270325
805,FALSE,0.934601564151344,0.79993420921482,0.810547452969774,0.669880883801494,0.659649122807017,0.96144578313253,0.392517438173747,0.146700410578446,0.474106954132319,-0.068835322936273,0.0526315789473684,0.895582329317269,0.542084125977597,0.653233798636374,8.09397196769714
806,FALSE,0.853885718311844,0.639562225796699,0.71709997886282,0.492422344823462,0.491228070175439,0.942971887550201,0.415134221094906,0.154070784699341,0.482139082646375,-0.0507747382990265,0.0526315789473684,0.911646586345382,0.438751497216938,0.485491441097358,8.16070103645325
807,FALSE,0.756640597477629,0.398096802301068,0.562270133164236,0.192567323420037,0.171929824561403,0.952610441767068,0.577820052138378,0.212337024589451,0.502959205242021,0.00932275283352584,0.0701754385964912,0.93574297188755,0.178820545339251,0.185759777711617,8.35996007919312
808,FALSE,0.866765306841401,0.633128787796723,0.717903191714225,0.493750882486601,0.491228070175439,0.944578313253012,0.458535897977876,0.174818920716396,0.517755231452124,0.0587571792693525,0.087719298245614,0.947791164658635,0.408229408863525,0.458309867080327,9.22902798652649
809,FALSE,0.753160008454872,0.440611052535776,0.601712111604312,0.275569294236208,0.259649122807018,0.943775100401606,0.512365250475586,0.183177264079573,0.487423377721412,-0.0427521275983929,0.0350877192982456,0.939759036144578,0.240794757979286,0.257433788456202,9.38720703125
810,FALSE,0.927598111745228,0.769412945732715,0.786937222574509,0.631419780668679,0.614035087719298,0.959839357429719,0.531459170013386,0.205400210311019,0.501690974424012,0.00472213551617519,0.087719298245614,0.91566265060241,0.396138941731842,0.564012735421696,9.2960741519928
811,FALSE,0.832776720918764,0.539311653667486,0.655294863665187,0.380125573897144,0.368421052631579,0.942168674698795,0.428450644683998,0.15350902190007,0.474106954132319,-0.068835322936273,0.0526315789473684,0.895582329317269,0.404326076234765,0.385802631767416,9.6123378276825
812,FALSE,0.891284435989572,0.6300819634289,0.693849080532657,0.464635855687976,0.435087719298246,0.952610441767068,0.448601423236807,0.166622120680798,0.480342422320862,-0.0444805848516448,0.105263157894737,0.855421686746988,0.442683012752766,0.463459842748102,9.52179408073425
813,FALSE,0.917973648981894,0.781206874821675,0.794504333121962,0.63863576735139,0.631578947368421,0.957429718875502,0.372507574156274,0.149111041841627,0.488163179031917,-0.0356805602990047,0.0526315789473684,0.923694779116466,0.54546607482562,0.632095832980048,9.29912781715393
814,FALSE,0.851067427605158,0.5568687883932,0.666434157683365,0.425067379900958,0.375438596491228,0.957429718875502,0.470654548016627,0.178109091216894,0.491650813781442,-0.0215458707765241,0.087719298245614,0.895582329317269,0.380412879588531,0.378759697176307,9.19441604614258
815,FALSE,0.892425843725781,0.742036760093744,0.766286197421264,0.601012953130129,0.571929824561404,0.960642570281125,0.460226872401888,0.172389712879995,0.490171211160431,-0.030271575492314,0.0526315789473684,0.927710843373494,0.432198971323892,0.569647047213749,9.517422914505
816,FALSE,0.863524272528712,0.625828374375265,0.679813992813359,0.441870727430148,0.407017543859649,0.952610441767068,0.423730007750299,0.15006866500211,0.447791164658635,-0.145795934061909,0,0.895582329317269,0.439794264778413,0.475759709373154,10.6366851329803
817,FALSE,0.874092862678786,0.654187529852776,0.735341365461847,0.513612599483219,0.533333333333333,0.937349397590361,0.472415979708306,0.18045523632185,0.510462904248573,0.0287233681212977,0.105263157894737,0.91566265060241,0.40167688297048,0.473732293530926,10.5972120761871
818,FALSE,0.962699922497006,0.874360811757957,0.859268653561615,0.739769102289974,0.757894736842105,0.960642570281125,0.480236736419361,0.196835579717614,0.525258930458677,0.071805694990931,0.12280701754386,0.927710843373494,0.482463186077645,0.677525232040343,10.6738841533661
819,FALSE,0.909730148664837,0.75584443566135,0.776706827309237,0.604437884474306,0.6,0.953413654618474,0.468540829986613,0.170978545220708,0.504438807863031,0.011623001004608,0.105263157894737,0.903614457831325,0.441189318678224,0.584865890440642,10.6033360958099
820,FALSE,0.954160501655745,0.864525525712338,0.832001690974424,0.703112226412732,0.701754385964912,0.962248995983936,0.399281335869794,0.158772721019395,0.483618685267385,-0.0400771826537292,0.087719298245614,0.879518072289157,0.554879165785951,0.705752804692943,15.049220085144
821,FALSE,0.923159303882196,0.766440473445936,0.776664552948637,0.622912767762426,0.589473684210526,0.963855421686747,0.414218276615233,0.164739490636584,0.514478968505601,0.0411605866684416,0.105263157894737,0.923694779116466,0.508941027266963,0.601700982809352,15.1626250743866
822,FALSE,0.96805467483971,0.887854741823211,0.851955189177764,0.739944090408376,0.736842105263158,0.96706827309237,0.498626083280489,0.183445779640077,0.48287888395688,-0.0448315753034882,0.0701754385964912,0.895582329317269,0.46942859155922,0.704408962183134,15.2924509048462
823,FALSE,0.91536673007821,0.801476770627327,0.797421264003382,0.667115867391649,0.624561403508772,0.970281124497992,0.553794123863876,0.224358644695702,0.528746565208201,0.0712244569795763,0.157894736842105,0.899598393574297,0.361572606214333,0.577118125931625,15.3113489151001
824,FALSE,0.837652363841331,0.497219354820172,0.646374973578525,0.365631176168646,0.347368421052632,0.945381526104418,0.534136546184738,0.199617414694057,0.512470936377087,0.034825749431792,0.105263157894737,0.919678714859438,0.303515817656593,0.297601940126115,11.244423866272
825,FALSE,0.877798914958079,0.64143650100522,0.70426971042063,0.47188150312993,0.463157894736842,0.945381526104418,0.572958500669345,0.201829395686953,0.488163179031917,-0.0356805602990047,0.0526315789473684,0.923694779116466,0.304840414288734,0.439607105318267,10.9928669929504
826,FALSE,0.844007609384909,0.606124940737357,0.661065313887127,0.405331997445485,0.371929824561403,0.950200803212851,0.481857253575706,0.185846147341624,0.482139082646375,-0.0507747382990265,0.0526315789473684,0.911646586345382,0.362150355809203,0.420278793395733,10.2367060184479
827,FALSE,0.846290424857325,0.677299053287673,0.726675121538787,0.509258017185753,0.508771929824561,0.944578313253012,0.490171211160431,0.199427013533446,0.500422743606003,0.00107570670117017,0.105263157894737,0.895582329317269,0.356119213696893,0.477872039754227,9.4723699092865
828,FALSE,0.950271260480519,0.848042196452068,0.810906785034876,0.691756959192103,0.649122807017544,0.972690763052209,0.546959768900163,0.191979126626013,0.466074825618263,-0.0851629883406443,0.0526315789473684,0.879518072289157,0.403311491580356,0.656063069826054,8.72991013526917
829,FALSE,0.883266398929051,0.648376299880258,0.725977594588882,0.516527653629692,0.501754385964912,0.950200803212851,0.540407243007116,0.20063958900164,0.503170577045022,0.0076625315479046,0.12280701754386,0.883534136546185,0.342859155921935,0.447736710878618,8.8033561706543
830,FALSE,0.737011202705559,0.406661677636259,0.58292115831748,0.238848884228044,0.214035087719298,0.951807228915663,0.547100683435496,0.235650063314607,0.510462904248573,0.0287233681212977,0.105263157894737,0.91566265060241,0.189910519270063,0.171011614321653,9.44104981422424
831,FALSE,0.941576833650392,0.812946212614508,0.803529909110125,0.659861268388772,0.645614035087719,0.96144578313253,0.522652011554992,0.182601543449048,0.473367152821814,-0.0771355390910794,0.0350877192982456,0.911646586345382,0.4189248220954,0.630344669165459,9.11004996299744
832,FALSE,0.939477207073911,0.806532185195297,0.783576410906785,0.620014438842301,0.610526315789474,0.956626506024096,0.492284929190446,0.183635427812715,0.513739167195096,0.0432842095842271,0.087719298245614,0.939759036144578,0.447192277883464,0.622896757382582,7.82770895957947
833,FALSE,0.900866624392306,0.662283925847291,0.723419995772564,0.51099154364472,0.498245614035088,0.94859437751004,0.501162544916508,0.182949453490154,0.498943140984993,-0.00318576431241113,0.0701754385964912,0.927710843373494,0.399704079475798,0.479334472357137,7.73035502433777
834,FALSE,0.853801169590644,0.591471607976113,0.707926442612555,0.474169941814475,0.473684210526316,0.942168674698795,0.39914042133446,0.146996289242304,0.464066793489748,-0.0890305712244703,0.0526315789473684,0.875502008032129,0.454660748256183,0.44447531873381,8.29840993881226
835,FALSE,0.913168463326992,0.756530618383595,0.77279644895371,0.597571480171456,0.592982456140351,0.952610441767068,0.366025505530896,0.143660724016028,0.476114986260833,-0.0645046731322475,0.0526315789473684,0.899598393574297,0.547142957796096,0.612869894367568,8.05762004852295
836,FALSE,0.953075459733671,0.854777031563026,0.834960896216445,0.712272708532835,0.705263157894737,0.964658634538153,0.446487705206792,0.17225965626502,0.490171211160431,-0.030271575492314,0.0526315789473684,0.927710843373494,0.506587754526879,0.682517375298006,15.4900898933411
837,FALSE,0.910885647854577,0.731481763500417,0.752547030226168,0.568595013037991,0.550877192982456,0.95421686746988,0.517156344676953,0.20393979014149,0.490911012470936,-0.0253814783994416,0.0701754385964912,0.911646586345382,0.393729303177624,0.527541973358927,15.1586298942566
838,FALSE,0.877855280772212,0.703177426999717,0.732699217924329,0.539806703652848,0.508771929824561,0.956626506024096,0.518354118227295,0.19424494568716,0.506235468188544,0.0240730256536852,0.0526315789473684,0.959839357429719,0.359501162544917,0.508932481312557,15.6290221214294
839,FALSE,0.833495385048968,0.548136997732037,0.631896005072923,0.352346250471295,0.308771929824561,0.955020080321285,0.54428239272881,0.202794035508897,0.510462904248573,0.0287233681212977,0.105263157894737,0.91566265060241,0.289212992320158,0.34534296222314,15.7091901302338
840,FALSE,0.861466920312831,0.634847616109232,0.691946734305644,0.467836715844778,0.428070175438596,0.955823293172691,0.502148946663848,0.186642642284453,0.492179243288945,-0.0246387039171754,0.0526315789473684,0.931726907630522,0.359317973648983,0.448204973824779,12.2105460166931
841,FALSE,0.801324596632142,0.512048984107493,0.630691185795815,0.348090011652354,0.308771929824561,0.952610441767068,0.446417247939125,0.161206159747265,0.478123018389347,-0.0600579515263498,0.0526315789473684,0.903614457831325,0.354907348693017,0.350842824360228,12.2402999401093
842,FALSE,0.872669625871909,0.61852655269343,0.721813570069753,0.502268959220722,0.498245614035088,0.945381526104418,0.423730007750298,0.15674542584315,0.472098922003805,-0.0730588634575363,0.0526315789473684,0.891566265060241,0.448939618121611,0.46178112685028,11.9262948036194
843,FALSE,0.889762559007963,0.664850228197623,0.696956246036779,0.468271923997867,0.442105263157895,0.951807228915663,0.475727471288664,0.180936192918833,0.497674910166984,-0.00627921596862586,0.087719298245614,0.907630522088353,0.414035087719299,0.48391403527879,11.7481739521027
844,FALSE,0.891340801803707,0.675839856317082,0.738702177129571,0.523716127083337,0.536842105263158,0.940562248995984,0.422743606002958,0.157146396647119,0.466074825618263,-0.0851629883406443,0.0526315789473684,0.879518072289157,0.468597195800748,0.518693459669963,11.5987801551819
845,FALSE,0.859085464665681,0.582092784279643,0.668336503910378,0.423296169292056,0.382456140350877,0.95421686746988,0.48474600155006,0.169665917286898,0.461318960050729,-0.101286151611584,0.0350877192982456,0.887550200803213,0.374339463115621,0.412426866992745,12.297553062439
846,FALSE,0.929289086169239,0.79031253604914,0.80137391671951,0.654503280757638,0.642105263157895,0.960642570281125,0.444585358979778,0.16290961621522,0.469351088564785,-0.0855887062306753,0.0350877192982456,0.903614457831325,0.48470372718946,0.62740291983392,10.2223560810089
847,FALSE,0.950003522863383,0.83218965709528,0.791650813781442,0.641767903442343,0.621052631578947,0.962248995983936,0.489818924822096,0.170210210412036,0.477383217078842,-0.0681753562855982,0.0350877192982456,0.919678714859438,0.460184598041288,0.661979446683245,10.0161209106445
848,FALSE,0.883379130557317,0.748931657528694,0.758317480448108,0.591865745134763,0.554385964912281,0.962248995983936,0.560205735221588,0.248235202026811,0.546290424857324,0.111872960599407,0.192982456140351,0.899598393574297,0.323173395335729,0.500696455501883,9.41846394538879
849,FALSE,0.871373212146832,0.64672161317776,0.711794546607483,0.497583329362294,0.470175438596491,0.953413654618474,0.520186007186641,0.215726049819587,0.518495032762629,0.0546216815895608,0.105263157894737,0.931726907630522,0.351187204960192,0.430995563358173,8.36206984519958
850,FALSE,0.888550694004087,0.68943169443009,0.762967660114141,0.571498458667154,0.578947368421053,0.946987951807229,0.491862185584442,0.176021271140695,0.488163179031917,-0.0356805602990047,0.0526315789473684,0.923694779116466,0.396688508419645,0.513410423289395,8.47885799407959
851,FALSE,0.905291340801805,0.712101405759579,0.757260621433101,0.579314512816109,0.557894736842105,0.956626506024096,0.44430352990911,0.16165737487249,0.500422743606003,0.00107570670117017,0.105263157894737,0.895582329317269,0.460987810892694,0.550444030887089,8.71217918395996
852,FALSE,0.77056295356866,0.449402754874164,0.601120270555908,0.288182362197605,0.245614035087719,0.956626506024096,0.533150144437398,0.212120877411938,0.518495032762629,0.0546216815895608,0.105263157894737,0.931726907630522,0.237412809131263,0.237281877462226,11.2199311256409
853,FALSE,0.85267385330797,0.571837958867502,0.704164024519129,0.461374831003112,0.470175438596491,0.938152610441767,0.450433312196153,0.167799158501465,0.500422743606003,0.00107570670117017,0.105263157894737,0.895582329317269,0.402240541111817,0.404038800366037,10.9903898239136
854,FALSE,0.886141055449871,0.620160557695505,0.689135489325724,0.45324108434283,0.428070175438596,0.950200803212851,0.529486366518706,0.268444872938645,0.588670471359121,0.228822602297515,0.245614035087719,0.931726907630522,0.356654688931165,0.35171568475686,11.3932349681854
855,FALSE,0.850207848939618,0.558498675470425,0.695497780596068,0.456448250382402,0.445614035087719,0.945381526104418,0.429014302825337,0.155454398827758,0.478862819699852,-0.0537853350585084,0.0701754385964912,0.887550200803213,0.421193546114282,0.403044276642667,11.3470709323883
856,FALSE,0.801423236806877,0.438061035518356,0.586873811033608,0.2347210227795,0.231578947368421,0.942168674698795,0.5668287183823,0.213689739583533,0.508454872120059,0.0228335126131849,0.105263157894737,0.911646586345382,0.234594518424577,0.224371295934823,10.9734890460968
857,FALSE,0.789036849150989,0.460060277519934,0.592094694567745,0.263073362910892,0.231578947368421,0.952610441767068,0.543507362784471,0.209533642568962,0.49291904459945,-0.0201296299765371,0.0701754385964912,0.91566265060241,0.245529486366518,0.250526634950972,12.0715172290802
858,FALSE,0.838173747622068,0.531577517017879,0.65854998943141,0.378733133782818,0.378947368421053,0.938152610441767,0.520538293524977,0.181262023761742,0.4713591206933,-0.0814198466215159,0.0350877192982456,0.907630522088353,0.31763545409709,0.350315493256137,10.1708688735962
859,FALSE,0.917339533572888,0.757856293733835,0.76994292961319,0.600098442712944,0.582456140350877,0.957429718875502,0.587261326005779,0.232074785730854,0.532022828154724,0.0879109145530627,0.140350877192982,0.923694779116466,0.330078207567109,0.525781508002981,10.273472070694
860,FALSE,0.913055731698726,0.752623348551128,0.76577890509406,0.585793614075579,0.578947368421053,0.952610441767068,0.526315789473684,0.19898960841345,0.501690974424012,0.00472213551617519,0.087719298245614,0.91566265060241,0.386739942225042,0.553633740137679,8.33610510826111
861,FALSE,0.917677728457691,0.758172512236026,0.757662227858804,0.581751083657507,0.557894736842105,0.957429718875502,0.565701402099627,0.218388249888965,0.521242866201649,0.0583171413371802,0.12280701754386,0.919678714859438,0.351976326358064,0.539784262347061,8.33460593223572
862,FALSE,0.817755231452124,0.539376143958102,0.671591629676601,0.420447005165709,0.392982456140351,0.950200803212851,0.553089551187205,0.229162834737301,0.516487000634115,0.0477505718182872,0.105263157894737,0.927710843373494,0.264665680264919,0.310213309220801,8.36808514595032
863,FALSE,0.896385542168676,0.628846481842256,0.724519129148172,0.505738464493471,0.505263157894737,0.943775100401606,0.52096103713098,0.20440353019651,0.534030860283238,0.0950329772630257,0.140350877192982,0.927710843373494,0.375424505037695,0.424442951645746,8.57168102264404
864,FALSE,0.896498273796942,0.682705845764942,0.727478334390192,0.512735605330154,0.508771929824561,0.946184738955823,0.474177411399986,0.172559692162805,0.486155146903403,-0.0408882302184713,0.0526315789473684,0.919678714859438,0.422320862396956,0.510146153602138,8.5203959941864
865,FALSE,0.927795392094696,0.780272659632784,0.8000634115409,0.636391769025141,0.649122807017544,0.951004016064257,0.430352990911012,0.157772588189806,0.474106954132319,-0.068835322936273,0.0526315789473684,0.895582329317269,0.497442401183684,0.622500071442978,8.46733999252319
866,FALSE,0.857211301345734,0.639861646410992,0.716804058338618,0.499827928748975,0.48421052631579,0.949397590361446,0.4522652011555,0.177848611448016,0.490911012470936,-0.0253814783994416,0.0701754385964912,0.911646586345382,0.404946100190235,0.462013034962976,9.10156297683716
867,FALSE,0.759416613823716,0.424203025899076,0.608729655463961,0.287461871992188,0.273684210526316,0.943775100401606,0.564926372155288,0.244250504050579,0.526527161276686,0.0855933700250242,0.105263157894737,0.947791164658635,0.194490241668427,0.179952521848497,9.02940893173218
868,FALSE,0.871556401042769,0.628738829874131,0.710272669625872,0.459608223731238,0.491228070175439,0.929317269076305,0.446205876136123,0.163314426635429,0.486155146903403,-0.0408882302184713,0.0526315789473684,0.919678714859438,0.425350524906646,0.465424403238702,7.47121596336365
869,FALSE,0.717480448108222,0.369408542705933,0.555971253434792,0.211674307371952,0.136842105263158,0.975100401606426,0.55020080321285,0.243968606641433,0.500951173113507,0.00292950730570781,0.0701754385964912,0.931726907630522,0.167279644895372,0.125439936064501,7.83088088035583
870,FALSE,0.86462340590432,0.684829296137127,0.724878461213274,0.523756831826776,0.494736842105263,0.955020080321285,0.454872120059184,0.180462945507691,0.502430775734517,0.00627284845392473,0.105263157894737,0.899598393574297,0.409751285845136,0.504366350629436,7.42225503921509
871,FALSE,0.832227154230959,0.576941719834384,0.64147114774889,0.373973181321524,0.326315789473684,0.956626506024096,0.484534629747058,0.175375599986445,0.476854787571338,-0.0581018518585704,0.0701754385964912,0.883534136546185,0.3476925244839,0.401566119847939,7.51155090332031
872,FALSE,0.85464665680265,0.622932312817632,0.697653772986684,0.461341586170796,0.449122807017544,0.946184738955823,0.468540829986613,0.174692909878685,0.488163179031917,-0.0356805602990047,0.0526315789473684,0.923694779116466,0.386105826816038,0.448239402938947,8.08270287513733
873,FALSE,0.917311350665823,0.732929672307493,0.75861340097231,0.579514352306648,0.56140350877193,0.955823293172691,0.548580286056507,0.199348688386864,0.520503064891144,0.061803827660776,0.105263157894737,0.93574297188755,0.368731064609316,0.533580983920629,8.00880599021912
874,FALSE,0.968167406467977,0.894732709598674,0.860579158740224,0.758232069750931,0.750877192982456,0.970281124497992,0.557246529979567,0.21533826999051,0.522722468822659,0.054268224283714,0.157894736842105,0.887550200803213,0.41092087648841,0.679394439608164,7.99232196807861
875,FALSE,0.933234693158599,0.795430224112814,0.791101247093638,0.646549884966221,0.617543859649123,0.964658634538153,0.451137884872824,0.161471443834438,0.470830691185796,-0.0704952902407223,0.0701754385964912,0.8714859437751,0.482096808285775,0.633958780278377,7.8861231803894
876,FALSE,0.933911082928206,0.802462429091031,0.776410906785035,0.615173010167076,0.592982456140351,0.959839357429719,0.551046290424857,0.196380863485419,0.496935108856479,-0.00905159294912722,0.0701754385964912,0.923694779116466,0.382864792503348,0.606081565605613,7.44940710067749
877,FALSE,0.903036708236455,0.733894327431625,0.77860917353625,0.603019907244992,0.607017543859649,0.950200803212851,0.571056154442331,0.254771811700202,0.520503064891144,0.061803827660776,0.105263157894737,0.93574297188755,0.331980553794124,0.479122515731423,7.35039806365967
878,FALSE,0.946029732966956,0.851990715622657,0.844388078630311,0.733879510768151,0.719298245614035,0.969477911646586,0.581906573663075,0.220894369676933,0.506975269499049,0.0230831775701028,0.0701754385964912,0.943775100401606,0.364123159303882,0.631096345945723,7.46605110168457
879,FALSE,0.927527654477561,0.77667702195018,0.793997040794758,0.624530016550882,0.63859649122807,0.949397590361446,0.498907912351159,0.172873502392791,0.468822659057282,-0.0744610519241657,0.0701754385964912,0.867469879518072,0.428619742126402,0.603803519557389,7.59024310112
880,FALSE,0.778707813710984,0.501451323264703,0.627330374128091,0.333126437494793,0.305263157894737,0.949397590361446,0.514760797576269,0.19767758392028,0.516487000634115,0.0477505718182872,0.105263157894737,0.927710843373494,0.263947016134715,0.303773739344423,9.04566717147827
881,FALSE,0.885070104981329,0.689733623276064,0.715049672373705,0.497378520701526,0.480701754385965,0.949397590361446,0.456351722680194,0.160092228639167,0.46861128725428,-0.0966737410883576,0.0175438596491228,0.919678714859438,0.428718382301135,0.529641394636897,8.76065993309021
882,FALSE,0.883055027126049,0.673078014373184,0.704924963009934,0.480423458195855,0.459649122807018,0.950200803212851,0.567674205594307,0.229499436152289,0.518706404565631,0.0436786780174115,0.157894736842105,0.879518072289157,0.315380821531742,0.443578578220895,8.94130206108093
883,FALSE,0.748988938208976,0.413312046818113,0.598858592263792,0.270868525282408,0.249122807017544,0.94859437751004,0.4571972098922,0.172986548121799,0.499682942295498,-0.000870405094584779,0.087719298245614,0.911646586345382,0.291791728316776,0.240325498696314,9.17838001251221
884,FALSE,0.825928274501515,0.545117951644623,0.664870006341154,0.398470822710573,0.385964912280702,0.943775100401606,0.535052490664412,0.230928322872362,0.543331219615303,0.151568523434269,0.12280701754386,0.963855421686747,0.290875783837103,0.314189628772261,8.29731202125549
885,FALSE,0.88425280067639,0.68558442227476,0.743415768336504,0.533362398321649,0.543859649122807,0.942971887550201,0.484111886141056,0.178730890563196,0.506446839991545,0.0171385906086231,0.105263157894737,0.907630522088353,0.400140914535335,0.506853531711564,8.08321905136108
886,FALSE,0.951116747692524,0.853813504752211,0.817417036567322,0.685415656396941,0.670175438596491,0.964658634538153,0.470584090748961,0.190300896001422,0.514478968505601,0.0411605866684416,0.105263157894737,0.923694779116466,0.480532656943563,0.663512608750789,8.0151891708374
887,FALSE,0.891270344536039,0.680485875003933,0.74151342210949,0.536378655095605,0.536842105263158,0.946184738955823,0.509406045233566,0.2082741328864,0.525998731769182,0.0680775773127043,0.140350877192982,0.911646586345382,0.381864299302474,0.472211742117533,8.22604513168335
888,FALSE,0.912449799196788,0.701429478781628,0.734855210314944,0.544537635679209,0.512280701754386,0.957429718875502,0.445642217994786,0.158211826304945,0.488902980342422,-0.0304641783104673,0.0701754385964912,0.907630522088353,0.466807581202003,0.543217652476683,7.82448410987854
889,FALSE,0.920594659339111,0.759948576381626,0.76292538575354,0.589381321879953,0.568421052631579,0.957429718875502,0.436694145001058,0.157710443633702,0.482139082646375,-0.0507747382990265,0.0526315789473684,0.911646586345382,0.483900514338054,0.602238132747924,7.79547190666199
890,FALSE,0.797703093074051,0.464751274342744,0.629676601141408,0.318517737649376,0.32280701754386,0.936546184738956,0.554921440146552,0.214873974434003,0.510991333756077,0.0384466498467413,0.0701754385964912,0.951807228915663,0.242781652927499,0.249877299908741,7.75405788421631
891,FALSE,0.851941097724231,0.589467231725157,0.676601141407736,0.425292501676739,0.407017543859649,0.946184738955823,0.49566687803847,0.217398172946902,0.523462270133164,0.0530897303068018,0.175438596491228,0.8714859437751,0.356274219685761,0.372069058778255,8.1618390083313
892,FALSE,0.802705559078419,0.47341763239113,0.602113718030015,0.274067724083426,0.259649122807018,0.944578313253012,0.508137814415557,0.194921510429083,0.490171211160431,-0.030271575492314,0.0526315789473684,0.927710843373494,0.294567744662863,0.278496121962047,8.64290404319763
893,FALSE,0.902078489396182,0.746981238030204,0.769689283449588,0.593074982099004,0.585964912280702,0.953413654618474,0.455999436341859,0.171112495231012,0.513210737687593,0.0340915676843736,0.12280701754386,0.903614457831325,0.446079053054323,0.575868742799192,8.37098908424377
894,FALSE,0.939279926724442,0.806223409883249,0.820566476432044,0.671122539141478,0.687719298245614,0.953413654618474,0.536179806947087,0.199756975930144,0.498943140984993,-0.00318576431241113,0.0701754385964912,0.927710843373494,0.403100119777355,0.606466433953105,7.93531394004822
895,FALSE,0.928288592968365,0.784720101192846,0.796364404988375,0.654696620688052,0.628070175438596,0.964658634538153,0.500457972239837,0.207523938758045,0.504438807863031,0.011623001004608,0.105263157894737,0.903614457831325,0.427830620728528,0.577196162434801,8.49232006072998
896,FALSE,0.893257239484255,0.65395773352205,0.726125554850983,0.51187495981401,0.505263157894737,0.946987951807229,0.553441837525541,0.197892570604005,0.484886916085394,-0.040177351754641,0.0701754385964912,0.899598393574297,0.339815401958714,0.456065162918045,8.6228039264679
897,FALSE,0.868907207778483,0.605560153333723,0.689325723948425,0.432622687554239,0.442105263157895,0.936546184738956,0.559078418938914,0.235391123753354,0.518495032762629,0.0546216815895608,0.105263157894737,0.931726907630522,0.309828788839569,0.37016902958037,8.43728685379028
898,FALSE,0.80085957866554,0.481718147735755,0.630775734517015,0.317108511352294,0.329824561403509,0.931726907630522,0.515958571126611,0.183873863579663,0.493447474106954,-0.0244185796745065,0.0350877192982456,0.951807228915663,0.284901007538929,0.297844284156092,8.39155912399292
899,FALSE,0.891030789825972,0.690687311323019,0.724772775311773,0.510221694323888,0.501754385964912,0.947791164658635,0.514972169379272,0.205403785168411,0.543542591418305,0.110797790220527,0.175438596491228,0.911646586345382,0.3760586204467,0.485283526154608,8.97017502784729
900,FALSE,0.832607623476362,0.528529723763238,0.653138871274572,0.372325338292942,0.364912280701754,0.94136546184739,0.467272599168604,0.185446820020007,0.511731135066582,0.0361305901037296,0.087719298245614,0.93574297188755,0.365335024307758,0.343082903743231,17.9261209964752
901,FALSE,0.899499753399565,0.695215492248381,0.778714859437751,0.614385324388104,0.6,0.957429718875502,0.509758331571901,0.179371435887802,0.483407313464384,-0.0535384824459315,0.0350877192982456,0.931726907630522,0.389741421827664,0.515844056360579,18.1539211273193
902,FALSE,0.862002395547101,0.614770705992374,0.682413865990277,0.431387103396071,0.421052631578947,0.943775100401606,0.491580356513774,0.180416728549565,0.47283872331431,-0.0664505544645704,0.0701754385964912,0.875502008032129,0.370422039033327,0.434353977442809,17.704432964325
903,FALSE,0.853927992672444,0.616984949907132,0.678059606848446,0.436930623503788,0.403508771929825,0.952610441767068,0.462481504967238,0.17996232334604,0.492390615091947,-0.018390075714971,0.105263157894737,0.879518072289157,0.391446487705207,0.437022626561092,18.0424749851227
904,FALSE,0.872176424998239,0.652619161874369,0.692200380469245,0.475201175292437,0.424561403508772,0.959839357429719,0.535475234270414,0.233907141117739,0.544810822236314,0.125136591178643,0.157894736842105,0.931726907630522,0.336701190727825,0.41871202075663,9.88241505622864
905,FALSE,0.921496512365253,0.734100379891863,0.756859015007398,0.576683217913696,0.557894736842105,0.955823293172691,0.513422109490594,0.223427515671062,0.526527161276686,0.0855933700250242,0.105263157894737,0.947791164658635,0.408074402874659,0.510672864220801,9.73075604438782
906,FALSE,0.960304375396322,0.884860560273369,0.848953709575143,0.751181102199344,0.72280701754386,0.975100401606426,0.51377439582893,0.216876778682671,0.511202705559078,0.0285062275810095,0.12280701754386,0.899598393574297,0.446529979567393,0.667983781590698,9.13319492340088
907,FALSE,0.912900725709857,0.719797715918938,0.760705981822025,0.55622987765443,0.582456140350877,0.938955823293173,0.533431973508067,0.205824605816672,0.512470936377087,0.034825749431792,0.105263157894737,0.919678714859438,0.37946875220179,0.513973110102266,8.74845814704895
908,FALSE,0.84947509335588,0.586886863726125,0.67865144789685,0.418522864423511,0.417543859649123,0.939759036144578,0.500810258578173,0.193695502417106,0.541006129782287,0.0909994767303344,0.210526315789474,0.8714859437751,0.348664834777708,0.393191361309019,10.2592399120331
909,FALSE,0.935602057352216,0.799046536373044,0.80422743606003,0.650315454898148,0.652631578947368,0.955823293172691,0.555837384626224,0.226643547019199,0.514478968505601,0.0411605866684416,0.105263157894737,0.923694779116466,0.379764672725992,0.572402989353846,9.29457402229309
910,FALSE,0.834453603889241,0.595978771674565,0.689494821390826,0.474495237255395,0.417543859649123,0.96144578313253,0.484393715211723,0.177802731085843,0.490911012470936,-0.0253814783994416,0.0701754385964912,0.911646586345382,0.350059888677518,0.418176040588722,9.7684919834137
911,FALSE,0.921200591841048,0.762781345304855,0.767786937222574,0.595159126213482,0.578947368421053,0.956626506024096,0.534841118861411,0.205291648768184,0.513210737687593,0.0340915676843736,0.12280701754386,0.903614457831325,0.386359472979637,0.557489696536671,9.94069314002991
912,FALSE,0.897625590079617,0.720220302401581,0.763770872965546,0.575077028151634,0.578947368421053,0.94859437751004,0.553794123863876,0.23239458393005,0.538786725850771,0.103112504153519,0.157894736842105,0.919678714859438,0.343831466215741,0.487825718471531,11.5537979602814
913,FALSE,0.743732826041006,0.40742387807841,0.567638976960473,0.211184050169115,0.175438596491228,0.959839357429719,0.483548227999718,0.170041521622147,0.463855421686747,-0.119612829226896,0,0.927710843373494,0.260184598041288,0.237382356456264,11.3768951892853
914,FALSE,0.84224617769323,0.592223835981423,0.68998097653773,0.442650779747749,0.43859649122807,0.94136546184739,0.554287324737547,0.208516206953249,0.500951173113507,0.00292950730570781,0.0701754385964912,0.931726907630522,0.287958852955683,0.383707629028174,11.0463469028473
915,FALSE,0.85612625942366,0.550306139050766,0.666370746142465,0.397819489065611,0.392982456140351,0.939759036144578,0.579933770168392,0.208193634494822,0.484886916085394,-0.040177351754641,0.0701754385964912,0.899598393574297,0.276192489255268,0.342112504555943,11.6384041309357
916,FALSE,0.861819206651167,0.64656958995879,0.704481082223631,0.49742146553192,0.449122807017544,0.959839357429719,0.542380046501796,0.21207749156695,0.502430775734517,0.00627284845392473,0.105263157894737,0.899598393574297,0.319439160149371,0.434492098391839,10.3257009983063
917,FALSE,0.8428239272881,0.62642674390041,0.687486789262312,0.463045948975629,0.417543859649123,0.957429718875502,0.396322130627774,0.151409670799486,0.470090889875291,-0.0771833092374217,0.0526315789473684,0.887550200803213,0.446501796660327,0.475017073100924,10.254369020462
918,FALSE,0.935094765025012,0.784483215678009,0.751743817374762,0.564007557580912,0.550877192982456,0.952610441767068,0.495455506235469,0.204448586651177,0.498943140984993,-0.00318576431241113,0.0701754385964912,0.927710843373494,0.439639258789544,0.580034629026831,9.98263597488403
919,FALSE,0.779581483830057,0.444081358039141,0.592094694567745,0.263694426674583,0.231578947368421,0.952610441767068,0.484886916085395,0.188879924712389,0.503699006552526,0.0105154783459522,0.087719298245614,0.919678714859438,0.294694567744663,0.255201433326752,9.5854959487915
920,FALSE,0.850982878883958,0.552177364459852,0.677298668357641,0.416364062627737,0.414035087719298,0.940562248995984,0.475022898611991,0.172220837892527,0.484886916085394,-0.040177351754641,0.0701754385964912,0.899598393574297,0.375959980271967,0.379956526567325,9.1293568611145
921,FALSE,0.904882688649336,0.704452292170155,0.753794123863877,0.557553584866335,0.56140350877193,0.946184738955823,0.588106813217784,0.241432133948453,0.515218769816106,0.0398502891586561,0.12280701754386,0.907630522088353,0.316775875431552,0.463020158221702,8.8921971321106
922,FALSE,0.760290283942789,0.408338032490204,0.586176284083703,0.240316878996605,0.224561403508772,0.947791164658635,0.536602550553089,0.205970177538707,0.496195307545973,-0.012590824129147,0.0526315789473684,0.939759036144578,0.223687733389699,0.202367854951497,8.86471509933472
923,FALSE,0.94621292186289,0.832816811652612,0.805833861762841,0.659012762513645,0.652631578947368,0.959036144578313,0.576622278588037,0.235225298346115,0.532022828154724,0.0879109145530627,0.140350877192982,0.923694779116466,0.369590643274854,0.597591513306497,8.60739493370056
924,FALSE,0.709251039244698,0.321652400342798,0.515472415979708,0.06753204357344,0.0526315789473684,0.978313253012048,0.433805397026703,0.17100992024277,0.474635383639822,-0.0839388275276465,0.0175438596491228,0.931726907630522,0.275445642217995,0.150642480100029,9.45200300216675
925,FALSE,0.894652293384063,0.644108360278832,0.711139294018178,0.488954026986673,0.473684210526316,0.94859437751004,0.525893045867682,0.199193653217897,0.516487000634115,0.0477505718182872,0.105263157894737,0.927710843373494,0.36875924751638,0.444914707060935,9.10842108726501
926,FALSE,0.823856830832101,0.520336989673252,0.647579792855633,0.372751084690369,0.347368421052632,0.947791164658635,0.565842316634961,0.216854163053382,0.49566687803847,-0.011519380573009,0.087719298245614,0.903614457831325,0.25801451419714,0.30348282661987,8.9579291343689
927,FALSE,0.790150073980131,0.461485779120914,0.593151553582752,0.274633231157561,0.228070175438596,0.958232931726908,0.548791657859508,0.232651079494494,0.537307123229761,0.120376333142763,0.12280701754386,0.951807228915663,0.241358416120623,0.22883469962642,9.26532292366028
928,FALSE,0.908616923835693,0.763975504397669,0.798013105051786,0.643895387832447,0.63859649122807,0.957429718875502,0.50806735714789,0.181523050072666,0.486894948213908,-0.0353919445504367,0.0701754385964912,0.903614457831325,0.400549566687803,0.582452454325003,9.83245706558228
929,FALSE,0.833354470513634,0.63444652455102,0.69720989220038,0.478098335610192,0.43859649122807,0.955823293172691,0.36341858662721,0.143885365704522,0.490911012470936,-0.0253814783994416,0.0701754385964912,0.911646586345382,0.469935883886424,0.490561158846497,9.71802091598511
930,FALSE,0.918748678926232,0.735692882508852,0.757302895793701,0.562692624726375,0.568421052631579,0.946184738955823,0.495807792573804,0.189807830543647,0.517966603255126,0.0445152856122352,0.140350877192982,0.895582329317269,0.422940886352428,0.545885051965205,9.48449897766113
931,FALSE,0.800465017966603,0.521107173799227,0.639716761783978,0.37134776885037,0.32280701754386,0.956626506024096,0.457760868033537,0.161679698913712,0.46861128725428,-0.0966737410883576,0.0175438596491228,0.919678714859438,0.342704149933067,0.359427474885515,10.6272060871124
932,FALSE,0.86606073416473,0.628053479674475,0.68006763897696,0.445562890417214,0.403508771929825,0.956626506024096,0.516522229267949,0.181748940935631,0.491650813781442,-0.0215458707765241,0.087719298245614,0.895582329317269,0.349538504896781,0.446304538738844,10.4009220600128
933,FALSE,0.822546325653491,0.513830754337668,0.630881420418516,0.325958144793868,0.32280701754386,0.938955823293173,0.535263862467413,0.196841365539039,0.511942506869584,0.028522369042138,0.140350877192982,0.883534136546185,0.287282463186078,0.316989388798629,10.4634289741516
934,FALSE,0.868315366730079,0.648145102251713,0.690636229127034,0.44927385010592,0.435087719298246,0.946184738955823,0.505319523708871,0.19322318746625,0.491650813781442,-0.0215458707765241,0.087719298245614,0.895582329317269,0.362995843021208,0.454921914785462,10.4659929275513
935,FALSE,0.830395265271613,0.555838827051653,0.629887972944409,0.341865063568941,0.308771929824561,0.951004016064257,0.544634679067146,0.201407561309091,0.501690974424012,0.00472213551617519,0.087719298245614,0.91566265060241,0.285760586204468,0.354431265742562,10.290540933609
936,FALSE,0.913901218910732,0.721940905207211,0.756203762418094,0.567730995715153,0.56140350877193,0.951004016064257,0.505671810047207,0.209576257769458,0.53001479602621,0.0810589697768066,0.140350877192982,0.919678714859438,0.408229408863526,0.512364647437753,12.0845148563385
937,FALSE,0.857774959487072,0.688560886665033,0.753603889241175,0.578796504686967,0.547368421052632,0.959839357429719,0.511308391460579,0.191455901825924,0.50570703868104,0.0165290440909456,0.087719298245614,0.923694779116466,0.346466568026492,0.497104984839109,12.3173549175262
938,FALSE,0.77753822306771,0.485567032775577,0.634601564151342,0.359327116555044,0.31578947368421,0.953413654618474,0.513422109490594,0.218494536768595,0.536038892411752,0.10245080331342,0.140350877192982,0.931726907630522,0.264116113577116,0.267072496006982,12.494215965271
939,FALSE,0.910166983724372,0.741503573164421,0.754850982878884,0.567075428771306,0.557894736842105,0.951807228915663,0.524342985979004,0.192238589519344,0.488163179031917,-0.0356805602990047,0.0526315789473684,0.923694779116466,0.385823997745369,0.549264983645077,12.9775080680847
940,FALSE,0.864524765729586,0.627101455233538,0.67996195307546,0.434448054809554,0.410526315789474,0.949397590361446,0.498414711477489,0.190271532143877,0.501690974424012,0.00472213551617519,0.087719298245614,0.91566265060241,0.366110054252097,0.436829923089661,11.3686661720276
941,FALSE,0.881504967237371,0.693110242831779,0.725575988163179,0.514604773359202,0.501754385964912,0.949397590361446,0.533079687169731,0.19101010563338,0.474106954132319,-0.068835322936273,0.0526315789473684,0.895582329317269,0.34842528006764,0.502100137198398,10.8856308460236
942,FALSE,0.834664975692243,0.549400389557439,0.679306700486155,0.42635046763844,0.414035087719298,0.944578313253012,0.510956105122243,0.230819680717604,0.513739167195096,0.0432842095842271,0.087719298245614,0.939759036144578,0.32370887057,0.318580708839834,10.7996180057526
943,FALSE,0.966969632917635,0.886039302387252,0.863284717818643,0.759050216041988,0.757894736842105,0.968674698795181,0.548368914253504,0.205916199135829,0.508454872120059,0.0228335126131849,0.105263157894737,0.911646586345382,0.418600718664131,0.680123103251423,11.6432399749756
944,FALSE,0.909293313605299,0.741113969208836,0.756457408581695,0.575502079227655,0.557894736842105,0.955020080321285,0.482350454449376,0.173339614637348,0.479391249207356,-0.0634726582903358,0.0350877192982456,0.923694779116466,0.426942859155923,0.567774354571488,20.4435131549835
945,FALSE,0.954766434157683,0.816599268875597,0.827985626717396,0.683345626635036,0.701754385964912,0.954216867469879,0.634185866272105,0.330772520242026,0.548298456985838,0.118163048211318,0.192982456140351,0.903614457831325,0.320580567885577,0.485826748633571,20.5467028617859
946,FALSE,0.820193052913409,0.535217491491349,0.64992601986895,0.358494776522754,0.364912280701754,0.934939759036145,0.574367646022687,0.208367809616294,0.502430775734517,0.00627284845392473,0.105263157894737,0.899598393574297,0.245825406890722,0.326849681875056,20.2911758422852
947,FALSE,0.898527443105757,0.725289730249243,0.752547030226168,0.567858806902206,0.550877192982456,0.95421686746988,0.457267667159867,0.182798789857219,0.512470936377087,0.034825749431792,0.105263157894737,0.919678714859438,0.44125977594589,0.542490940392025,19.5449669361115
948,FALSE,0.945888818431622,0.826123387132378,0.812048192771084,0.664955455520284,0.666666666666667,0.957429718875502,0.542873247375467,0.218678168239355,0.517226801944621,0.0457965617902551,0.12280701754386,0.911646586345382,0.403015571056155,0.607445218893023,14.6195569038391
949,FALSE,0.856999929542733,0.606377290159834,0.710885647854576,0.48384113471506,0.47719298245614,0.944578313253012,0.431480307193687,0.16076317380999,0.4713591206933,-0.0814198466215159,0.0350877192982456,0.907630522088353,0.425519622349045,0.445614116349844,14.6047191619873
950,FALSE,0.890791235115904,0.642500639516591,0.725977594588882,0.516019715485085,0.501754385964912,0.950200803212851,0.570422039033327,0.208198973740737,0.488163179031917,-0.0356805602990047,0.0526315789473684,0.923694779116466,0.320369196082577,0.434301665775854,14.607549905777
951,FALSE,0.931642358909322,0.788711384270791,0.797505812724583,0.630040982145414,0.645614035087719,0.949397590361446,0.513140280419925,0.187487232209287,0.496406679348975,-0.00890305712244703,0.105263157894737,0.887550200803213,0.418502078489398,0.601224152061504,13.2380352020264
952,FALSE,0.717339533572888,0.3584562980766,0.536715282181357,0.134403814550979,0.108771929824561,0.964658634538153,0.528429507503699,0.189540354260668,0.496935108856479,-0.00905159294912722,0.0701754385964912,0.923694779116466,0.188910026069189,0.168915943815932,12.6799070835114
953,FALSE,0.794772070739097,0.443833076985215,0.566138237159163,0.221282165372896,0.168421052631579,0.963855421686747,0.459663214260551,0.160220907699957,0.453286831536673,-0.115739742591811,0.0350877192982456,0.8714859437751,0.335108856478546,0.283612169285259,12.5642151832581
954,FALSE,0.852913408018038,0.635668028564742,0.702071443669415,0.483397721592533,0.449122807017544,0.955020080321285,0.47185232156697,0.2366653138521,0.521242866201649,0.0583171413371802,0.12280701754386,0.919678714859438,0.381061086451068,0.399002714712641,12.0196580886841
955,FALSE,0.891087155640106,0.671637567065461,0.72141196364405,0.499798699049445,0.498245614035088,0.944578313253012,0.46241104769957,0.177988863413875,0.503699006552526,0.0105154783459522,0.087719298245614,0.919678714859438,0.428676107940536,0.493648703651586,11.5718419551849
956,FALSE,0.80238145564715,0.541417509771037,0.666730078207567,0.413786867453733,0.382456140350877,0.951004016064257,0.537659409568097,0.197132396015088,0.486894948213908,-0.0353919445504367,0.0701754385964912,0.903614457831325,0.264722046079053,0.34428511375595,13.5045390129089
957,FALSE,0.843951243570775,0.605463844801528,0.683174804481082,0.451805047725397,0.410526315789474,0.955823293172691,0.445430846191785,0.16091845719283,0.465863453815261,-0.116041489195638,0,0.931726907630522,0.39852039737899,0.444545387608697,13.4345831871033
958,FALSE,0.839117875008807,0.5624890721425,0.670725005284295,0.392075425168987,0.410526315789474,0.930923694779117,0.528429507503699,0.215786721461953,0.525258930458677,0.071805694990931,0.12280701754386,0.927710843373494,0.310688367505108,0.346702350680547,13.6209769248962
959,FALSE,0.784471218206157,0.473625206005752,0.638110336081167,0.362076293537882,0.32280701754386,0.953413654618474,0.550975833157191,0.196493308922526,0.490171211160431,-0.030271575492314,0.0526315789473684,0.927710843373494,0.233495385048966,0.277131897083225,14.0553278923035
960,FALSE,0.887803846966816,0.663531367224242,0.699260198689495,0.46971012975369,0.449122807017544,0.949397590361446,0.477418445712675,0.177168668975698,0.490911012470936,-0.0253814783994416,0.0701754385964912,0.911646586345382,0.410385401254141,0.486362698248544,15.2657408714294
961,FALSE,0.914648065948003,0.769935281225066,0.780765165926865,0.607155712735474,0.610526315789474,0.951004016064257,0.483830057070387,0.17657730292372,0.48139928133587,-0.0586001606678767,0.0350877192982456,0.927710843373494,0.430818008877616,0.593357978301346,14.7234721183777
962,FALSE,0.935827520608752,0.81600485857021,0.82136968928345,0.674584981265179,0.687719298245614,0.955020080321285,0.448742337772141,0.183350880952107,0.486894948213908,-0.0353919445504367,0.0701754385964912,0.903614457831325,0.48708518283661,0.632653977618102,14.3703999519348
963,FALSE,0.918678221658564,0.705689232089359,0.736651870640457,0.529200167874003,0.526315789473684,0.946987951807229,0.42295497780596,0.151999852424143,0.477383217078842,-0.0681753562855982,0.0350877192982456,0.919678714859438,0.495723243852603,0.553689379665216,15.0349559783936
964,FALSE,0.763559501162545,0.491344551756672,0.620164870006341,0.322424097322301,0.287719298245614,0.952610441767068,0.490805326569436,0.192164081671364,0.535510462904249,0.0858203533365315,0.175438596491228,0.895582329317269,0.272754174593109,0.299180470085308,11.5030100345612
965,FALSE,0.917579088282958,0.758617359120646,0.749841471147749,0.565879684728573,0.543859649122807,0.955823293172691,0.50708095540055,0.20052520763164,0.534770661593743,0.0897290061452712,0.157894736842105,0.911646586345382,0.410498132882408,0.558092151489006,11.3658640384674
966,FALSE,0.888705699992956,0.689976991960673,0.719255971253435,0.49572421384752,0.494736842105263,0.943775100401606,0.582047488198408,0.272537411431398,0.535510462904249,0.0858203533365315,0.175438596491228,0.895582329317269,0.306658211794548,0.417439580529274,11.200954914093
967,FALSE,0.9237934192912,0.759780909187396,0.79710420629888,0.626779347262608,0.645614035087719,0.94859437751004,0.490030296625097,0.181534610600437,0.502959205242021,0.00932275283352584,0.0701754385964912,0.93574297188755,0.433763122666104,0.578246298586959,10.9228150844574
968,FALSE,0.828591559219334,0.547851084978383,0.656203762418093,0.39452216238427,0.36140350877193,0.951004016064257,0.554850982878885,0.207008503796302,0.497674910166984,-0.00627921596862586,0.087719298245614,0.907630522088353,0.273740576340449,0.340842581182081,12.2653000354767
969,FALSE,0.904051292890862,0.724635995595095,0.735299091101247,0.529668090768018,0.52280701754386,0.947791164658635,0.477841189318678,0.177261816027331,0.503170577045022,0.0076625315479046,0.12280701754386,0.883534136546185,0.426210103572184,0.547374179567764,11.7216379642487
970,FALSE,0.79761854435285,0.50459431704243,0.635404777002748,0.361492849103423,0.31578947368421,0.955020080321285,0.495314591700134,0.187634565365751,0.517226801944621,0.0457965617902551,0.12280701754386,0.911646586345382,0.302303952652716,0.316959751676678,12.0555820465088
971,FALSE,0.864609314450786,0.617199849901644,0.691185795814838,0.44664260803186,0.43859649122807,0.943775100401606,0.487423377721411,0.180599581026414,0.501690974424012,0.00472213551617519,0.087719298245614,0.91566265060241,0.377185936729375,0.436600268875229,11.9095170497894
972,FALSE,0.871443669414501,0.639902319075736,0.726971042062989,0.49987186113045,0.51578947368421,0.938152610441767,0.534277460720072,0.233794696750545,0.509194673430564,0.0230815575876512,0.12280701754386,0.895582329317269,0.337166208694429,0.406107622325191,10.243467092514
973,FALSE,0.877446628619743,0.640303346731879,0.741006129782287,0.523604789217168,0.543859649122807,0.938152610441767,0.491298527443105,0.191030754564235,0.515218769816106,0.0398502891586561,0.12280701754386,0.907630522088353,0.386148101176637,0.449272592167644,10.5230329036713
974,FALSE,0.916564503628551,0.734660238007504,0.805030648911435,0.654322070063391,0.652631578947368,0.957429718875502,0.452194743887831,0.16432056276734,0.460579158740224,-0.112064954944005,0.0175438596491228,0.903614457831325,0.46436975974072,0.570339675240164,10.4879369735718
975,FALSE,0.929021348552105,0.79053683460594,0.812555485098288,0.680474288844099,0.659649122807017,0.965461847389558,0.439230606637074,0.16117261428722,0.48139928133587,-0.0586001606678767,0.0350877192982456,0.927710843373494,0.489790741915031,0.62936422031872,10.2895810604095
976,FALSE,0.84614951032199,0.582411665775362,0.705516804058339,0.462906954139059,0.473684210526316,0.937349397590362,0.432537166208694,0.163756212155787,0.491650813781442,-0.0215458707765241,0.087719298245614,0.895582329317269,0.413612344113296,0.418655453619575,10.8787319660187
977,FALSE,0.912886634256324,0.71343101692192,0.716761783978017,0.518897687478239,0.473684210526316,0.959839357429719,0.477841189318678,0.178859209743581,0.501690974424012,0.00472213551617519,0.087719298245614,0.91566265060241,0.435045444937646,0.53457180717834,11.400456905365
978,FALSE,0.851433805397027,0.584757835921139,0.709427182413866,0.469358542828294,0.480701754385965,0.938152610441767,0.429859790037342,0.154466878461318,0.468082857746777,-0.0812158559383477,0.0526315789473684,0.883534136546185,0.421574015359685,0.430290957459821,11.4455139636993
979,FALSE,0.797844007609385,0.44840371152557,0.600866624392306,0.28309617545061,0.249122807017544,0.952610441767068,0.477841189318678,0.186655770650093,0.507715070809554,0.0227850443202168,0.087719298245614,0.927710843373494,0.320002818290707,0.261747940875476,11.5467309951782
980,FALSE,0.949284858733179,0.82453747642669,0.819425068695836,0.696993955840283,0.670175438596491,0.968674698795181,0.528711336574367,0.218968488783241,0.509194673430564,0.0230815575876512,0.12280701754386,0.895582329317269,0.420573522158812,0.605568987643449,11.590968132019
981,FALSE,0.957232438526034,0.859025590510758,0.83851194250687,0.698880203536441,0.72280701754386,0.954216867469879,0.495385048967801,0.176626388292644,0.486894948213908,-0.0353919445504367,0.0701754385964912,0.903614457831325,0.461847389558233,0.682399202218114,11.232038974762
982,FALSE,0.823095892341295,0.507500147570597,0.629634326780807,0.33346851897115,0.312280701754386,0.946987951807229,0.555414641020221,0.196447193074183,0.480131050517861,-0.0554850923150585,0.0526315789473684,0.907630522088353,0.267681251321075,0.311052954496415,11.3672568798065
983,FALSE,0.851800183188896,0.603868171711058,0.680109913337561,0.43068647399622,0.414035087719298,0.946184738955823,0.497710138800817,0.186931901345259,0.499682942295498,-0.000870405094584779,0.087719298245614,0.911646586345382,0.354090044388079,0.416936270365798,11.7550148963928
984,FALSE,0.722511097019658,0.371105862770088,0.567025998731769,0.191700145788483,0.189473684210526,0.944578313253012,0.467413513703939,0.163781853289619,0.468082857746777,-0.0812158559383477,0.0526315789473684,0.883534136546185,0.255097583315719,0.207324009480468,11.3706591129303
985,FALSE,0.832607623476362,0.564457121411861,0.655907841893891,0.40483816053993,0.354385964912281,0.957429718875502,0.470936377087297,0.221291539153086,0.516487000634115,0.0477505718182872,0.105263157894737,0.927710843373494,0.361671246389066,0.343165582258774,11.5539801120758
986,FALSE,0.904065384344396,0.72574757201126,0.742062988797294,0.535302726447262,0.540350877192982,0.943775100401606,0.477277531177341,0.178009335615406,0.482139082646375,-0.0507747382990265,0.0526315789473684,0.911646586345382,0.426787853167055,0.547738236395854,11.3230929374695
987,FALSE,0.962291270344537,0.882443237359206,0.834664975692243,0.723160147786176,0.698245614035088,0.971084337349398,0.535757063341083,0.224323658427174,0.538786725850771,0.103112504153519,0.157894736842105,0.919678714859438,0.426534207003454,0.658119578932031,11.4965388774872
988,FALSE,0.809215810610865,0.480011030102316,0.620101458465441,0.29863922223659,0.305263157894737,0.934939759036145,0.540689072077784,0.204704752597417,0.498414711477489,-0.00397957889442263,0.105263157894737,0.891566265060241,0.26852673853308,0.275306277504899,10.4826381206512
989,FALSE,0.930430493905446,0.75830380934806,0.753646163601775,0.56191919129617,0.557894736842105,0.949397590361446,0.445571760727118,0.162287858664724,0.470090889875291,-0.0771833092374217,0.0526315789473684,0.887550200803213,0.484858733178328,0.596015950683336,9.70759296417236
990,FALSE,0.741520467836257,0.408759118884098,0.591989008666244,0.251431903756952,0.23859649122807,0.945381526104418,0.582470231804411,0.282261393407663,0.538046924540266,0.110193627272971,0.140350877192982,0.93574297188755,0.159050236031846,0.126497725476435,10.2606580257416
991,FALSE,0.920481927710844,0.75237746059819,0.771697315578102,0.60309610268893,0.585964912280702,0.957429718875502,0.490593954766434,0.21096331878552,0.529274994715705,0.0864583188589049,0.12280701754386,0.93574297188755,0.42988797294441,0.541414141812669,10.2207870483398
992,FALSE,0.920284647361375,0.73367972826777,0.774889029803424,0.574714181440009,0.614035087719298,0.93574297188755,0.507644613541887,0.217875863185386,0.51574719932361,0.0508104069072853,0.087719298245614,0.943775100401606,0.412640033819488,0.515803865082384,9.99037003517151
993,FALSE,0.896512365250477,0.716185986919624,0.74432466708941,0.550731288527778,0.536842105263158,0.951807228915663,0.505742267314874,0.190437983963208,0.498203339674487,-0.00610744679977041,0.0526315789473684,0.943775100401606,0.390770097935603,0.525748002956417,9.76505208015442
994,FALSE,0.899711125202565,0.713149174844656,0.749439864722046,0.563510265762387,0.543859649122807,0.955020080321285,0.469949975339957,0.195425283331221,0.488163179031917,-0.0356805602990047,0.0526315789473684,0.923694779116466,0.429761149862609,0.517723891513435,10.1202499866486
995,FALSE,0.875502008032129,0.674637112934031,0.736609596279856,0.546650101968266,0.515789473684211,0.957429718875502,0.496019164376805,0.179777663680258,0.496935108856479,-0.00905159294912722,0.0701754385964912,0.923694779116466,0.379482843655324,0.494859449253773,12.3505170345306
996,FALSE,0.890720777848236,0.692948966072989,0.748890298034242,0.566509056060288,0.540350877192982,0.957429718875502,0.479461706475023,0.180494659856725,0.496935108856479,-0.00905159294912722,0.0701754385964912,0.923694779116466,0.411259071373213,0.512454306216265,10.8049890995026
997,FALSE,0.83608821249912,0.533713136952244,0.660705981822025,0.385939896176241,0.382456140350877,0.938955823293173,0.524061156908336,0.194999462804364,0.514478968505601,0.0411605866684416,0.105263157894737,0.923694779116466,0.312027055590784,0.33871367414788,10.9617159366608
998,FALSE,0.937518495032764,0.810924012420752,0.797505812724583,0.62947607042801,0.645614035087719,0.949397590361446,0.497851053336152,0.177866029679589,0.468082857746777,-0.0812158559383477,0.0526315789473684,0.883534136546185,0.439667441696612,0.633057982741162,10.7576639652252
999,FALSE,0.8761220319876,0.549460076818828,0.639103783555274,0.345111919891624,0.336842105263158,0.94136546184739,0.565208201225957,0.221673132197336,0.497674910166984,-0.00627921596862586,0.087719298245614,0.907630522088353,0.310913830761643,0.327786944621492,9.56067395210266
1000,FALSE,0.897329669555414,0.632155993650442,0.708285774677658,0.492129845876265,0.463157894736842,0.953413654618474,0.485591488762066,0.184720077602077,0.500422743606003,0.00107570670117017,0.105263157894737,0.895582329317269,0.411738180793349,0.447435916048364,5.9901750087738
